shift,direction,item,power
1.0,easier,VR.04,0.175
1.0,easier,VR.09,0.02
1.0,easier,VR.11,0.0
1.0,easier,VR.13,0.005
1.0,easier,VR.14,0.145
1.0,easier,VR.16,0.11
1.0,easier,VR.17,0.165
1.0,easier,VR.18,0.0
1.0,easier,VR.19,0.085
1.0,easier,VR.23,0.015
1.0,easier,VR.26,0.015
1.0,easier,VR.31,0.0
1.0,easier,VR.32,0.045
1.0,easier,VR.36,0.025
1.0,easier,VR.39,0.0
1.0,easier,VR.42,0.005
1.0,easier,LN.01,0.255
1.0,easier,LN.03,0.14
1.0,easier,LN.05,0.1
1.0,easier,LN.06,0.055
1.0,easier,LN.07,0.135
1.0,easier,LN.33,0.115
1.0,easier,LN.34,0.16
1.0,easier,LN.35,0.04
1.0,easier,LN.58,0.09
1.0,harder,VR.04,0.0
1.0,harder,VR.09,0.0
1.0,harder,VR.11,0.04
1.0,harder,VR.13,0.0
1.0,harder,VR.14,0.005
1.0,harder,VR.16,0.0
1.0,harder,VR.17,0.0
1.0,harder,VR.18,0.03
1.0,harder,VR.19,0.0
1.0,harder,VR.23,0.0
1.0,harder,VR.26,0.0
1.0,harder,VR.31,0.12
1.0,harder,VR.32,0.0
1.0,harder,VR.36,0.0
1.0,harder,VR.39,0.045
1.0,harder,VR.42,0.0
1.0,harder,LN.01,0.0
1.0,harder,LN.03,0.0
1.0,harder,LN.05,0.0
1.0,harder,LN.06,0.0
1.0,harder,LN.07,0.0
1.0,harder,LN.33,0.0
1.0,harder,LN.34,0.0
1.0,harder,LN.35,0.0
1.0,harder,LN.58,0.0
2.0,easier,VR.04,0.79
2.0,easier,VR.09,0.155
2.0,easier,VR.11,0.005
2.0,easier,VR.13,0.115
2.0,easier,VR.14,0.61
2.0,easier,VR.16,0.48
2.0,easier,VR.17,0.71
2.0,easier,VR.18,0.0
2.0,easier,VR.19,0.495
2.0,easier,VR.23,0.24
2.0,easier,VR.26,0.08
2.0,easier,VR.31,0.02
2.0,easier,VR.32,0.48
2.0,easier,VR.36,0.24
2.0,easier,VR.39,0.0
2.0,easier,VR.42,0.085
2.0,easier,LN.01,0.805
2.0,easier,LN.03,0.745
2.0,easier,LN.05,0.46
2.0,easier,LN.06,0.48
2.0,easier,LN.07,0.845
2.0,easier,LN.33,0.57
2.0,easier,LN.34,0.83
2.0,easier,LN.35,0.25
2.0,easier,LN.58,0.705
2.0,harder,VR.04,0.0
2.0,harder,VR.09,0.0
2.0,harder,VR.11,0.285
2.0,harder,VR.13,0.0
2.0,harder,VR.14,0.0
2.0,harder,VR.16,0.0
2.0,harder,VR.17,0.0
2.0,harder,VR.18,0.355
2.0,harder,VR.19,0.0
2.0,harder,VR.23,0.0
2.0,harder,VR.26,0.0
2.0,harder,VR.31,0.61
2.0,harder,VR.32,0.0
2.0,harder,VR.36,0.0
2.0,harder,VR.39,0.315
2.0,harder,VR.42,0.0
2.0,harder,LN.01,0.005
2.0,harder,LN.03,0.0
2.0,harder,LN.05,0.0
2.0,harder,LN.06,0.0
2.0,harder,LN.07,0.0
2.0,harder,LN.33,0.0
2.0,harder,LN.34,0.0
2.0,harder,LN.35,0.0
2.0,harder,LN.58,0.0
3.0,easier,VR.04,0.975
3.0,easier,VR.09,0.35
3.0,easier,VR.11,0.03
3.0,easier,VR.13,0.355
3.0,easier,VR.14,0.88
3.0,easier,VR.16,0.8
3.0,easier,VR.17,0.935
3.0,easier,VR.18,0.0
3.0,easier,VR.19,0.9
3.0,easier,VR.23,0.71
3.0,easier,VR.26,0.24
3.0,easier,VR.31,0.015
3.0,easier,VR.32,0.88
3.0,easier,VR.36,0.71
3.0,easier,VR.39,0.0
3.0,easier,VR.42,0.305
3.0,easier,LN.01,0.965
3.0,easier,LN.03,0.985
3.0,easier,LN.05,0.815
3.0,easier,LN.06,0.925
3.0,easier,LN.07,1.0
3.0,easier,LN.33,0.94
3.0,easier,LN.34,0.99
3.0,easier,LN.35,0.675
3.0,easier,LN.58,0.995
3.0,harder,VR.04,0.0
3.0,harder,VR.09,0.005
3.0,harder,VR.11,0.645
3.0,harder,VR.13,0.0
3.0,harder,VR.14,0.0
3.0,harder,VR.16,0.0
3.0,harder,VR.17,0.0
3.0,harder,VR.18,0.84
3.0,harder,VR.19,0.0
3.0,harder,VR.23,0.0
3.0,harder,VR.26,0.0
3.0,harder,VR.31,0.845
3.0,harder,VR.32,0.0
3.0,harder,VR.36,0.0
3.0,harder,VR.39,0.765
3.0,harder,VR.42,0.0
3.0,harder,LN.01,0.0
3.0,harder,LN.03,0.0
3.0,harder,LN.05,0.0
3.0,harder,LN.06,0.0
3.0,harder,LN.07,0.0
3.0,harder,LN.33,0.0
3.0,harder,LN.34,0.0
3.0,harder,LN.35,0.0
3.0,harder,LN.58,0.0
4.0,easier,VR.04,1.0
4.0,easier,VR.09,0.55
4.0,easier,VR.11,0.005
4.0,easier,VR.13,0.755
4.0,easier,VR.14,0.97
4.0,easier,VR.16,0.96
4.0,easier,VR.17,0.985
4.0,easier,VR.18,0.0
4.0,easier,VR.19,1.0
4.0,easier,VR.23,0.98
4.0,easier,VR.26,0.61
4.0,easier,VR.31,0.025
4.0,easier,VR.32,0.99
4.0,easier,VR.36,0.96
4.0,easier,VR.39,0.0
4.0,easier,VR.42,0.51
4.0,easier,LN.01,0.98
4.0,easier,LN.03,1.0
4.0,easier,LN.05,0.925
4.0,easier,LN.06,1.0
4.0,easier,LN.07,1.0
4.0,easier,LN.33,0.995
4.0,easier,LN.34,1.0
4.0,easier,LN.35,0.965
4.0,easier,LN.58,1.0
4.0,harder,VR.04,0.0
4.0,harder,VR.09,0.0
4.0,harder,VR.11,0.86
4.0,harder,VR.13,0.0
4.0,harder,VR.14,0.0
4.0,harder,VR.16,0.0
4.0,harder,VR.17,0.0
4.0,harder,VR.18,0.985
4.0,harder,VR.19,0.0
4.0,harder,VR.23,0.0
4.0,harder,VR.26,0.0
4.0,harder,VR.31,0.955
4.0,harder,VR.32,0.0
4.0,harder,VR.36,0.0
4.0,harder,VR.39,0.935
4.0,harder,VR.42,0.0
4.0,harder,LN.01,0.005
4.0,harder,LN.03,0.0
4.0,harder,LN.05,0.005
4.0,harder,LN.06,0.0
4.0,harder,LN.07,0.0
4.0,harder,LN.33,0.0
4.0,harder,LN.34,0.0
4.0,harder,LN.35,0.0
4.0,harder,LN.58,0.0
