kind,rep,rate,mu,sigma,n_anchors,status,flags
A,0,0.72,-1.6043336152199443,0.4131190123670494,7,capped,1111001111100010111011111
B,0,0.0,-1.52536312245299,0.35163173171877127,25,converged,0000000000000000000000000
C,0,0.48,-1.5534712945167082,6.180303280304654e-08,13,capped,1011000010111110000011010
A,1,0.76,-1.6684826394029797,0.27670823749208784,6,capped,0111011101111111111010011
B,1,0.0,-1.5214932569709,0.2939833230371024,25,converged,0000000000000000000000000
C,1,0.76,-1.524018010514209,0.8427686603223362,6,capped,1010111111101111001111101
A,2,0.56,-1.1764683683258692,8.601656598253062e-08,4,cycled,1000101101110110011100110
B,2,0.0,-1.518246873327009,0.36262928528555266,25,converged,0000000000000000000000000
C,2,0.56,-1.5480601753160743,3.222498259178355e-08,11,converged,0110100011110001100111101
A,3,0.64,-1.5378989805963772,4.544854690915331e-08,9,converged,1100001101101110001111111
B,3,0.0,-1.5357664586068673,0.3072752620773688,25,converged,0000000000000000000000000
C,3,0.68,-1.6301802204699483,1.7513754319740182e-07,8,capped,1111101111100101010100111
A,4,0.84,-1.1195845866905754,0.3315643394282661,4,converged,0111111111101111101111110
B,4,0.0,-1.5351615575910207,0.3190436472796169,25,converged,0000000000000000000000000
C,4,0.76,-1.7308355682916852,0.3041217974444173,6,converged,1011111111111110011011100
A,5,0.8,-1.3210605270001126,0.05654923651223106,5,capped,1111111011111100101110111
B,5,0.0,-1.5049363477301048,0.3402213074186079,25,converged,0000000000000000000000000
C,5,0.88,-1.5470794244446051,0.16464281740594391,4,converged,1111101111111011111111110
A,6,0.68,-1.0149082101416385,0.21646622191027343,8,capped,1111111101111001101110000
B,6,0.0,-1.5058022080617008,0.30464487555191266,25,converged,0000000000000000000000000
C,6,0.88,-1.5629762543069492,0.24744986110588177,4,cycled,1111111110111111111111100
A,7,0.8,-1.3428619625665412,9.545441796263324e-08,5,converged,1111111011111111011101010
B,7,0.0,-1.493145050594066,0.30670540860923884,25,converged,0000000000000000000000000
C,7,0.76,-1.372698987883969,0.3267801640287502,6,capped,0100111111111111010111110
A,8,0.76,-1.3832164323717313,0.4646759099509877,6,capped,1110111011011111111000111
B,8,0.0,-1.4956435273100555,0.32519772410111214,25,converged,0000000000000000000000000
C,8,0.44,-1.4261672719715257,9.157082980046418e-08,14,capped,0010011010001100011001101
A,9,0.56,-1.3283224093178134,3.806555259956558e-08,11,converged,1101001001111101010101001
B,9,0.0,-1.5257765449917726,0.27620611455669214,25,converged,0000000000000000000000000
C,9,0.72,-1.5014529099911824,0.11829763039704352,7,capped,0111100101101111101111110
A,10,0.88,-1.4566982674520592,0.642129760592934,4,capped,1111111111110110111101111
B,10,0.0,-1.5082526784338004,0.32260870892631677,25,converged,0000000000000000000000000
C,10,0.8,-1.3019784111417882,0.5527670598056913,5,capped,1011111101111011011011111
A,11,0.84,-1.6707312338896751,1.1423624640605463,4,converged,1111110111111110101101111
B,11,0.0,-1.5217872165140784,0.3511972399188432,25,converged,0000000000000000000000000
C,11,0.84,-1.5670718766183218,0.20073000533683633,4,capped,1011110111101111111101111
A,12,0.88,-1.151384320091342,0.3670971182694675,4,capped,0110111111111111101111111
B,12,0.0,-1.476202149532479,0.31334022465013134,25,converged,0000000000000000000000000
C,12,0.96,-1.5077079146955543,0.8219109006711177,4,capped,1101111111111111111111111
A,13,0.92,-1.435990582571517,0.8070145059475697,4,converged,0111111111111111111101111
B,13,0.0,-1.524713250958141,0.33895186192424953,25,converged,0000000000000000000000000
C,13,0.56,-1.6528390563204858,0.0931140894320988,11,converged,1100111000110001111100101
A,14,0.56,-1.3483603352405211,3.152815375671197e-08,11,converged,0100111011110011010001011
B,14,0.0,-1.5031001685739176,0.3034587626914189,25,converged,0000000000000000000000000
C,14,0.88,-1.9754196679171656,1.0675281678753936,4,converged,1011111111011111111101111
A,15,0.72,-1.3259515599662146,4.216758240953671e-08,7,converged,0101101101100111110111111
B,15,0.0,-1.4938721325259157,0.28099864024547333,25,converged,0000000000000000000000000
C,15,0.88,-1.317004961155254,0.7416528386768715,4,capped,1111110111111011110111111
A,16,0.68,-1.3928631421730016,0.13191703143357258,8,capped,1011110101111110110110001
B,16,0.0,-1.5230389633286612,0.33354789097633136,25,converged,0000000000000000000000000
C,16,0.68,-1.579722569926818,4.959700128616196e-08,8,converged,1101010111110110011010111
A,17,0.84,-1.0252944036661225,0.5038927794264989,4,converged,0110111110110111111111111
B,17,0.0,-1.522394606678625,0.2997593765980055,25,converged,0000000000000000000000000
C,17,0.8,-1.5480971470379497,0.2848666171473401,5,converged,1111111110011111001011111
A,18,0.76,-1.342782496605873,0.12534539192604455,6,converged,1111111111101111011001100
B,18,0.0,-1.5136398067678982,0.3499759643374785,25,converged,0000000000000000000000000
C,18,0.56,-1.48937351607665,0.1845194624491435,11,converged,0110110111011001100110001
A,19,0.8,-1.0595097209836983,1.1713567315487305e-08,5,converged,1110111101111011001111111
B,19,0.0,-1.4998164742236915,0.31498693136180206,25,converged,0000000000000000000000000
C,19,0.52,-1.7611895271925986,3.994821379048954e-08,12,converged,1100011001001111000001111
A,20,0.6,-1.3109288758467175,6.713402642811417e-08,10,converged,0111101101111001010101100
B,20,0.0,-1.5146069995749805,0.32862980409229414,25,converged,0000000000000000000000000
C,20,0.76,-1.5545299306471623,5.093389974430189e-08,4,cycled,1011011101011101111101111
A,21,0.72,-1.323311965471285,3.899137364796574e-09,7,converged,1011011111111010101110101
B,21,0.0,-1.5062014827684018,0.2909194027082969,25,converged,0000000000000000000000000
C,21,0.84,-2.064196200862895,1.1657712666306475,4,converged,1111111111111011111001110
A,22,0.76,-0.9435270592756804,1.982457948913793e-07,6,converged,1011110111111111000111110
B,22,0.0,-1.509123676339865,0.31881006785427407,25,converged,0000000000000000000000000
C,22,0.52,-1.488037869701234,8.034952024123764e-08,6,cycled,1011011010010010100110101
A,23,0.68,-1.328786851556997,1.1240879241273021e-07,8,capped,1010111111001110100111101
B,23,0.0,-1.527665357702308,0.3126610289169953,25,converged,0000000000000000000000000
C,23,0.8,-1.5501017027931938,0.2739356657019583,5,capped,1011101111111101001111111
A,24,0.96,-1.2916807780823407,0.17644198087061705,4,converged,1111110111111111111111111
B,24,0.0,-1.511775805788152,0.3496010757573441,25,converged,0000000000000000000000000
C,24,0.76,-1.5616694227256742,0.639277295042774,6,converged,1111101010011111011101111
A,25,0.68,-0.9883187603965649,1.927039543906119e-08,8,converged,0110111110101111011010110
B,25,0.0,-1.5244402446015,0.31271335416962687,25,converged,0000000000000000000000000
C,25,0.92,-1.2993090890724042,0.4805577016447499,4,capped,0111111011111111111111111
A,26,0.64,-1.4154979528164109,0.2092488983396392,9,capped,0111101111111101010001001
B,26,0.0,-1.525876195578212,0.3419151440818429,25,converged,0000000000000000000000000
C,26,0.72,-1.5017544209685005,0.10269213291829406,7,converged,1110110101101110111111100
A,27,0.92,-1.3320015207385114,1.0034457079766215,4,converged,1011111111111111011111111
B,27,0.0,-1.5259708011698419,0.288611440076023,25,converged,0000000000000000000000000
C,27,0.8,-1.302281152503154,0.3313373080043962,5,capped,0111111111101111101101011
A,28,0.88,-1.1538640510696598,0.47252584382165747,4,converged,1111110111111110110111111
B,28,0.0,-1.5111467891903598,0.3072140081875285,25,converged,0000000000000000000000000
C,28,0.84,-1.5504258089345586,0.6258932114206931,4,cycled,0110111111011111110111111
A,29,0.72,-1.3527113445319676,3.7969828096071026e-08,7,converged,0111101011111110111101001
B,29,0.0,-1.499501559743384,0.30924249416282423,25,converged,0000000000000000000000000
C,29,0.64,-1.7131512748214086,2.058310884591784e-08,4,cycled,1011011111110101010010110
A,30,0.92,-1.3114207899408457,0.5287172502139567,4,converged,1111011011111111111111111
B,30,0.0,-1.5164147356486084,0.2977514261381393,25,converged,0000000000000000000000000
C,30,0.72,-1.437576288983456,0.29381165483711796,7,capped,0101101110111111101111001
A,31,0.64,-1.115809593798644,5.625284917191281e-08,9,converged,0100010110110111111110110
B,31,0.0,-1.5121138639143048,0.30186133421552613,25,converged,0000000000000000000000000
C,31,0.68,-1.5524645161033495,0.49201588199209834,8,converged,0111011100111101011101110
A,32,0.84,-1.6152225481981533,0.18279452836379761,4,converged,1111011111111011111110011
B,32,0.0,-1.4722846275617396,0.3009168193740303,25,converged,0000000000000000000000000
C,32,0.72,-1.5874934103175988,2.2208161357775118e-08,7,converged,1111111111000011011011011
A,33,0.72,-1.1407800813768385,1.2534789752941038e-07,7,converged,1100110111010101111111110
B,33,0.0,-1.5331510968575464,0.3018317647418176,25,converged,0000000000000000000000000
C,33,0.48,-1.6003691008053613,4.082560943172588e-08,13,converged,1001011011011000101010100
A,34,0.68,-1.2826482964303276,3.58086770228362e-08,8,converged,0110011010111111111100110
B,34,0.0,-1.502380853604238,0.3113849044520224,25,converged,0000000000000000000000000
C,34,0.84,-1.3825091877464497,0.4349934546941894,4,converged,1111011111111111010111110
A,35,0.68,-1.1715974394335404,6.329012112960439e-08,4,cycled,1010111101101011101101011
B,35,0.0,-1.5038192892195585,0.3354452484181059,25,converged,0000000000000000000000000
C,35,0.76,-1.5511171792352725,0.48527001640572337,6,capped,1111110010111110110111110
A,36,0.72,-1.3540619708735462,0.14650138362092802,7,capped,1111100101010111011101111
B,36,0.0,-1.5124941269240648,0.3079183208429096,25,converged,0000000000000000000000000
C,36,0.72,-1.4923561658846212,6.973023033825544e-08,7,capped,1101001111101111001111101
A,37,0.76,-1.4203065763749954,6.119317241454076e-08,6,converged,1111111001010111101111101
B,37,0.0,-1.5374329536856768,0.3477552720860378,25,converged,0000000000000000000000000
C,37,0.84,-1.5942469490952742,0.5484590219923309,4,capped,1111111110110111111110011
A,38,0.76,-1.318422101997959,4.656493323475081e-08,6,converged,1110110101111011101110111
B,38,0.0,-1.4918580428375188,0.2952139386549026,25,converged,0000000000000000000000000
C,38,0.44,-1.658576962039458,0.11207883752929913,10,cycled,0010100110110000111101000
A,39,0.88,-1.65832162536684,0.9167029689253299,4,converged,1111101111111101111101111
B,39,0.0,-1.5341970487592094,0.31685762971759646,25,converged,0000000000000000000000000
C,39,0.52,-1.4631314227157401,3.3107753899998015e-08,12,capped,0110010110100011010110011
