item,a_ref,a_here,b_ref,b_here,N,p
VR.04,1.6506755817146122,1.6514366139999712,-0.6622046194381566,-0.661717940875047,29975,0.6744954128440367
VR.09,0.7767503605294575,0.7765660240042829,-1.2397617056475794,-1.2397916211669273,25402,0.7031336115266514
VR.11,1.1338124817728672,1.1335056502395882,-1.9338543346701624,-1.9339085632581714,26644,0.8564029425011259
VR.13,0.7675071438329816,0.7674237144469311,1.6315064895106437,1.6318674974238576,24147,0.2439226404936431
VR.14,1.5859075441338009,1.5865905349578266,-0.960602543525762,-0.960018490363282,26100,0.7397701149425288
VR.16,1.2020923589502035,1.2022614928965873,-0.8919153727047336,-0.8915194058914739,31727,0.6946134207457371
VR.17,1.6356416053001106,1.6365832853636737,-0.9068674116603144,-0.9062630861839774,31552,0.72920892494929
VR.18,1.0361603925523826,1.0369105899529731,-3.528365675862158,-3.5259140063886165,26474,0.9602628994485155
VR.19,1.1669903328142757,1.1672256431453962,-0.5230185118091278,-0.5226580743880133,30556,0.6142492472836759
VR.23,0.9631427773940496,0.962972755233307,1.24871665426803,1.2490993731070075,24928,0.2699775353016688
VR.26,0.5827337166196238,0.5824405857324562,0.8687868614617242,0.8694918085222427,13108,0.3843454379005188
VR.31,1.4476488646450272,1.4480974376008902,-1.982415278222162,-1.9815722527322948,26272,0.8964296589524969
VR.32,1.0573894902093492,1.0572851458100592,-0.2283478261427328,-0.2281130563602693,25419,0.548408670679413
VR.36,0.9109068694080026,0.9108939699333944,0.5249621394501724,0.5251756231148003,25076,0.39914659435316635
VR.39,1.0366587975100363,1.0372559420772254,-2.6540514515001465,-2.6524771649572356,26433,0.9115499564937767
VR.42,0.720901838751702,0.7208023067045046,-0.98563991803204,-0.9855638139516651,25108,0.6566433009399395
LN.01,1.8034676466994584,1.8058811818752345,-1.1404336705752491,-1.1393603693449328,31239,0.7894939018534524
LN.03,1.4891831284267067,1.4900975327943888,-0.3565001686846067,-0.3561277234393056,31173,0.5853142142238476
LN.05,1.295822005790146,1.2963435327575423,-1.0805205138743252,-1.0799419397815202,31486,0.7486184335895318
LN.06,1.1484223668278983,1.1486080517179762,0.1914659956570998,0.19166327750890308,34097,0.45787019385869726
LN.07,1.503510188004496,1.5043397951877997,-0.4453100340289705,-0.44489463053615697,36346,0.6202608265008529
LN.33,1.2454920086270926,1.246006845963577,-0.3696559271926588,-0.36927769257791815,39384,0.5867103392240504
LN.34,1.503927762335715,1.5047063705320927,-0.4769687768202365,-0.4765422423730507,36655,0.6246351111717364
LN.35,0.958124873453172,0.9582728519957125,0.1602755052752221,0.16048049535938194,34372,0.46648434772489233
LN.58,1.4442557137438727,1.444907867206608,0.2899895296402012,0.29011239345704803,39047,0.4201859297769355
