item,n,k,expected,p,flag
VR.04,7,2,2.0112828222576438,1.0,False
VR.09,8,5,3.9356263065883907,0.49216789845483366,False
VR.11,8,8,5.194292413731969,0.04367249890794847,False
VR.13,7,0,0.7433424656803831,1.0,False
VR.14,8,4,3.124297572023422,0.7001075162298249,False
VR.16,8,4,3.1595761877181987,0.7060413117649423,False
VR.17,8,3,3.03768932424326,1.0,False
VR.18,8,8,7.186797920055925,1.0,False
VR.19,8,1,2.549527029575292,0.429540863863106,False
VR.23,8,1,0.7045977373361676,0.5243777284104743,False
VR.26,8,5,1.7924752721463282,0.016047787671711115,False
VR.31,8,4,5.849721196364694,0.19595134893896776,False
VR.32,8,1,2.142658735868019,0.6824831327091035,False
VR.36,8,8,1.2756008064470012,1.9733328517752547e-07,True
VR.39,7,1,5.683146140859039,0.00015214382966409864,True
VR.42,8,7,3.545414434317775,0.02312963810386795,False
LN.01,8,6,3.410195151218085,0.05577127197164914,False
LN.03,8,3,1.794656972131814,0.3700527508976812,False
LN.05,8,0,3.7858875376323846,0.005429907486818771,True
LN.06,8,0,1.4240187705358613,0.3532201152707931,False
LN.07,8,0,2.151153894646769,0.09953548278418363,False
LN.33,8,2,2.117415321732336,0.9999999999999999,False
LN.34,8,0,2.223832984213704,0.09672681696016762,False
LN.35,8,0,1.7536050231772562,0.2039563510581462,False
LN.58,8,2,0.8759675460055676,0.2133122749401366,False
