rep,rate,sigma,rmsd_min,rmsd_med,rmsd_max,G2_med
0,0.96,0.6345735333444548,0.14713430514405423,0.2873546487779697,0.35794685195394504,713.4398549337695
1,0.84,0.4711980778745441,0.20495106825154194,0.2963454388258479,0.3743701967637989,767.352232937866
2,0.68,0.21123374394903163,0.23921326049294783,0.2848423033866511,0.37052206699990603,694.5388286632226
3,0.92,0.5911254309700004,0.2355340100394833,0.30477704683025697,0.3766049769723288,792.3521305407847
4,0.84,0.50630817356785,0.2447531128298691,0.3167968161814957,0.33887617968096456,834.6456463106554
5,0.64,2.265052048467587e-08,0.18298669680258595,0.2983328685719774,0.3323848361027685,742.8101428501343
6,0.84,1.2565436717649425,0.215411740650013,0.2847168585024034,0.37681793408549635,719.8510579553792
7,0.72,2.2524690591263185e-08,0.18259124635950877,0.29612958772074566,0.3750500023166302,774.1325940650188
8,0.88,0.6465424444919645,0.22408581135876207,0.29025083819941344,0.3272130957512209,726.175233272392
9,0.8,3.765346910750114e-08,0.22205604416031255,0.33551773060102186,0.3669054629616393,927.1646414881693
10,0.88,0.42524510920835545,0.24313384815173544,0.2988738114960261,0.3638771217940644,750.6887140454755
11,0.8,0.37047467747863444,0.2147647915453889,0.2839443324186186,0.383672939605805,676.6613301263353
12,0.68,0.10401807932181674,0.242911751195556,0.29081412331742895,0.35227938969438544,708.6653447040594
13,0.8,2.4961686433977424e-08,0.19225161538456242,0.31997039793956794,0.3681671595433771,897.1632740693606
14,0.72,3.1792821220473296e-07,0.24585575964092513,0.32773059127162196,0.37822936485244124,895.7757028096748
15,0.8,0.10932824277022042,0.26622871826941513,0.30262619124337065,0.33270142631551564,762.7249907662316
16,0.84,9.13823619483546e-08,0.19077239443349264,0.29294104551215266,0.3856460584575216,696.2506237279866
17,0.56,1.9860996468280967e-08,0.20815916818170618,0.29322499868117746,0.34053108011647704,715.0219122546787
18,0.76,0.4161040762692444,0.13903376236813839,0.2391145455747502,0.3724649395344721,516.6520945262988
19,0.44,4.046557054708641e-08,0.22191240490518546,0.2768065724554669,0.38704783212580035,647.4509384847684
20,0.6,8.299144626502088e-08,0.23210608875719024,0.2991683346307894,0.3556733473070028,742.1133521541661
21,0.8,3.228089154854414e-08,0.24567277551831773,0.29236546320540824,0.33348885057017486,702.3021667212954
22,0.6,5.06706583237296e-08,0.18409456877486124,0.28846421790215926,0.3634952907863578,674.689825239032
23,0.92,0.304776913988315,0.21250966092068876,0.3022301625123903,0.38704128174425984,772.1281099679629
24,0.68,5.943197816618074e-08,0.2248748118072958,0.28202432945892686,0.3466178430688163,671.1875815846065
25,0.6,4.466835330420754e-08,0.1941781058640215,0.3019349183068394,0.3381447978861491,801.9811246611291
26,0.72,0.08279688697476478,0.25026668639171845,0.3058246338857491,0.39007890574498233,817.2049615943026
27,0.92,0.5687257800810502,0.19544199578567023,0.28975160996025984,0.3995336402581106,725.2087334433922
28,0.8,0.4161525893163986,0.20008575131797307,0.2625943177683397,0.36581407616084566,619.3350672301822
29,0.36,3.8768458354875273e-08,0.23042769045357825,0.29476248327240484,0.32842995444210876,718.196706095843
30,0.76,0.9467033865062165,0.18654160638617165,0.31417048546437676,0.3301084686741193,790.9320164645676
31,0.76,6.019617166964997e-08,0.24021688911799613,0.3155165962000781,0.3616946049952966,847.272009185774
32,0.72,0.4301219644286741,0.23163400008829485,0.2902985862827362,0.3751917404080478,706.7552011844548
33,0.76,0.12095951734011244,0.26158360328668345,0.30025646374369086,0.37658403240635496,744.4284010596779
34,0.8,1.7140496473393512e-07,0.24413339241606227,0.3088186212475865,0.3691600912489524,833.1807407871954
35,0.64,5.9508711213773504e-08,0.2397724893383659,0.2874805134385944,0.36987001557478244,710.8909916431469
36,0.68,0.21696584924727685,0.15329533695892322,0.2693968970315189,0.3419742157006626,632.1236102514318
37,0.68,8.4673627933547e-08,0.26609122116445255,0.3215540311362308,0.38883301983819063,876.1494963631444
38,0.64,7.249009372132999e-08,0.2211434726616973,0.27250356021854566,0.31362195739575643,643.2614362807549
39,0.8,0.15002608313828839,0.2490747011393968,0.28062546907228586,0.3274794826786206,676.7920571351765
40,0.68,0.12891953860864067,0.2518768283642515,0.3050367479076728,0.33439633625351184,776.3844155432612
41,0.76,0.2213532473697943,0.20045828222081746,0.26795734121923953,0.306769773291695,612.4435591746965
42,0.96,0.7715043526435923,0.24611188291397046,0.33500460671942156,0.35561264986079133,945.8199952426327
43,0.84,0.3237390986609029,0.22811773034020746,0.30530852416262755,0.3804139898740019,795.5783180934418
44,0.76,0.49137357040556306,0.14501204963726785,0.3021096853435097,0.3446075196422203,782.4259259956361
45,0.76,0.20058192205461334,0.20759109861295338,0.2832825069675953,0.36362326904132725,741.942831120032
46,0.84,0.5279823416556786,0.19353732270825946,0.29493743256553734,0.36707045624231566,740.8347399871873
47,0.84,0.5203043533900482,0.21247500959981033,0.31600755789090185,0.35833616179075023,840.7915009573098
48,0.76,0.1143561962320292,0.22790063082285988,0.3120586588448484,0.379375057128017,823.4919465955975
49,0.64,1.0942629694863788e-07,0.23765067597393588,0.317725878785867,0.35169237676564696,831.7570160854107
50,0.88,0.5866974755820862,0.21633060021286707,0.32421701447466467,0.3601516892625495,873.7435336581423
51,0.8,0.40571474239899613,0.20802376498923608,0.2674912596116368,0.33960557596161633,610.9662292224136
52,0.44,4.64732937470503e-08,0.2395958642691372,0.2641250812634973,0.38721377575971266,585.2213504009088
53,0.44,5.787460399494619e-08,0.2008273428856571,0.28148181872111716,0.37518005831207346,696.9061760953679
54,0.96,0.4192937237273597,0.22394876217526297,0.300288273120097,0.37243110333569623,769.1922503939417
55,0.72,1.3096195144390759e-07,0.13859197625509553,0.282164454246374,0.3571224612474545,691.6539985148324
56,0.96,0.48023839118348477,0.23073591312261377,0.310799597427819,0.3635771649648143,795.1373519501557
57,0.8,0.33421034176348774,0.25516810006459034,0.29090859143184616,0.35951489746708615,719.3270864354247
58,0.6,8.741926715682083e-08,0.2510620082641683,0.3096192073303733,0.35921712723611926,820.7634693142875
59,0.72,0.10781539820324741,0.221880647088648,0.2610959244813045,0.31934430733327185,592.9438184333084
60,0.92,0.4104279350194393,0.1575695554662263,0.2896858068222289,0.3783281651713126,689.20846474675
61,0.72,5.391554031051804e-07,0.24649794340653125,0.29331354735426785,0.339043338444295,704.5155055905242
62,0.72,1.9750423266516114e-07,0.2050201747893963,0.32289423106962956,0.33515614700368007,895.6324610971075
63,0.84,0.9914724926682523,0.20507241997975856,0.3109406757973069,0.35081772211779166,801.5264943856918
64,0.72,7.251697645410337e-08,0.24431939442824518,0.29016076941235197,0.3149465137151516,692.7415120059318
65,0.72,2.6901837659861565e-08,0.1617543529629007,0.2891976633421176,0.38195162273828254,709.9796858742968
66,0.64,3.9181924123954016e-08,0.2622392035123244,0.27923535895031215,0.3829387718638684,668.2402597151236
67,0.72,0.2850704847201238,0.19287811624274995,0.28219625579258023,0.35981263052348583,684.7110739542538
68,0.64,0.19863166053598777,0.19893291133048002,0.2870211443844086,0.3646107294113422,705.7571528204637
69,0.88,8.453663342726895e-08,0.2322878134449806,0.2956050292279469,0.4236257589555901,723.0232796311336
70,0.68,3.784416778955866e-08,0.28054565123518227,0.30572850246871847,0.38920966328414475,797.7017414501302
71,0.8,0.32556438081120226,0.21920181887866963,0.29177969762185374,0.33018759929424796,682.0930186549224
72,0.6,8.998920539567134e-08,0.17162440473374843,0.29708600450182776,0.3632202290793957,747.5340989340353
73,0.88,0.49954381111372476,0.24320151473710694,0.3147017264259623,0.37219098588806515,801.9930504196855
74,0.56,6.828017395727816e-08,0.2623034628033893,0.3320881299030911,0.37858769621602495,882.8520113129862
75,0.88,0.4322684469463958,0.19312545487417965,0.2840068047767227,0.3764849310208807,702.5631805340731
76,0.56,9.243756864326701e-07,0.19893870999892618,0.2930354392898018,0.3229575636109623,715.3636168180353
77,0.72,0.17432824732093563,0.20370568763856972,0.283766017546749,0.36804103882886896,699.0828076287521
78,0.68,0.11355511403259867,0.24294543092136683,0.29630976543445336,0.3190447041905393,751.6828399434991
79,0.64,8.42638160295031e-08,0.22637929206824442,0.30712458333720855,0.33955948472632075,774.1175501873765
80,0.56,2.4148700508711326e-08,0.24519894432740796,0.3162685411541141,0.39302967252885374,854.8429083708256
81,0.72,9.848538315500335e-08,0.22603867294711663,0.301587502886872,0.34313178612594625,732.7094174568867
82,0.64,6.765294378393264e-08,0.22709630857032698,0.3101874692379813,0.35854891350173534,783.5019059700227
83,0.64,4.699203102368974e-08,0.2227092618243811,0.31047925843888147,0.35580106333515743,868.3683051381355
84,0.88,0.39415601750943946,0.2122983482214884,0.309608496968954,0.33830300081399267,811.7902004308812
85,0.88,0.23982246071068983,0.16190141086900817,0.2899894961893486,0.3644662513265863,698.1171672148025
86,0.96,0.9847840853148483,0.18597987582615377,0.2768055841326804,0.3758201563358,667.1173204644494
87,0.92,0.37508979931418884,0.19882296328095703,0.2744513155911564,0.35705192192627677,674.8678639763983
88,0.76,0.1187371622822629,0.18627153777813607,0.28546866958939493,0.3799929717505193,706.7517376705114
89,0.84,0.7991539328239325,0.221592548932769,0.3012986018535314,0.3715203543835718,732.2050036673588
90,0.8,4.214533555918901e-08,0.2319854524374997,0.32527442594383693,0.38403855551439703,893.5072631959049
91,0.68,1.330492435505354e-07,0.21335573830578272,0.27692757815221203,0.3703986218779777,652.3839336422355
92,0.92,0.45427910580675523,0.22342881470500842,0.2924904858693337,0.3270295970532732,731.2489593367899
93,0.8,8.819717679924011e-08,0.20962949537891018,0.31778633351996566,0.3672695853346885,798.5835872985789
94,0.84,0.8558848748960364,0.18020647894208103,0.2694751808448712,0.348850481497622,640.161662881937
95,0.76,0.46458288268553916,0.24360616019280149,0.3046719804966802,0.332268163144917,748.6244248495105
96,0.64,0.21054206264463862,0.20549351848765265,0.2967340505385675,0.36961129839901635,767.9585405078753
97,0.76,5.195754624377741e-08,0.13510445205260202,0.32527398244918243,0.3782474363745639,855.4448169832731
98,0.84,0.3550740527328077,0.1970755753312821,0.31842762265499114,0.37045253054484645,883.9050015976458
99,0.64,0.16639093530685262,0.1945398350965784,0.2755176761472893,0.37670675181706126,637.8257995444882
100,0.76,9.656121373454347e-08,0.13819637079378325,0.30492667026057424,0.3709595885805137,792.8789612759831
101,0.84,0.32951176463638127,0.14306374944952854,0.26794040675428665,0.37570409059119797,621.9300964211767
102,0.8,1.0482068037908953e-07,0.2279911674610644,0.31657111351090717,0.4149254324430254,844.2593885833296
103,0.6,7.125153462795023e-08,0.21781071571519406,0.2881460556761596,0.3471060824614214,712.5196053024423
104,0.72,1.024164758914815e-07,0.23334656880096097,0.2896199909235547,0.35932684003102544,730.0386119143965
105,0.72,5.7740225383916064e-08,0.23480094921419217,0.295966331501354,0.39045348432281657,742.5901156179465
106,0.84,1.0479601011858149e-07,0.250459782772046,0.3184184969851327,0.3814126707128054,849.0912050558942
107,0.76,0.25462082973591404,0.26172821939912294,0.33358210286277823,0.3716595404504093,894.638616749721
108,0.52,1.5131721934847903e-08,0.23586545360449668,0.2915992824344131,0.3546502903522162,700.727653859859
109,0.92,0.24942155426505982,0.2768236456537701,0.32324306564986255,0.37021333542712603,823.0239812420548
110,0.6,3.941688781775171e-08,0.21083874310863213,0.29613976549681365,0.3557802439416081,753.3491130583832
111,0.68,1.6635799848147103e-07,0.17474654323003222,0.33296379333972326,0.38314821140174254,901.8419948371497
112,0.92,0.6763740376608727,0.059541116860168705,0.30755477689047017,0.3890044330671699,819.7288413546851
113,0.84,0.12805347980405063,0.17058667733484115,0.28238701758735957,0.36286156593917096,683.2305284843787
114,0.56,7.949496359083376e-08,0.20533809915802412,0.2750081719669468,0.34271555765844997,627.4747989099016
115,0.56,5.946797141833014e-08,0.24998316463785855,0.2960005091010639,0.35039172715102335,793.4060364805441
116,0.52,9.153915410334649e-08,0.23199441795168138,0.3174628114963083,0.35331203578792547,814.1320290940023
117,0.68,0.5341584817471798,0.19415328053162012,0.3031618697955565,0.3548595229241859,763.5090749999376
118,0.6,2.7982409398194255e-08,0.19336557476745025,0.270875856913987,0.3299328569348902,616.1820114361201
119,0.64,6.943827417196105e-08,0.21312267937107973,0.32235081848622865,0.3679193770584922,884.9100705387707
120,1.0,0.5685918301087605,0.26079620825020944,0.2873593634213213,0.3821973733027326,731.7064557833421
121,0.48,4.406703330426215e-08,0.23945534962167903,0.29099505379825874,0.35005048491142077,739.1710408949326
122,0.84,0.2920816083194431,0.24753593999825374,0.3120771658123275,0.3458891359336467,825.3822906699786
123,1.0,1.1196152914672728,0.19753324194223285,0.2900699687836705,0.3700604304181987,750.3910046498197
124,0.8,0.8758569042599423,0.227780139939338,0.3018595536629922,0.34823865145643385,768.0425192398448
125,0.84,0.3098491991614212,0.25088834794226844,0.30334998088762366,0.386435737681899,756.6887934028978
126,0.72,1.5893749960338985e-07,0.209453833478318,0.2976418293115705,0.3640096163213471,718.1878141106286
127,0.88,0.29207449833230564,0.22085190682096445,0.317225258889803,0.3704942013614286,810.6589187842055
128,0.88,0.514568758814573,0.26030552605872004,0.3200953461736337,0.3760007536304404,825.5415756981033
129,0.6,0.18371177540763567,0.2465196346525886,0.2759197737684588,0.3623555189976215,671.8008485673392
130,0.76,2.6841964767708475e-08,0.18099553757883427,0.28245952040141764,0.33927838289136814,689.4980856582334
131,0.84,1.3799487679259032e-08,0.2644227117298155,0.32210773454611763,0.34910561544804897,875.2295949094961
132,0.72,2.5999054883903856e-07,0.24972525690939207,0.3035243429424187,0.34086491728808677,773.7019167650683
133,0.88,0.6550945582142035,0.24010895861077539,0.29374239117082446,0.37201934219091937,749.2659416314573
134,0.84,0.2682035587826537,0.19671117588688922,0.33075637173498057,0.36948775211137797,878.9810597405059
135,0.48,4.010110360270149e-08,0.22455761195570856,0.2926320315944201,0.3475504403255072,727.8316580040762
136,0.76,2.2050694006773172e-08,0.17702987052203484,0.29984490570297284,0.3920747033167406,749.3847347636206
137,0.76,6.223714782842717e-08,0.17442024433581355,0.2869170252425134,0.3261397923944677,702.5712925272362
138,0.92,0.4718742224427513,0.22714868097143126,0.2988594110663983,0.3753438481652423,721.5538903212105
139,0.8,0.49071440681821354,0.20461032849607083,0.29195927517393044,0.3374422109914813,713.9036859484672
140,0.84,0.3982081162214517,0.16828646066101835,0.25720889425342763,0.3651846343047639,579.8867078114178
141,0.48,0.027140637283538778,0.21803320307350196,0.3051430769437006,0.3692235077018972,795.33120660024
142,0.68,1.6269958321329223e-07,0.2124299751013251,0.291951743863613,0.32211963811839794,742.5092972029292
143,0.68,1.897786505730287e-08,0.26500892485162136,0.31321090959618647,0.38904485015650775,826.2928329504105
144,0.84,0.4618140464383909,0.2366287425161931,0.28514673343394736,0.3487636209009719,693.7195393815864
145,0.68,8.247509925883553e-09,0.2377288455690257,0.3350419891630263,0.3737769225767983,961.8931192950001
146,0.92,0.5813118525180824,0.3002367634508149,0.31784576961633565,0.36850315939565126,865.6665464470245
147,0.68,5.407296803091922e-08,0.23913762219645587,0.3046059157828265,0.3240933129928613,824.910942551988
148,0.92,0.9861746729719301,0.24538844318626274,0.30497560385117695,0.3430319501203161,811.3152985825743
149,0.72,7.170237933007536e-08,0.2120639482153122,0.26412078591616217,0.36121427996288974,614.4207191356664
150,0.64,4.2386718931270775e-08,0.23717438171536526,0.2739225456034493,0.34401612831891454,641.0309206191622
151,0.48,4.699366185087457e-08,0.26026070074943847,0.2995342197141986,0.36230334219013943,753.9669747678206
152,0.72,3.122387966445757e-08,0.23733420487591214,0.3077001259756751,0.38343481117737915,812.5981963158155
153,0.88,2.9352287140821397e-08,0.23514711344511277,0.3107165971038297,0.35375971107610454,787.7777406743585
154,0.84,1.2971627118542466,0.23016484680002094,0.3257896458405719,0.3581955704097967,883.044182581295
155,0.92,0.39176497124175935,0.2487899959439882,0.3087296354129249,0.34223606601682044,813.1135687336639
156,0.84,0.28405776942994526,0.19595634526536695,0.2882399342438585,0.33099430821109543,713.007124563575
157,0.8,0.5723219095738358,0.22724085159783095,0.3036099585339346,0.3937881357270964,772.4902541866359
158,0.72,4.008468845692544e-08,0.26190918916971134,0.3090961192625661,0.3790250648538287,787.8250428940153
159,0.8,0.2500255737709632,0.2791999563605517,0.30778651130793744,0.3590547899303542,825.6499728013714
160,0.84,0.6769874033304841,0.17374226172663867,0.30960377304709197,0.3499216893883748,800.2355979975908
161,0.76,0.36581969298607375,0.20314856225217368,0.2960340078281765,0.37240984131521193,755.494414424008
162,0.56,6.60650042190591e-08,0.2622814996219106,0.300768810840146,0.3678042491256049,756.3071167267506
163,0.64,4.49042537324647e-08,0.2386492118815532,0.27095088145259705,0.38903443368017887,630.4817911146579
164,0.8,0.4350160084402178,0.21242944846428036,0.2897484500651496,0.36476799477467997,704.6544000466558
165,0.84,0.29753743993402326,0.17041926711241184,0.32218909392408834,0.36362825563574963,852.2779458396128
166,0.68,0.15692354995847238,0.18818160767367006,0.28764594409730415,0.37995608058582153,699.8830349311424
167,0.92,0.9591668892093719,0.2627221157874183,0.2974586832081091,0.40409600481270447,751.7704980635408
168,0.68,0.13194984382241914,0.22988681558369817,0.300374507163363,0.3472873157593719,787.3508587542732
169,0.88,0.5988877934522417,0.14670594379919805,0.2793887789467705,0.3491515520948037,704.9550057936177
170,0.72,1.4726176056918571e-08,0.2478276853093103,0.29001636865386704,0.3644759814012797,678.9361898410514
171,0.68,6.026764103359809e-08,0.1913282258157515,0.2824603337889695,0.3856436848824066,655.5100429901289
172,0.76,0.1002423909552275,0.19417409857508072,0.3070278330006778,0.37805315666520023,780.4585433178886
173,0.68,0.05467483032936806,0.19893085540735314,0.33932590829518045,0.39406355522680714,941.7379596001524
174,0.84,0.3553207842483341,0.22694922084513666,0.30407881146529314,0.36489483332501316,787.3867177120145
175,0.72,0.29669560205618956,0.20980550835972084,0.2729960468897777,0.3571891926448203,651.2528839032524
176,0.76,8.43065789152548e-08,0.20504510192307954,0.29651933948602716,0.36928491646867784,747.6529732464178
177,0.68,0.07548745513087313,0.1953669595514138,0.3044204750367123,0.35858887186621013,787.7887072009896
178,0.84,5.5700801023967105e-08,0.2305253025536633,0.30609417311494547,0.3870178283875045,774.1446547414215
179,0.8,6.407641475100205e-08,0.13485073609572937,0.2885612631595556,0.35343618154512724,711.2703566594555
180,0.64,2.0937286995804835e-07,0.21090497657304413,0.22630217350139092,0.38544743021194,463.8990573640466
181,0.68,1.1713628614797087e-07,0.25025619990040276,0.3222969923383482,0.3503858728967521,892.0629562442648
182,0.72,1.4682446629810966e-08,0.2435638270831446,0.31217132638657125,0.3593870560391708,793.2561522951062
183,0.84,0.7815268881993989,0.14621828938904322,0.3112998162812395,0.3941998086830538,789.9388310142789
184,0.92,0.4648890757793395,0.1967965074738533,0.268917327399244,0.3627813659813038,602.4584612106325
185,0.84,0.6087706597222307,0.274350129182173,0.313914776558945,0.3577746125754548,825.0048685739971
186,1.0,0.5331898512394883,0.2542491705219813,0.2905042715881997,0.35917618990983097,736.4152593800054
187,0.76,0.3242956410511081,0.2338385216180786,0.3030813880397175,0.37448039821012863,726.7721124851059
188,0.64,0.11040878324927839,0.20499014066075819,0.2853989626744451,0.38895554255481213,658.3999889980178
189,0.84,0.6619221601807589,0.22330825553790495,0.28148372654603915,0.39611876384136163,650.7134184690938
190,0.76,1.2228252679935747e-07,0.216570872330436,0.28192652238289206,0.3773198817764436,677.6199324998518
191,0.88,0.6383614269899287,0.22593857085878993,0.30573974052232306,0.3882371911199719,773.771795330096
192,0.72,2.0453525223984585e-08,0.17424526058865455,0.2868616904579604,0.37949911702312955,676.4126399272645
193,0.88,0.685176349670559,0.2081404781594603,0.2534075601352685,0.3295159709971648,513.4076258444848
194,0.76,6.051914169300143e-08,0.17518961991124143,0.2763204871404983,0.3977786317923307,683.7988280919037
195,0.68,0.07841557309273975,0.22470663956604187,0.2753897305206767,0.3285526112256946,621.3172299497814
196,0.52,0.061200920745523066,0.21275766726417253,0.29370003696179414,0.3801928389200681,674.2719834087213
197,0.76,2.0249568188178022e-07,0.17786206789461176,0.30621812132829185,0.3914041666268935,768.1092214739783
198,0.76,0.514088200501659,0.24489700481121982,0.30758679108638004,0.3293674525920065,792.6903319824063
199,0.72,2.2561042709103925e-08,0.2624572114363736,0.31780976798394067,0.35618518886524053,847.4479169266592
