group,kind,ms_mu,ms_sigma,ms_G2,ms_rmsd,ms_df,ms_n_resp,ms_n_item_median,ms_p_boot,ms_G2_null_q95,ms_G2_null_mean,pt_mu,pt_sigma,pt_G2,pt_rmsd,pt_df,pt_n_resp,pt_n_item_median,pt_p_boot,pt_G2_null_q95,pt_G2_null_mean
NousResearch/Meta-Llama-3.1-8B-Instruct,model,-1.9860589353730118,3.1377653561873418,738.0438760737086,0.2946963056634004,23,1684,68.0,0.000999000999000999,45.60962342881571,19.876977848257628,-1.3188390949554227,0.0,848.1170021582452,0.31283709891658185,24,1684,68.0,0.000999000999000999,36.96855078154374,24.804353150026387
Qwen/Qwen2.5-14B-Instruct,model,-0.838359550315475,0.0,1158.0479916201234,0.3394051121985551,23,1714,69.0,0.000999000999000999,35.529235320535264,23.782250851535782,-0.8383587980171838,0.0,1158.0479916204245,0.3394051184408591,24,1714,69.0,0.000999000999000999,36.57300725358732,23.994341124735083
Qwen/Qwen2.5-3B-Instruct,model,-1.9212516868623293,2.9364527618155596,1105.72975916992,0.339925623940199,23,1794,74.0,0.000999000999000999,53.36767118719631,20.938956837043072,-1.33565150037517,0.0,1159.2965727038502,0.3443327506197309,24,1794,74.0,0.000999000999000999,36.59739771370774,24.47434400484625
Qwen/Qwen2.5-7B-Instruct,model,-1.0877160181484882,0.0,1076.429457472613,0.3286556026039288,23,1820,75.0,0.000999000999000999,37.29286642366413,24.067806677368505,-1.087714784430052,0.0,1076.4294574734329,0.32865559897535535,24,1820,75.0,0.000999000999000999,36.718115538434915,24.244922598113654
allenai/OLMo-2-1124-13B-Instruct,model,-1.5452042762741591,1.5204664661861877,981.5425378745798,0.32203883278968876,23,1775,72.0,0.000999000999000999,25.779091636428443,16.656697464077762,-1.3227911778739427,0.0,996.9338917090141,0.32199258568119965,24,1775,72.0,0.000999000999000999,35.916610581667946,24.06359496207981
allenai/OLMo-2-1124-7B-Instruct,model,-2.0873440711712856,3.0228892096453093,1038.1175166655823,0.33364430837668274,23,1788,75.0,0.000999000999000999,53.610169108105936,24.439585127945676,-1.2965039978010393,0.0,1154.909999464361,0.3480870887686957,24,1788,75.0,0.000999000999000999,37.2773614040447,24.547188928484633
microsoft/Phi-3.5-mini-instruct,model,-1.0345962897363243,0.0,1238.5973081872148,0.3469597148390194,23,1755,74.0,0.000999000999000999,35.68107874163711,23.946532320458974,-1.0345979290772198,0.0,1238.5973081886593,0.3469597113459326,24,1755,74.0,0.000999000999000999,37.05388586695622,24.39035448369955
teknium/OpenHermes-2.5-Mistral-7B,model,-1.6818053146108518,1.7718944235765242,949.1173682515051,0.3173068272521667,23,1808,74.0,0.000999000999000999,68.52867724035694,19.85725355065879,-1.3807498630037565,0.0,970.8785007407772,0.3159937361474257,24,1808,74.0,0.000999000999000999,37.18946564648337,24.469812995216774
random0,human_random,-0.08453257511717766,1.001493520257222,16.74521640356736,0.040950746343220754,23,1713,67.0,0.7313432835820896,34.12131819839158,21.587801175452988,-0.21149572934385694,0.0,29.78284746795993,0.05623636729411829,24,1713,67.0,0.21890547263681592,37.10707733253512,24.512645193465552
men0,human_men,0.3568505805800356,1.3213272762530117,23.626145210966556,0.05992210091602651,23,1669,62.0,0.3333333333333333,32.72271442333386,21.950114012086388,0.0686160790881274,0.0,46.72068398198637,0.07442884515307015,24,1669,62.0,0.004975124378109453,37.069019506024574,24.87034231292985
random1,human_random,-0.037450713274188696,1.200608671873016,31.12702282127468,0.059819544392142314,23,1646,62.0,0.11442786069651742,35.57797344913318,21.788048775197066,-0.19827153423110921,0.0,51.91776001594807,0.07596822073325572,24,1646,62.0,0.004975124378109453,36.08113100868314,23.880537125237694
men1,human_men,-0.006277209037164982,1.0335513278214794,28.416021219003984,0.05485386966935257,23,1756,68.0,0.15422885572139303,32.96041937730354,21.567434894504395,-0.15054369270996304,0.0,41.742137210115956,0.06705817103734128,24,1756,68.0,0.01990049751243781,38.137080284856424,24.207831592713102
random2,human_random,-0.029044608615697208,1.1744944499216994,16.405293079744503,0.050604193051447525,23,1687,68.0,0.8109452736318408,33.17233910135654,21.7677742550271,-0.19808349954978427,0.0,36.39945150898171,0.07161350830469533,24,1687,68.0,0.04477611940298507,35.770976294340436,23.85338334013566
men2,human_men,0.11390272844322534,0.8045787295569622,23.02408005935382,0.05004686032931588,23,1728,67.0,0.38308457711442784,32.539205901488785,21.66659906238167,-0.004695960794024564,0.0,29.167090173912776,0.05461708067166331,24,1728,67.0,0.29850746268656714,40.49513946222708,25.281719290140924
random3,human_random,0.00598859135817339,0.9879904789102841,26.481405507416074,0.06463202013110057,23,1734,69.0,0.208955223880597,32.695103627828395,21.8406060831187,-0.13837620337437173,0.0,38.16233058464673,0.07680713226300939,24,1734,69.0,0.05472636815920398,38.04737769914678,24.810065505062468
men3,human_men,0.4572532885362003,1.362147898825488,20.293960638529608,0.04659265438171238,23,1723,68.0,0.47761194029850745,32.33970436614599,20.72429014281762,0.12574429860588499,0.0,45.00277312660654,0.06434948637377474,24,1723,68.0,0.009950248756218905,37.08436135948658,24.573890939501542
random4,human_random,-0.04796853686403317,1.0347887299206175,17.68519402546334,0.045305661293973454,23,1749,68.0,0.736318407960199,33.02215167280702,22.00152574732538,-0.1866856780904336,0.0,31.769682249872204,0.05598706479227657,24,1749,68.0,0.19900497512437812,37.90881030101412,24.78662825241611
men4,human_men,-0.04615947960296122,0.9043145373947648,32.644379626279196,0.06373285438868906,23,1734,68.0,0.08955223880597014,35.80346965465719,22.714556104270304,-0.16384718011249827,0.0,41.98678631821867,0.07160177060740391,24,1734,68.0,0.009950248756218905,35.30486660452803,23.689417438341987
random5,human_random,0.023934319409029965,0.943506379919524,30.000609438288834,0.0643208098273379,23,1666,63.0,0.0945273631840796,30.702709455797205,21.29305379553712,-0.11021179454443325,0.0,40.32746044543388,0.0706614579605271,24,1666,63.0,0.014925373134328358,34.96572201065621,24.32508441572284
men5,human_men,0.15032725801929964,1.091969369300155,22.361046369518146,0.043182735159937875,23,1682,65.0,0.4577114427860697,33.52031464254415,22.165248212330553,-0.041092204117724206,0.0,40.0879062823646,0.061918729927796706,24,1682,65.0,0.05472636815920398,39.5134111143082,25.137574005122488
random6,human_random,0.003006329198346004,1.2449751740271116,11.674563668775363,0.03586567670389282,23,1710,68.0,0.9253731343283582,33.177987615017415,21.82836087921677,-0.1804573577363022,0.0,34.22682102266435,0.056860816414503856,24,1710,68.0,0.11442786069651742,38.98548512413305,25.410157262445782
men6,human_men,0.35805493003223887,1.1437031501479642,17.888865835492066,0.052465313736292596,23,1683,64.0,0.6766169154228856,35.49138719708536,21.81375932817183,0.11602613238011557,0.0,34.30405309913791,0.0620778443810329,24,1683,64.0,0.07960199004975124,35.360203369891416,24.06917315522115
random7,human_random,-0.06375637618745725,0.7685189077632637,18.390363764007137,0.052242895138565726,23,1703,69.0,0.7761194029850746,33.48552643729761,23.358022213862434,-0.1567969074298537,0.0,24.711098966339083,0.058680140480240194,24,1703,69.0,0.5472636815920398,36.66091023492163,25.453213473372454
men7,human_men,0.2653062861237317,1.3461837360860596,25.505138415499726,0.06210293291666562,23,1747,68.0,0.22885572139303484,31.49463828167881,20.949344616071013,-0.014676889063676306,0.0,52.55660875873733,0.08118353113744285,24,1747,68.0,0.004975124378109453,37.71219856778228,25.186212047819218
random8,human_random,-0.05621764857021514,0.7361895645088598,23.073099719005008,0.04718253005611717,23,1686,67.0,0.4129353233830846,34.011364861260866,22.57854663834822,-0.13834401259418833,0.0,27.240302674386065,0.05196692352253131,24,1686,67.0,0.3333333333333333,37.53496348208627,25.12656679069383
men8,human_men,0.05640817207023956,0.8749890119104421,33.02750844529157,0.06196328138069556,23,1677,67.0,0.05472636815920398,32.91393615153884,21.624242723782828,-0.06965419885026772,0.0,38.84763625196949,0.06714480946156333,24,1677,67.0,0.024875621890547265,36.58658154561972,24.570426441531087
random9,human_random,-0.11962004092843281,0.9543212471593897,11.330417766910372,0.03827785797444323,23,1685,67.0,0.9751243781094527,33.1058407082677,22.051368883907227,-0.22690380526035767,0.0,22.455982116858042,0.048398700171721536,24,1685,67.0,0.572139303482587,36.22402869530302,24.246694411820172
men9,human_men,0.36560293069735034,1.5585837273516805,26.13076796992122,0.06451605980065606,23,1758,72.0,0.20398009950248755,31.317484968902562,20.53263461508558,-0.01060055828787087,0.0,69.78881862860128,0.0906668819838446,24,1758,72.0,0.004975124378109453,36.31930625510604,24.926481687772494
random10,human_random,-0.03206962952343431,1.0449415528856876,16.85172419637442,0.04581763561220651,23,1731,68.0,0.7313432835820896,33.65305549140205,21.84677252398238,-0.17806653865896602,0.0,31.307630365435287,0.05865341772409301,24,1731,68.0,0.14925373134328357,36.40346931285042,24.268083588833807
men10,human_men,0.2528252005627255,1.2990385256944035,12.908006515476735,0.03869154339057012,23,1682,67.0,0.9253731343283582,31.507452801100154,21.155420252020928,-0.011648183978811361,0.0,34.65667053889363,0.061776747981247784,24,1682,67.0,0.0845771144278607,36.95824910754068,24.69201457599979
random11,human_random,0.01924684366891546,1.1488826618950998,24.719174959669672,0.0566697708659516,23,1671,66.0,0.2835820895522388,31.20404402231848,21.866666653506382,-0.145277417994899,0.0,41.09655590241566,0.06741881414308838,24,1671,66.0,0.01990049751243781,36.720826964275496,24.29537834815958
men11,human_men,0.09325045307036481,1.2348916577371178,19.526973699125907,0.048603334308847765,23,1678,63.0,0.6169154228855721,34.20761924668779,21.84189823518648,-0.11023832191062083,0.0,37.915741429501864,0.06497868055427693,24,1678,63.0,0.029850746268656716,35.56662226136722,24.791525115755366
random12,human_random,0.03473365392862074,0.7003132076646547,21.22405554156134,0.0448230864663657,23,1620,64.0,0.6119402985074627,33.97985989968015,23.2480964159429,-0.050842635558783225,0.0,25.64370464183386,0.049247937702570264,24,1620,64.0,0.43283582089552236,35.8942641334838,24.657265137598205
men12,human_men,0.23899479967856696,1.005952129722516,29.062467958858505,0.06368969077837389,23,1726,67.0,0.13432835820895522,34.11837085818526,22.111734636749016,0.052471789212930144,0.0,41.18862353553629,0.07133284543646738,24,1726,67.0,0.03482587064676617,35.64625858536932,24.137031801980967
random13,human_random,-0.07329104658148536,0.8684315724526388,24.01759348917838,0.055866550149951795,23,1696,67.0,0.2935323383084577,32.62617586689664,21.379835989830816,-0.184151226847015,0.0,33.11693775382669,0.06325225728675317,24,1696,67.0,0.12437810945273632,35.716811518370385,24.115300041605302
men13,human_men,0.13964972936709202,0.9768804912219822,22.596804468292845,0.054146486253253294,23,1690,65.0,0.39800995024875624,32.025845602814755,21.772237587494686,-0.022190877308909694,0.0,32.7757499723908,0.06233466514823361,24,1690,65.0,0.10945273631840796,36.139781744933416,24.03117069547073
random14,human_random,-0.046327194502658015,0.9615449108061785,13.403911409128483,0.037734672561713895,23,1737,71.0,0.9303482587064676,34.00447679363958,22.201212084422686,-0.1699624424139612,0.0,24.318744375780575,0.047368124234536034,24,1737,71.0,0.472636815920398,36.04088974061665,23.870439372555957
men14,human_men,0.1923954301637507,1.0416571042030882,27.874050577567786,0.05816079215474618,23,1788,70.0,0.12935323383084577,31.97143885826212,21.174416486655026,0.006997737429030778,0.0,43.5955073186301,0.06620808262330861,24,1788,70.0,0.01990049751243781,37.643073622193704,24.81400086767629
random15,human_random,0.1524284523443109,1.1839501817964182,10.210184821937732,0.034517516194605906,23,1741,73.0,0.9751243781094527,33.65368408968848,21.699628499161427,-0.05791631207498345,0.0,29.179002898178034,0.05427626767587518,24,1741,73.0,0.2736318407960199,35.87904072821888,24.75393292169052
men15,human_men,0.20146928109475043,0.9433429132895932,31.794214780745783,0.058605945901060365,23,1711,68.0,0.0845771144278607,34.05961459030977,22.12407387298551,0.04043519218928671,0.0,40.94117160773006,0.06684265796904887,24,1711,68.0,0.01990049751243781,35.44620037046618,24.003851329565986
random16,human_random,0.022875663968194886,0.9069930619891,18.425935501970375,0.04638935696374218,23,1705,66.0,0.6865671641791045,36.508552932861384,22.687393698249938,-0.10038752070646656,0.0,28.46045680263305,0.0553636804442604,24,1705,66.0,0.29850746268656714,39.81869174988734,25.186471517342223
men16,human_men,0.3346886190745471,1.6024554275694767,26.879113729347694,0.057627138120030195,23,1721,71.0,0.1691542288557214,33.5653649191787,20.947212399526382,-0.009911948071330607,0.0,60.268694572645586,0.0807714696198852,24,1721,71.0,0.004975124378109453,35.768651173503535,24.007185322731146
random17,human_random,-0.13047218538358865,1.0264709943208972,23.784789550227625,0.05791839298495564,23,1687,67.0,0.32338308457711445,29.768575588158793,21.053160109978254,-0.2495310740213954,0.0,37.08215035241693,0.06631278518953253,24,1687,67.0,0.014925373134328358,32.67304045932285,23.010948438121368
men17,human_men,0.44814899299555255,1.29474436168493,18.191361346824934,0.04605666289553603,23,1698,66.0,0.6766169154228856,31.039291987760333,21.923258847139934,0.14943818422669966,0.0,38.051965628917394,0.06110882160501887,24,1698,66.0,0.03980099502487562,36.37754791859302,24.64415283512587
random18,human_random,0.05653261926511226,0.9186741016320303,26.902687740423538,0.0583763066212802,23,1627,65.0,0.22885572139303484,33.47255504149722,22.25867307736161,-0.07393233370278106,0.0,35.84300925284353,0.06441831323918708,24,1627,65.0,0.06467661691542288,37.9593154612197,24.52123311079112
men18,human_men,0.2074665884503111,1.2505403354702787,17.61023265404046,0.04721244058676363,23,1738,71.0,0.7263681592039801,34.41494574610212,22.12013667212691,-0.035100355655396764,0.0,36.79369195279781,0.06727143564320869,24,1738,71.0,0.06467661691542288,38.23058911270618,23.96955834114871
random19,human_random,-0.10545596186858676,0.7490079108534125,21.324077855820477,0.050541434399272826,23,1781,72.0,0.4975124378109453,35.45426242135656,22.444944858426748,-0.18583060968427156,0.0,27.006536436460475,0.05706004821094399,24,1781,72.0,0.29850746268656714,35.82034935517457,23.933469453431016
men19,human_men,0.1684598101180711,0.7558294366187625,26.95083683604792,0.06448581611364469,23,1653,65.0,0.19900497512437812,34.16830902314246,22.14094982882415,0.05593079421744189,0.0,32.46085049641196,0.07097387110556094,24,1653,65.0,0.15920398009950248,38.81574675443477,25.708789206079565
random20,human_random,-0.0049866428762599235,1.050950592903434,15.208078427364685,0.04210338160151776,23,1750,73.0,0.8557213930348259,31.155405678357038,21.249267874108867,-0.148486446287003,0.0,29.876246732503844,0.05521764218769344,24,1750,73.0,0.2537313432835821,38.12800924047364,25.39192378825326
men20,human_men,0.30821904263456745,1.44605195834306,32.79282655509001,0.06127082384931287,23,1700,68.0,0.029850746268656716,31.613818858569626,20.676551325689307,0.006844028224039138,0.0,56.14922900045392,0.07701200614952308,24,1700,68.0,0.004975124378109453,36.86020219151884,24.385746505323713
random21,human_random,0.037422485838207134,1.1556241602192898,23.909875617244538,0.05754344539402611,23,1727,69.0,0.31840796019900497,32.11781826583516,21.587623608590754,-0.13601126657817025,0.0,42.36674037224684,0.0739489713667247,24,1727,69.0,0.004975124378109453,36.33812847708829,23.89849197229184
men21,human_men,0.3855553586127127,1.2168152393010994,27.68738382107775,0.060491395800914706,23,1727,68.0,0.17412935323383086,33.287065792679314,21.50005366522292,0.12007075490542111,0.0,45.26684355720924,0.07451938406418632,24,1727,68.0,0.004975124378109453,37.68572996355925,24.880926047111306
random22,human_random,0.10771488273311192,1.0549066741196322,21.799684134280795,0.048901612233517695,23,1742,70.0,0.43283582089552236,30.976540074457,21.252553813591852,-0.06075684564529783,0.0,34.61337819035164,0.0574705378974545,24,1742,70.0,0.11442786069651742,38.313154368240646,25.458348982636952
men22,human_men,0.23780021477042296,0.8869139235845306,24.493432209891115,0.04888327036411138,23,1718,66.0,0.373134328358209,34.371565053458205,22.25352051484887,0.08404332476445778,0.0,31.22760484743109,0.055469437850472196,24,1718,66.0,0.208955223880597,36.9501152563759,24.554786021164826
random23,human_random,-0.0308129909357205,0.7089261621929169,19.97244707770772,0.04578043526653502,23,1681,67.0,0.5671641791044776,34.35002326906574,22.245595647716918,-0.11459185975386207,0.0,24.82987737524312,0.05030870233338513,24,1681,67.0,0.39303482587064675,35.274151463953615,23.641433945104225
men23,human_men,0.029270155651464888,0.9687211017287969,42.47927781907515,0.0700977773026681,23,1714,69.0,0.014925373134328358,32.30737182221716,21.838636370479318,-0.12038613986672093,0.0,53.54741919238776,0.07646386335447998,24,1714,69.0,0.004975124378109453,38.44512924875662,24.95081370258091
random24,human_random,0.09472171760232369,1.1933187802705363,12.63693637135604,0.03964538611567985,23,1736,71.0,0.9303482587064676,31.664579240645548,20.975130723292704,-0.10537671961505242,0.0,33.60894984053212,0.05917154403856755,24,1736,71.0,0.13930348258706468,38.43669799573143,25.37288370792081
men24,human_men,0.2167441538552692,0.983943744679661,34.0256129942904,0.0656690637200558,23,1787,70.0,0.04477611940298507,32.867517240921266,21.814522264140695,0.023595640589204877,0.0,46.18997454977686,0.07778666009056599,24,1787,70.0,0.004975124378109453,36.90355638458431,24.233544169647693
random25,human_random,-0.002266829871106366,1.185914539750765,23.560298513975013,0.050217921919657994,23,1770,68.0,0.3482587064676617,31.890569994682654,21.413168098120842,-0.17297645894553945,0.0,46.18553366293502,0.06412859640719225,24,1770,68.0,0.004975124378109453,35.357779306578095,24.069690662208323
men25,human_men,0.11886267076003662,1.1424710934023588,26.52309653345845,0.05338862025821243,23,1709,71.0,0.23383084577114427,35.507349820977346,21.881478902406517,-0.07582290231105392,0.0,44.288964887243175,0.06595716296423774,24,1709,71.0,0.014925373134328358,37.229874131495706,24.9174619343796
random26,human_random,-0.14411515641754935,0.5407097597563192,13.49342284984954,0.04130196589373409,23,1714,64.0,0.9353233830845771,36.42617282633337,22.661384526500957,-0.18620613355025528,0.0,15.440844603557345,0.043411520816326966,24,1714,64.0,0.9253731343283582,36.63846121426799,24.74610864597158
men26,human_men,0.22431432045435878,0.9807601055232751,23.783079991642456,0.05396805816807655,23,1686,64.0,0.36318407960199006,32.84097846103451,22.595462473431944,0.04864955785607461,0.0,35.068249160193574,0.06337848084754809,24,1686,64.0,0.12437810945273632,38.98112105591604,25.823996218884698
random27,human_random,0.12280835201486726,1.4562446735249368,16.178387834817553,0.04537884933835693,23,1730,69.0,0.7611940298507462,32.76488131524484,20.8080492061555,-0.12300333537165416,0.0,46.1562170817236,0.06845801152773633,24,1730,69.0,0.004975124378109453,37.495335002469346,24.580652956607874
men27,human_men,0.29700637194615237,1.2060470326418569,34.53630389268605,0.059248915713726195,23,1684,69.0,0.024875621890547265,31.513624133521624,21.29494809590785,0.0537344451303219,0.0,51.2722196063821,0.07217909062376485,24,1684,69.0,0.009950248756218905,36.52298842352191,23.994734643483717
random28,human_random,-0.107486322063276,1.0920707844906572,21.34521509403084,0.049566480941882554,23,1731,68.0,0.4527363184079602,31.534211963065225,21.17744850325222,-0.24905023966961107,0.0,38.35907481862621,0.06639144939020178,24,1731,68.0,0.014925373134328358,33.15335839337545,22.957512213363188
men28,human_men,0.2594729034834108,0.6724636372451626,24.833457943612913,0.052649300764112464,23,1728,68.0,0.39800995024875624,34.642875940792464,23.607018358303293,0.15774664553103343,0.0,27.789806791007564,0.05719097125413979,24,1728,68.0,0.3034825870646766,38.24470706210606,24.70952730565706
random29,human_random,0.20747574124806467,1.6075179147467242,31.174813050507012,0.0646026852311795,23,1639,64.0,0.06965174129353234,34.63697349719075,20.993499481435602,-0.10966697042459875,0.0,63.83963133271123,0.08335035898182883,24,1639,64.0,0.004975124378109453,35.34043029210986,24.80638837024436
men29,human_men,0.10550864164844477,1.2685336919890708,26.558673410329686,0.05390049406073404,23,1739,69.0,0.208955223880597,33.55005029886721,21.271611590528046,-0.10635376867274267,0.0,47.49135710258894,0.0701619843073519,24,1739,69.0,0.009950248756218905,39.416458368641386,24.665882005877183
random30,human_random,0.07163831272393881,1.3684910366189675,16.154823237039434,0.04339346324008666,23,1692,64.0,0.7860696517412935,32.331575766077506,21.371173347946577,-0.15119399109629222,0.0,44.34928771256399,0.06690641571869373,24,1692,64.0,0.014925373134328358,35.57735486882005,23.81946797633718
men30,human_men,0.18224515582858913,1.120577771728793,16.017433176835347,0.0390591614051409,23,1743,71.0,0.8258706467661692,33.512194503203766,21.560944775435583,-0.012540204507077114,0.0,30.90648449373285,0.0527971622637099,24,1743,71.0,0.15920398009950248,36.00845774057614,24.34541914186504
random31,human_random,0.1117511609002437,0.7916983446972004,25.90316516626405,0.0569724427721523,23,1735,69.0,0.3383084577114428,36.34659471698934,23.553719850099288,0.0020127272745746293,0.0,32.16352431066225,0.06059031874684974,24,1735,69.0,0.13432835820895522,36.14998617657745,24.221915534189762
men31,human_men,0.14410553181520133,1.140912246828714,39.013016720036404,0.0769454223344862,23,1645,67.0,0.024875621890547265,34.96715371904807,21.863456850814664,-0.058765614556011474,0.0,55.87936482750132,0.08525658571580995,24,1645,67.0,0.004975124378109453,37.81654565583783,25.032532206131282
random32,human_random,0.03388258749895168,0.8675859459023686,19.134740200863583,0.04838325826818338,23,1644,62.0,0.6616915422885572,33.95035652249054,22.134556219825,-0.08601575935777513,0.0,25.830688327365124,0.05347161960696794,24,1644,62.0,0.39303482587064675,35.10491879727554,24.612693179989936
men32,human_men,0.17770991890101728,1.2345513330703983,32.792842095140394,0.058979347967867295,23,1690,68.0,0.03482587064676617,31.060392617573445,21.267114204287488,-0.042491893028640704,0.0,50.62299786383359,0.07127390643300785,24,1690,68.0,0.009950248756218905,38.782098978780866,24.806640597139605
random33,human_random,0.09918490606556529,1.0244615355767024,26.012042343942888,0.05606206300187259,23,1632,63.0,0.263681592039801,35.288066481566226,22.11838910827019,-0.07283629138168018,0.0,38.337736523373934,0.07050701135878285,24,1632,63.0,0.05970149253731343,39.879658908186784,24.98280554259014
men33,human_men,0.060410815251567634,0.9225450066127815,28.274729619031852,0.05806798317861763,23,1703,68.0,0.15920398009950248,34.59378250316152,22.061901653406043,-0.0746332090746421,0.0,38.12072502828886,0.06511150966079188,24,1703,68.0,0.05970149253731343,38.35918509592523,24.439923154043182
random34,human_random,-0.12805917485290777,0.8752586890358778,18.543294487817914,0.04804292758653703,23,1655,65.0,0.6467661691542289,34.09248989172967,22.32515248729668,-0.22708488470272065,0.0,25.485692514665953,0.05348695519042722,24,1655,65.0,0.48258706467661694,36.50319060648339,25.394264334197125
men34,human_men,0.29654961593814444,1.32555944235055,30.04766159117827,0.05868472007351801,23,1680,65.0,0.12437810945273632,33.39163619179867,22.29562376646853,0.022340597671377745,0.0,53.84565378144172,0.0724143131188727,24,1680,65.0,0.004975124378109453,37.02038932165501,24.696137083944414
random35,human_random,0.1197593480691739,1.0612906608094275,22.73332131740631,0.04838451623415116,23,1741,69.0,0.42786069651741293,33.6578177219473,21.893210573901666,-0.04865265413376731,0.0,38.27108774953464,0.056778833527442805,24,1741,69.0,0.03482587064676617,35.539302508372124,24.45136649081179
men35,human_men,0.2653564709622112,1.385382509366004,19.533115924548305,0.04862288823410933,23,1686,68.0,0.5373134328358209,32.0506947214588,20.356716021322516,-0.009396601766151085,0.0,44.75104248231588,0.0657091318062302,24,1686,68.0,0.004975124378109453,34.42062747823913,24.110907812762143
random36,human_random,-0.06788834477717512,0.6776237406421053,24.23871579158324,0.05060925759372252,23,1671,66.0,0.36318407960199006,33.06480340884267,22.443245134146327,-0.13793539025734222,0.0,28.758636745842736,0.054530374256446135,24,1671,66.0,0.31343283582089554,38.664929533395295,25.401457575546292
men36,human_men,0.29408381763481484,1.322091685585024,16.96837025915456,0.041959265825790355,23,1761,70.0,0.746268656716418,32.09465638503298,21.350681768801795,0.017647179752451034,0.0,41.4772144453581,0.06853755575352756,24,1761,70.0,0.009950248756218905,35.36197281592884,24.11187101978573
random37,human_random,-0.10976882421452896,0.6572689074871172,31.99963396885051,0.057377685731861486,23,1697,68.0,0.06965174129353234,32.951111244340055,22.545721474135735,-0.17419690333489773,0.0,36.04111789300954,0.05991575627783212,24,1697,68.0,0.07960199004975124,36.89272194466916,24.3307802544718
men37,human_men,0.2576469541277733,1.236392915740871,31.00218825669265,0.05922767587416464,23,1714,68.0,0.06467661691542288,31.713797997595986,21.654465491636692,0.0202074272138715,0.0,49.88097601861644,0.06919692194151757,24,1714,68.0,0.014925373134328358,36.70804431882286,25.15207742681733
random38,human_random,0.014586948734066262,0.9262183520306961,11.743369475924068,0.03399272765801398,23,1650,65.0,0.9701492537313433,35.88702544814478,22.127331212271326,-0.11160070233381612,0.0,22.44234709758912,0.046790528625719204,24,1650,65.0,0.5771144278606966,36.68494466004735,24.146861979441734
men38,human_men,0.15859668681360262,1.3396829205060528,27.865668274481493,0.05741535378459352,23,1711,65.0,0.14427860696517414,32.26062398613208,21.07988200440627,-0.08439229629189095,0.0,55.27678003235071,0.0742372949625304,24,1711,65.0,0.004975124378109453,35.92045913638438,24.474004743167438
random39,human_random,-0.016316122074379946,0.6413362743679645,24.55281548622626,0.053369676363270474,23,1714,70.0,0.35323383084577115,35.824638553035506,22.306456977370782,-0.08251664484769661,0.0,27.41056168899437,0.05535833346702909,24,1714,70.0,0.3333333333333333,37.08017216693453,25.035893568383923
men39,human_men,0.09918362144741372,1.0120060482753315,40.5545523905374,0.0662149618798513,23,1807,69.0,0.009950248756218905,31.917753619796404,21.713896063361133,-0.06752176836697472,0.0,52.85527783115279,0.07683507132173982,24,1807,69.0,0.004975124378109453,36.85580021874283,24.626213071707717
random40,human_random,-0.06640497369110454,1.0856190998039221,27.35969895469742,0.05176626350959076,23,1771,70.0,0.14925373134328357,34.89798269650106,21.51703860350199,-0.21555236548458465,0.0,46.40618214975122,0.06936580275257156,24,1771,70.0,0.004975124378109453,36.845002898093014,24.90300185735314
men40,human_men,0.16512995848563822,0.9610441258887833,23.571554912731838,0.050578366902106424,23,1808,70.0,0.3283582089552239,32.94296377972868,21.419018653117107,0.0017607195431221588,0.0,35.01567867682235,0.06240212020589154,24,1808,70.0,0.0945273631840796,39.217104763334525,25.145958772349093
random41,human_random,0.07869753912815362,0.9875032304383339,18.32859255950562,0.05540774970473986,23,1736,70.0,0.6467661691542289,35.89885935543429,21.804178590342893,-0.07740277364417181,0.0,31.767560959353375,0.06903464038399723,24,1736,70.0,0.1791044776119403,36.70768185228864,24.891457183670255
men41,human_men,0.20909557237236465,1.396139728223198,18.15480714264573,0.045626098537207824,23,1706,69.0,0.6467661691542289,32.59552153914996,21.31995462904169,-0.07131229697874994,0.0,46.60013905151813,0.07124734484327695,24,1706,69.0,0.004975124378109453,37.96246179296223,24.23472378011411
random42,human_random,0.023329153398832105,0.9749035029627044,23.3359080516339,0.05069316516771115,23,1670,67.0,0.42786069651741293,32.07695501995969,22.073194551917663,-0.11308398265028112,0.0,36.41262381582693,0.06214150837657913,24,1670,67.0,0.07960199004975124,38.46873889299198,24.858217196364386
men42,human_men,-0.03290260853838765,0.751953369303388,20.03733840455564,0.05114900805350589,23,1706,67.0,0.6467661691542289,34.308613485058444,22.621806568744997,-0.12024916077922103,0.0,25.505218315046964,0.055400812892543984,24,1706,67.0,0.4527363184079602,37.59427295723482,24.76629419841835
random43,human_random,0.0033478280787407836,0.8335949609989374,23.873147411009725,0.054480195619793226,23,1699,66.0,0.34328358208955223,32.371530043900954,21.852445922231254,-0.10864059466596569,0.0,31.590749374411445,0.06324642831025686,24,1699,66.0,0.14427860696517414,37.792647213014874,24.148347208656716
men43,human_men,0.3243499659797353,1.42444277988088,30.10907766657605,0.06003765568643051,23,1696,67.0,0.06467661691542288,30.70891959956294,20.728407158598685,0.017122238723877872,0.0,55.87080214604654,0.08086418955312559,24,1696,67.0,0.004975124378109453,35.145173816721474,23.625517254650276
random44,human_random,-0.0996665995359515,0.8886986188697431,28.694493562205388,0.05791042275239598,23,1683,66.0,0.1691542288557214,35.678234874443504,22.549453685813372,-0.20432458169342782,0.0,38.13034152636582,0.06764747099526568,24,1683,66.0,0.03482587064676617,35.5032979093982,24.362579832861517
men44,human_men,0.6008081775942272,1.5201128831147943,35.3869897649823,0.05997193908618761,23,1809,70.0,0.03482587064676617,32.88102076182637,20.413710960300165,0.18823388772191016,0.0,66.86157417274804,0.08378737410358371,24,1809,70.0,0.004975124378109453,36.16969739961029,24.900521286459057
random45,human_random,0.02740312968402959,0.8487007840885337,20.610123750748926,0.04349574087059337,23,1783,72.0,0.5621890547263682,32.54929799029468,21.905285937310772,-0.08999049811979541,0.0,30.002812761025115,0.05475232219912098,24,1783,72.0,0.17412935323383086,39.404805750733296,23.958552348315997
men45,human_men,0.10958829007665791,0.9881153101161834,33.0812325406215,0.06203759988627702,23,1711,66.0,0.07462686567164178,33.84679754488188,21.955364931267876,-0.04610220001964113,0.0,44.192630335874654,0.07289409177306516,24,1711,66.0,0.014925373134328358,38.14449455627969,24.286346462866575
random46,human_random,0.010953183846722423,1.0158770039993892,12.907132656563089,0.04630726877946739,23,1710,68.0,0.9253731343283582,33.227028559416944,21.97972634509712,-0.13873971214994676,0.0,24.421474009252467,0.059518226920176824,24,1710,68.0,0.5174129353233831,37.59826456767084,25.233037895817162
men46,human_men,0.16774953280072097,0.9388351308198218,31.21581836950277,0.06289977329450287,23,1762,74.0,0.13930348258706468,38.47902853116908,22.683931705533425,0.015356656821273634,0.0,40.8186606971207,0.06824806280999311,24,1762,74.0,0.024875621890547265,36.99077262646132,24.653218014654986
random47,human_random,0.014185695119905114,1.206592741106202,25.185950741707657,0.05383651116384891,23,1697,68.0,0.24378109452736318,32.34558234055641,21.568033578204655,-0.17174778912503808,0.0,48.171704364618236,0.07481377261144921,24,1697,68.0,0.004975124378109453,37.425581403069394,24.577743100157264
men47,human_men,0.5272232893730777,1.7382823776495675,26.366082137717527,0.055413729103157415,23,1703,68.0,0.16417910447761194,30.7256567486437,19.912936951527602,0.06989872601972827,0.0,69.39406133975845,0.08733868963038303,24,1703,68.0,0.004975124378109453,35.76083099434855,23.3648390367716
random48,human_random,-0.10321294577188693,0.8523266199292437,25.450596798236255,0.05360534027970824,23,1719,69.0,0.30845771144278605,33.64360776013525,22.34376753797694,-0.19410184776861275,0.0,32.99514220372885,0.06189120422391364,24,1719,69.0,0.0845771144278607,35.83665673017732,24.25864372846295
men48,human_men,0.16241955987208082,1.057949029411502,22.1028548468064,0.052411339541796345,23,1616,61.0,0.4577114427860697,33.57662615034801,22.126735132903715,-0.013206391023449162,0.0,33.533242395690905,0.05890775730632689,24,1616,61.0,0.1044776119402985,35.2210688171863,23.596066309161344
random49,human_random,0.08891000422216726,1.3052013347312221,25.44987264202324,0.050825637509992645,23,1744,68.0,0.21393034825870647,33.21808053173003,21.045869236375587,-0.12591789330666125,0.0,50.6783180933039,0.07295484322936309,24,1744,68.0,0.004975124378109453,36.3325584329928,24.094343710352604
men49,human_men,0.30592185150159823,1.1189928417339192,27.284925929488658,0.05372879118490018,23,1748,69.0,0.19900497512437812,34.23675562983041,21.979601567332153,0.09116294478558698,0.0,42.93798032676163,0.06339453693798558,24,1748,69.0,0.009950248756218905,37.37684628766963,25.045750414311502
random50,human_random,-0.06544980245533008,0.5987851357852535,19.145174506673218,0.04797711910653226,23,1701,74.0,0.6666666666666666,33.620150909224826,22.618905806326516,-0.12915857289475038,0.0,22.032765700567833,0.05137194827800188,24,1701,74.0,0.6417910447761194,38.064457709017276,24.766474628673667
men50,human_men,0.25513484006745346,0.9117353581010857,20.657020059302845,0.0497629170672684,23,1674,65.0,0.5870646766169154,34.44396895946822,22.897193360147202,0.09382869296060259,0.0,29.31893085639806,0.05621048632784621,24,1674,65.0,0.2935323383084577,38.987104379260025,25.57899631034477
random51,human_random,0.11659906857590857,1.04300834697802,18.970062744719726,0.04208496193091435,23,1733,70.0,0.6218905472636815,34.184193224587204,22.17948451971016,-0.04753385137653795,0.0,32.394504207064195,0.05230310827648057,24,1733,70.0,0.14925373134328357,37.513283886512504,24.641373682905215
men51,human_men,0.2202371693072088,1.1161784973605984,36.874296686870665,0.06711717095446085,23,1727,69.0,0.014925373134328358,33.06579254618288,21.675780415027152,0.009556903737623149,0.0,51.317713997515,0.07563582111588076,24,1727,69.0,0.014925373134328358,37.00482319401141,24.84129801370931
random52,human_random,0.21437707448970406,1.1769169735833729,19.400415730679114,0.04948979699664304,23,1699,66.0,0.6567164179104478,34.75927736814279,22.778237386879916,-0.011927952699017755,0.0,40.42406375517039,0.06964510379485413,24,1699,66.0,0.024875621890547265,35.243996364779726,24.47950008522841
men52,human_men,0.45159600065929123,1.3232318557645815,36.16995377715107,0.06330958364696265,23,1737,71.0,0.03980099502487562,34.04436320947852,22.21851763199332,0.1360394400126599,0.0,56.019951192913446,0.07976493347855976,24,1737,71.0,0.004975124378109453,36.97852426753557,24.63436844367823
random53,human_random,-0.23168234550239195,0.5089279895899281,27.42904655962373,0.05356535459303212,23,1765,71.0,0.23383084577114427,33.75801208210723,22.923266703751434,-0.26653402950950966,0.0,28.824878269555178,0.05401680310320776,24,1765,71.0,0.23383084577114427,35.2683348436993,23.733985357707915
men53,human_men,0.3726195626657934,1.3711928625419127,28.0706607847402,0.0610924053349253,23,1680,66.0,0.13930348258706468,32.72886393186156,20.38595061395629,0.06020646784878951,0.0,52.28587405094058,0.07697992774839671,24,1680,66.0,0.004975124378109453,37.16166923031908,24.697066160498345
random54,human_random,-0.03996038301913391,0.9471543506599424,13.91151174555804,0.04230257515217741,23,1663,66.0,0.9054726368159204,31.912348037947538,21.18522113389408,-0.15531603706479963,0.0,24.167919913345216,0.05245711084857409,24,1663,66.0,0.4626865671641791,36.74319350520257,24.422950225296383
men54,human_men,0.14510138677725826,0.9009038880506165,29.6796615798843,0.056932766386342384,23,1693,66.0,0.11940298507462686,31.957458599572945,21.39259289944937,0.007111068876611381,0.0,38.23425997946205,0.062427529793632176,24,1693,66.0,0.029850746268656716,36.17967792242135,24.91097139952566
random55,human_random,0.0023536885560096147,0.9099413766229622,34.489767631049155,0.06202844142964128,23,1700,67.0,0.04477611940298507,33.43972478568322,21.925178638129367,-0.11785985710408493,0.0,43.05869573845162,0.06621417455689252,24,1700,67.0,0.014925373134328358,35.55577055396399,24.31680528038908
men55,human_men,0.13822983927809143,0.8940235308753963,25.151876271678606,0.05262355927563676,23,1734,68.0,0.23880597014925373,32.88409071781669,21.66429225131201,-0.002186160817805229,0.0,33.3156930047825,0.059638505644781396,24,1734,68.0,0.13930348258706468,37.46230287175836,25.215976731762822
random56,human_random,-0.022321340006102492,0.9617173208944008,23.777903645433227,0.04964874700482784,23,1673,66.0,0.3781094527363184,34.01991976062089,22.414773352953326,-0.15237918279021717,0.0,35.79022551361427,0.061591081402860175,24,1673,66.0,0.06467661691542288,37.73952772861554,24.67744705019407
men56,human_men,0.05288141204323862,0.791180095578933,28.864296645197427,0.05749474553638454,23,1683,66.0,0.1791044776119403,33.177298038451134,22.651935439179375,-0.04767119886208589,0.0,33.564815469871924,0.06157557862419899,24,1683,66.0,0.12935323383084577,37.7401167113636,24.384164606207296
random57,human_random,-0.037401393482538146,1.1304758504757695,25.639058869013923,0.05773180548430881,23,1669,66.0,0.27860696517412936,32.03272175702955,21.908934813411477,-0.1898482841792274,0.0,42.20826225561893,0.07168917910106883,24,1669,66.0,0.014925373134328358,36.8404188947284,23.42598530734127
men57,human_men,0.27681730170151,1.2365160775451745,28.1114376344099,0.0545107416042299,23,1703,68.0,0.15422885572139303,33.091051394485476,21.707659177526985,0.03357684775680122,0.0,45.73327683536992,0.06711892121356901,24,1703,68.0,0.014925373134328358,36.82808901546598,25.67895566814126
random58,human_random,0.048610093417446154,1.0862093668885366,19.68178176669818,0.04801986011435872,23,1644,63.0,0.5771144278606966,32.912230010484876,21.3182979518532,-0.11266309467585249,0.0,34.317073105206575,0.06418892447578188,24,1644,63.0,0.07960199004975124,36.15924731652032,24.041632949993144
men58,human_men,0.07283389794269166,0.9565101466339446,31.064070616104196,0.057317390858249655,23,1770,72.0,0.10945273631840796,34.16663053359734,22.52844193981697,-0.0681110940053214,0.0,41.877095186216884,0.06150681649209485,24,1770,72.0,0.024875621890547265,37.568263928493984,24.964852939950887
random59,human_random,0.00910079719713048,1.1201899111676084,24.333334390606595,0.054113759745543576,23,1699,68.0,0.2935323383084577,35.42397354923902,21.89148511037376,-0.14484878676901397,0.0,40.369143251668824,0.06835788735801711,24,1699,68.0,0.029850746268656716,36.612172605755326,24.433462948967236
men59,human_men,0.16462526685633416,1.0032632222803486,37.91108861289268,0.06411031107538788,23,1756,70.0,0.009950248756218905,33.0120598933639,21.740355575540807,-0.0015229671425704629,0.0,49.46516375045552,0.0712288696936742,24,1756,70.0,0.009950248756218905,38.491699739266224,24.45751786227317
random60,human_random,0.09091962595995932,1.1164259350549808,14.084590049195544,0.03659932304651902,23,1732,71.0,0.9154228855721394,33.11433413571102,22.111880731765435,-0.09628477930673954,0.0,34.594241551298026,0.05764649213163355,24,1732,71.0,0.0845771144278607,39.2628729923615,24.7914040962726
men60,human_men,0.257527070272145,0.9789545167854806,23.229255570887787,0.05477951103201758,23,1729,67.0,0.4129353233830846,32.21781084754317,21.912361751759555,0.07592325854420681,0.0,34.35527448226205,0.06485687662159191,24,1729,67.0,0.07960199004975124,37.069130280870596,24.612580017765005
random61,human_random,-0.0650275862438292,1.272263704110334,23.564185587418827,0.06193493216124021,23,1736,67.0,0.3283582089552239,31.039017388475497,21.081782494585305,-0.23477893236125857,0.0,42.561590928954764,0.07464965841745025,24,1736,67.0,0.01990049751243781,36.62411326419826,24.769831782487557
men61,human_men,0.2261653126275636,1.0827119931761395,23.16224853617369,0.052826674579630195,23,1629,64.0,0.4626865671641791,31.8352238450856,22.243827245645647,0.017547678203283866,0.0,38.504466427474156,0.0650313847087604,24,1629,64.0,0.03980099502487562,37.307194113804854,24.86049413515632
random62,human_random,-0.015946502216427013,1.3071700244635127,23.757269460850836,0.05599946280739463,23,1767,69.0,0.32338308457711445,33.14424104027598,21.25485980219538,-0.20518392500055246,0.0,50.00248134970233,0.0757798559639377,24,1767,69.0,0.004975124378109453,36.590050317238784,24.176186750598045
men62,human_men,0.06603637028509973,1.1876819430134846,47.35740951570405,0.07225476989665147,23,1720,69.0,0.009950248756218905,34.36701777521127,21.714987868921483,-0.10916984855163239,0.0,61.79159191263835,0.08058154384833084,24,1720,69.0,0.004975124378109453,37.50060642896512,24.560231935573984
random63,human_random,0.01735533155690202,0.9377345293627151,21.128275651237935,0.0496855279428101,23,1672,68.0,0.4577114427860697,31.44986919412799,21.16550556707799,-0.11282567476818635,0.0,30.635158595810815,0.059625695583805836,24,1672,68.0,0.19900497512437812,35.6388488864512,24.67662633047127
men63,human_men,0.2864855164390467,1.1387089540890252,16.991552465455126,0.044358544875718595,23,1699,69.0,0.7611940298507462,34.190857391298806,21.943155344134585,0.05975636114526223,0.0,32.22216882537687,0.058739363121872695,24,1699,69.0,0.17412935323383086,37.19802761597565,24.768148166308276
random64,human_random,0.030568573414850288,0.6359552523317489,10.696625421291436,0.03703263482858041,23,1653,66.0,0.9800995024875622,33.92660640584492,22.265554433811964,-0.04399252650429761,0.0,13.676922629848606,0.04064088467757205,24,1653,66.0,0.945273631840796,36.92084058881089,24.96467851710679
men64,human_men,0.3491807781621088,1.4012863637074795,19.29098999163182,0.04849249918483995,23,1636,63.0,0.6019900497512438,34.01166304878001,21.47530653315974,0.04696562483446967,0.0,44.93420775547966,0.06827180106631389,24,1636,63.0,0.014925373134328358,37.72298532319945,24.04802890392295
random65,human_random,-0.11757473615924241,1.3369992419272905,20.916469872705413,0.057975179436017925,23,1607,61.0,0.4626865671641791,33.943394277202515,21.41432775654408,-0.29219770242121823,0.0,48.30343929775948,0.08181177161580684,24,1607,61.0,0.009950248756218905,39.71559250740319,25.70956403826746
men65,human_men,0.13106761220527624,0.9062946338449579,18.638605385745983,0.04972118895682888,23,1700,72.0,0.7014925373134329,33.53962228846426,22.257359995083416,-0.012114739513493226,0.0,27.448270820646563,0.0559280732212753,24,1700,72.0,0.36318407960199006,35.87141305516935,24.99230196294444
random66,human_random,-0.08426419484459795,1.101457768225283,22.75555418363692,0.052402428018025776,23,1663,63.0,0.4079601990049751,32.57716204365785,21.539045011617006,-0.22595428655123892,0.0,41.714131343694184,0.06970043256266326,24,1663,63.0,0.03980099502487562,36.917722014018366,24.221278417976077
men66,human_men,0.07825664913082808,0.6362914370324247,41.52232112692742,0.06867656414382699,23,1684,65.0,0.009950248756218905,35.37262021675509,23.162958662203433,0.0016575911375591927,0.0,44.221749364410634,0.07075814405994181,24,1684,65.0,0.009950248756218905,38.814371047426086,25.059291804442832
random67,human_random,-0.10626918821369497,0.760572255580794,25.959932880503192,0.054830497349932936,23,1752,69.0,0.26865671641791045,35.75272948199552,22.843258043478578,-0.1849388199309074,0.0,30.777610296558038,0.05959056115194386,24,1752,69.0,0.17412935323383086,34.78845606246706,24.286074444188863
men67,human_men,0.2584425219347446,1.1802573658433329,18.201460955160016,0.040830138452833696,23,1736,69.0,0.6766169154228856,32.058809134692694,21.573395210720218,0.027914197330814888,0.0,36.692749987988535,0.05869199737157859,24,1736,69.0,0.06965174129353234,36.98910105424195,24.855162372464275
random68,human_random,0.003708566975100778,1.0407723336584012,23.50649660725774,0.061384934251938236,23,1728,70.0,0.3781094527363184,33.605238913391,22.062720742318625,-0.1420383562368318,0.0,37.316830346795705,0.0719013692286482,24,1728,70.0,0.05970149253731343,37.3422986506881,25.241604831560462
men68,human_men,0.3380930649820342,1.559478527109868,18.00287081416535,0.04540319493148481,23,1703,65.0,0.6368159203980099,30.985417683428413,20.565950727515553,0.0016234653763534507,0.0,51.405864575495386,0.07114425201505664,24,1703,65.0,0.009950248756218905,38.985843532274906,24.618175777027744
random69,human_random,0.013988357032487336,0.9664409878998049,15.201523554644094,0.041560292832342,23,1700,66.0,0.8159203980099502,36.275178760905305,22.145004926926273,-0.127133311135931,0.0,28.0918252360837,0.05696987086882414,24,1700,66.0,0.2736318407960199,35.385509690956674,24.309571027246587
men69,human_men,-0.050758431464813895,1.0906777900108664,24.16948619732121,0.05835170747848477,23,1669,62.0,0.27860696517412936,33.17123721895984,21.53270905168103,-0.1947983141084628,0.0,37.40572517022209,0.07134099573982569,24,1669,62.0,0.05472636815920398,35.66656864757421,24.260801890094626
random70,human_random,0.014468441020777012,0.7889132328112609,16.92796815555225,0.051945062343803555,23,1675,66.0,0.8208955223880597,33.96056747017519,22.751386886541987,-0.0914460994656183,0.0,22.983150715918885,0.059451401524845904,24,1675,66.0,0.5373134328358209,36.220912635128144,24.19078446811385
men70,human_men,0.38674587867213006,1.4995966772284386,42.557291612242786,0.06963052195917291,23,1665,64.0,0.004975124378109453,31.875971583828832,21.01334537974347,0.046858922585744034,0.0,66.14660674158556,0.08587023416669272,24,1665,64.0,0.004975124378109453,36.880519416187234,23.896124454991718
random71,human_random,-0.18895709948620065,1.0484663377930108,29.378768255479066,0.06095062733152844,23,1643,64.0,0.08955223880597014,30.130486450961563,21.066796671449794,-0.29758095571060883,0.0,43.08707246552946,0.07058560317295755,24,1643,64.0,0.009950248756218905,36.42524611532059,24.561925663679695
men71,human_men,0.2662758029994173,0.9753641777568705,34.80024701230415,0.06293541103855167,23,1730,70.0,0.03482587064676617,33.63003157754628,21.911226501439003,0.09297154214153086,0.0,45.205096110535635,0.07113482360753098,24,1730,70.0,0.009950248756218905,33.21894229118069,23.848922146477424
random72,human_random,-0.07917676452493383,0.9365215859183609,18.543778833307005,0.045958337153345984,23,1728,67.0,0.6766169154228856,35.152376700757166,22.13385076555248,-0.1896839730025361,0.0,28.416547806022997,0.054138127542574535,24,1728,67.0,0.27860696517412936,38.43868933146995,24.932660103314984
men72,human_men,0.2925764638051731,1.2891205701779307,22.939361088773268,0.06485962814975473,23,1692,66.0,0.36318407960199006,31.33951778688051,21.112240365384068,0.033248629444321366,0.0,43.11711072577092,0.07396278267073908,24,1692,66.0,0.009950248756218905,35.33116567865425,24.27704195636661
random73,human_random,-0.07726224082587616,1.073339212235582,39.49631996019619,0.06827984944888804,23,1672,66.0,0.009950248756218905,32.85870115337629,21.427280624782608,-0.19712192231779507,0.0,51.886976530053744,0.07395401486036805,24,1672,66.0,0.004975124378109453,37.08668580741461,25.195609851839286
men73,human_men,0.4079125066985686,1.0687723499984072,15.740459669410821,0.042547292341212364,23,1718,68.0,0.7512437810945274,31.635302781405553,21.091215402588478,0.17392933389906048,0.0,29.493762820099914,0.05727649158837979,24,1718,68.0,0.25870646766169153,37.91733614097387,24.723011716222107
random74,human_random,-0.06674637141759943,0.9566206787766419,12.429127261761176,0.03655909283090462,23,1716,70.0,0.9601990049751243,32.729127455783576,21.835199177201776,-0.18904345863055005,0.0,24.063732697891005,0.05018034410086014,24,1716,70.0,0.5024875621890548,38.70924834271828,25.131588770420336
men74,human_men,0.10299245524586065,0.9028097157446933,24.51931123886523,0.05104185790663563,23,1745,70.0,0.38308457711442784,34.09811699534353,22.468184309324496,-0.03094798640232311,0.0,33.3365554409634,0.05803084456456126,24,1745,70.0,0.11940298507462686,39.78320346645784,24.893776209273884
random75,human_random,0.07447952921906782,1.1273244518574894,25.7521493661481,0.05598867904042992,23,1729,69.0,0.24378109452736318,34.46758961777681,21.61208919460869,-0.10583871341419596,0.0,44.6075218488605,0.0719346642398945,24,1729,69.0,0.01990049751243781,37.0714952221471,24.42698145774257
men75,human_men,0.2944701546175761,1.228977809177196,12.115126343033525,0.03807477611276444,23,1707,66.0,0.9353233830845771,31.061460869841305,21.232597293981353,0.04433385780215133,0.0,32.25756908763228,0.052905573873046764,24,1707,66.0,0.13432835820895522,35.75986820199756,24.247755625116316
random76,human_random,-0.06148507762316481,1.232677576363551,15.332211373017058,0.04214670215788801,23,1733,67.0,0.8606965174129353,35.88277550445191,22.68885071829367,-0.2257305321658972,0.0,37.91424623021221,0.06253523142778936,24,1733,67.0,0.04477611940298507,36.506179685450874,24.65710697775449
men76,human_men,0.18611342867153477,0.9199952207166394,25.33318390715032,0.05852328810185531,23,1679,65.0,0.30845771144278605,33.53920334165695,22.205192020494422,0.02942189714754682,0.0,33.96946627349637,0.06645671805679867,24,1679,65.0,0.08955223880597014,36.745775683456344,24.698505635300272
random77,human_random,-0.05200088831971425,1.2115079747605428,25.939445239984977,0.05595164374968612,23,1607,62.0,0.2537313432835821,34.66225049202787,21.962370960865037,-0.21125441431012532,0.0,46.5439596914737,0.07368446893685793,24,1607,62.0,0.014925373134328358,36.40243916075542,23.862920873017412
men77,human_men,0.4600855437632747,1.1422206532602044,24.67106031423174,0.05675381751961616,23,1675,66.0,0.39303482587064675,32.90377780041162,22.243577199152206,0.2003109185823117,0.0,39.356977102098796,0.06933076289281041,24,1675,66.0,0.024875621890547265,36.072273852659755,24.04213366040489
random78,human_random,0.06278929317456727,1.0106735475270274,24.642801710689625,0.053083333214021415,23,1714,65.0,0.2935323383084577,33.302047898840975,21.549683093246177,-0.0860194577423195,0.0,37.50773511635492,0.06279421748671524,24,1714,65.0,0.04975124378109453,36.906568469541774,25.408608609322936
men78,human_men,0.3902319882228602,1.0682878574952606,25.46798129404715,0.04830411334685611,23,1766,70.0,0.3283582089552239,33.86782221620424,23.301376506813664,0.16664391026221315,0.0,36.62504472990752,0.05691746518881376,24,1766,70.0,0.06965174129353234,39.133219092658024,25.296080431379515
random79,human_random,0.1347400950280751,0.8660046137010466,21.1552192258207,0.04097227194468963,23,1722,72.0,0.5323383084577115,34.3964137872888,22.064088233054402,0.004357309311253275,0.0,28.414969121013474,0.048658932645082156,24,1722,72.0,0.25870646766169153,35.826730741233206,24.143791652057374
men79,human_men,0.22033477714688293,0.88382605444388,32.237133319647214,0.06129854202178072,23,1721,64.0,0.06965174129353234,34.878400806042904,22.812953327703564,0.07214943850045515,0.0,39.96806328028575,0.06806450164210648,24,1721,64.0,0.029850746268656716,36.81288998188879,24.732113389827955
random80,human_random,0.2265994302917793,1.15524506428571,16.692343442213424,0.04404220065413808,23,1646,67.0,0.7661691542288557,33.315426843328645,21.972258409365818,0.016489525614730036,0.0,33.73779779442427,0.05608797591521013,24,1646,67.0,0.0945273631840796,35.60035757735719,25.230442514633115
men80,human_men,0.009583470018483786,0.9559036615613176,31.535966375827627,0.06438287139499749,23,1723,68.0,0.06965174129353234,31.83681826342929,21.527622914350815,-0.11673639311707609,0.0,43.04908981343041,0.07136589692718634,24,1723,68.0,0.029850746268656716,38.3655470065237,25.066529855646905
random81,human_random,0.09400303236268365,1.20273300677324,19.390351565228713,0.046310540414628086,23,1623,62.0,0.6019900497512438,34.23246777219115,21.855839293904204,-0.11130303309835339,0.0,38.87356162600662,0.06577546631515083,24,1623,62.0,0.04477611940298507,37.3255104599765,24.30047938243004
men81,human_men,0.29798541647295307,1.3801593382095407,27.27254925116249,0.0602735901771487,23,1626,66.0,0.15422885572139303,33.29129828049438,20.603422020183157,0.014460677447905903,0.0,49.95379403526762,0.07343373426559585,24,1626,66.0,0.009950248756218905,36.22579482803803,24.112821436905005
random82,human_random,0.04386867056421821,0.8831984502738661,27.618179198257586,0.059702342220683234,23,1659,67.0,0.21393034825870647,33.64211636434696,21.802613251464646,-0.0769512173768451,0.0,34.869558519469486,0.06274029327898362,24,1659,67.0,0.08955223880597014,36.639102524100316,24.17193856947173
men82,human_men,0.12041961902550076,1.1999668751436123,35.252608252143325,0.06755622758565405,23,1676,67.0,0.05472636815920398,34.62763900632773,22.093724429301425,-0.08208937259445398,0.0,51.596731479926206,0.07812782031576075,24,1676,67.0,0.009950248756218905,37.19460049866357,24.79905460032117
random83,human_random,-0.055684542191138164,1.022001572043549,22.885421839902186,0.055154200622125255,23,1695,70.0,0.42786069651741293,33.78748938217853,22.039012035991128,-0.19495064038161442,0.0,36.41621543470815,0.06678826262382959,24,1695,70.0,0.0845771144278607,39.16229985509019,24.600717852121708
men83,human_men,0.1995928512289835,1.120966437341737,28.736466182242836,0.060502814619064954,23,1667,68.0,0.1691542288557214,34.15826010090429,22.229219561800555,-0.0030480218484467397,0.0,43.70550544070412,0.06867381547421415,24,1667,68.0,0.014925373134328358,39.12195779007715,25.277196332386346
random84,human_random,0.01404650215330146,1.0915361247338904,18.209148633506445,0.052816926794813125,23,1681,66.0,0.7313432835820896,34.38320382167238,22.24032186723564,-0.1491172597703696,0.0,33.545136298616825,0.06516822099389168,24,1681,66.0,0.07960199004975124,34.90742245568606,23.656149920137224
men84,human_men,0.4000031604094401,1.568466477577135,33.809270615753036,0.06385123268962271,23,1740,74.0,0.05472636815920398,32.67403529686243,20.902371143133852,0.02376940532613055,0.0,67.85058229496411,0.09243951502512524,24,1740,74.0,0.004975124378109453,38.103272116147345,25.09367211220134
random85,human_random,0.21985370225048895,1.0985673577189183,17.44777960747528,0.0480083595735899,23,1669,65.0,0.7064676616915423,32.69796681063618,21.995800412917053,0.019127202241504042,0.0,34.4647145104676,0.06217319357626933,24,1669,65.0,0.07462686567164178,35.632616010668,24.49400071350594
men85,human_men,0.22478978785915685,1.1918142316432145,20.263885446002973,0.0550904260916947,23,1756,74.0,0.5522388059701493,33.591056944237046,21.94505777673893,0.00495777470954992,0.0,42.46405964068863,0.0663185602814689,24,1756,74.0,0.024875621890547265,37.99211775058348,24.649802809631957
random86,human_random,0.06678235151861461,1.2342153333875807,22.05566480477253,0.04941199854273569,23,1776,69.0,0.38308457711442784,32.02319951385123,20.94534406889451,-0.13129550860989825,0.0,42.634658145957445,0.0645139599210127,24,1776,69.0,0.03482587064676617,38.21525068713062,24.882988296033037
men86,human_men,0.1715866705446687,0.8279690055408465,32.002345876579795,0.05806382147657549,23,1746,70.0,0.07960199004975124,33.27658050437243,22.590266063580774,0.041666685282388365,0.0,39.03331072879973,0.06488187800910515,24,1746,70.0,0.03482587064676617,36.97507304861627,24.938729013457618
random87,human_random,0.1432471880102477,1.10632219902242,20.532090025274968,0.0532534810862024,23,1703,70.0,0.5522388059701493,32.77379546436358,21.78957693716979,-0.050723082717411924,0.0,37.27763133472823,0.06865551174521024,24,1703,70.0,0.024875621890547265,34.79586517628173,24.58285708160167
men87,human_men,0.2875509464829552,0.9527892749655595,24.968470596458737,0.04902485387437833,23,1776,72.0,0.26865671641791045,33.81706650387864,21.06120960599852,0.11951698332878735,0.0,33.26754660601712,0.05418594192403483,24,1776,72.0,0.11442786069651742,41.029280658022344,24.94549749878414
random88,human_random,0.10761895554177758,1.1648591842550884,35.1620933326667,0.06761501740734728,23,1717,71.0,0.03980099502487562,33.43665618438122,20.896120312627545,-0.0921982644805148,0.0,56.321926598616955,0.0837198897617026,24,1717,71.0,0.004975124378109453,37.465174483687655,24.43329962079588
men88,human_men,0.4233503804704779,1.328041187369235,22.37339085845005,0.05575732155011205,23,1650,63.0,0.42786069651741293,33.411647531324036,22.4275334989975,0.12831160095513736,0.0,43.00007209920938,0.06906328635646973,24,1650,63.0,0.009950248756218905,37.42946450014069,25.53928846387363
random89,human_random,0.03583967886663593,1.2146261480176903,19.781041127623908,0.050277516153520975,23,1619,65.0,0.5422885572139303,33.169780149174315,21.460486834822074,-0.14922673317789578,0.0,39.787375685458684,0.06589224865424477,24,1619,65.0,0.014925373134328358,34.971829296370146,23.87896761504197
men89,human_men,0.23266656388917117,0.807180286275717,22.57639848560257,0.05133613675947173,23,1602,61.0,0.4925373134328358,33.88222866647558,22.754321492961672,0.10019028755497637,0.0,27.974828481812857,0.05617439579650706,24,1602,61.0,0.20398009950248755,37.46628714429982,23.844960760363765
random90,human_random,-0.1300153404398759,1.1171036407256218,17.944926242816262,0.05073558901914231,23,1693,67.0,0.7064676616915423,35.786519074495445,22.04536736478396,-0.25877307566892316,0.0,35.65290847362166,0.06656218743750145,24,1693,67.0,0.07462686567164178,36.81403278585407,23.783186650162197
men90,human_men,0.25290112309912005,1.0801718980439146,21.86931762043654,0.04692252067890049,23,1707,68.0,0.47761194029850745,34.11953851678404,22.45106062607142,0.05793575605660201,0.0,35.149184914306545,0.05748626706735821,24,1707,68.0,0.0845771144278607,37.67172153211621,24.17136169136791
random91,human_random,-0.1338604062381934,0.5985796357125466,29.73989209643124,0.05507712668487063,23,1685,66.0,0.18407960199004975,33.718127006809716,22.955537249019507,-0.18360545643728265,0.0,32.00021216927432,0.05697868805129777,24,1685,66.0,0.17412935323383086,36.99678507399448,25.10098922269013
men91,human_men,0.30061965824348486,1.2914270770508374,28.75761362851027,0.055791774667211566,23,1782,73.0,0.11940298507462686,33.44250186762115,20.878070221321938,0.03822400871126151,0.0,51.012498799911754,0.06882380640634515,24,1782,73.0,0.004975124378109453,37.19385948681482,24.522575656943555
random92,human_random,-0.03914539070176593,1.089028019303873,17.73797400389874,0.04811926744613407,23,1730,67.0,0.7263681592039801,34.204567913111354,22.251550517553657,-0.1869559728183,0.0,34.40363204504026,0.06262095770872647,24,1730,67.0,0.14427860696517414,41.22723469972393,24.76784250126697
men92,human_men,0.09441983884786236,1.0930953284244802,20.670868782951665,0.05356088482633829,23,1665,68.0,0.5472636815920398,33.91780925113889,22.07909726187423,-0.08580874533778109,0.0,35.88407563849611,0.06867548146938063,24,1665,68.0,0.09950248756218906,38.038280853618055,25.149365866488562
random93,human_random,0.16466094424649602,1.2707089906327989,28.59668294690578,0.05383628014777364,23,1742,66.0,0.16417910447761194,32.761634425409355,21.34117161411907,-0.06787249756872006,0.0,53.9405508330057,0.07268686518268389,24,1742,66.0,0.004975124378109453,37.17503439552685,24.712806975348485
men93,human_men,0.1652735608371642,1.0537950733133281,30.829875785040173,0.06041865236462956,23,1712,69.0,0.12437810945273632,33.87834074127146,22.593424608062016,-0.013751260899579038,0.0,43.336614118496904,0.06863343826284506,24,1712,69.0,0.01990049751243781,36.33840981372385,24.268259077288022
random94,human_random,0.05139749831958748,1.1425722366806044,30.56379162551054,0.05292638113743749,23,1800,75.0,0.09950248756218906,33.54381790529857,21.961260409644947,-0.13790117312710204,0.0,54.08942657469542,0.07188235502443585,24,1800,75.0,0.004975124378109453,37.865579458003,24.998733287415533
men94,human_men,0.25281405468961304,1.0700834055441009,16.00503735156236,0.042932866469753285,23,1804,76.0,0.8009950248756219,34.97470196110229,21.844275138526914,0.04300158768170579,0.0,30.954025200815526,0.05789655441134561,24,1804,76.0,0.15422885572139303,34.94839292489001,24.614064348522202
random95,human_random,0.10572690343712715,0.9701356287259345,25.767840722389575,0.05343343535613455,23,1699,69.0,0.2537313432835821,35.01223258040809,22.141633270907132,-0.06131797017975596,0.0,39.518697345875424,0.06798471973026961,24,1699,69.0,0.03482587064676617,37.16235933642615,24.35221401230948
men95,human_men,-0.04102374545095597,1.2680012885836998,17.551190112689717,0.04856445254764607,23,1706,70.0,0.7512437810945274,32.27361889991683,21.85945905173113,-0.2182579041993683,0.0,41.86404480801379,0.0685896772602398,24,1706,70.0,0.014925373134328358,37.23009745108489,25.14533035188978
random96,human_random,0.01574445376229943,0.7041301678797764,18.550295824224172,0.046661537686024254,23,1667,66.0,0.7512437810945274,37.13705894256643,23.469693025351575,-0.07126904795028183,0.0,22.390640031112245,0.05136169926549076,24,1667,66.0,0.5870646766169154,36.81169128353984,24.726166189264845
men96,human_men,0.19380683384268424,0.9863688828441574,18.843734074447426,0.0506809720578362,23,1808,70.0,0.6218905472636815,35.69310468667815,21.73398017127291,0.013791774955227218,0.0,30.78603486448009,0.06368435094956748,24,1808,70.0,0.13930348258706468,34.46980400664072,23.901051368008016
random97,human_random,0.059418042046104555,0.9341309663765248,29.6470700611968,0.055916104221702914,23,1696,66.0,0.15920398009950248,35.74044058522852,21.767797035630494,-0.08048558089549661,0.0,41.62396566327722,0.06630251886407226,24,1696,66.0,0.03482587064676617,38.98395248647964,24.404848308189003
men97,human_men,0.1793066843895182,1.3699465292898356,30.15085973870638,0.05944220401843841,23,1775,72.0,0.08955223880597014,32.54572746762189,20.641044981113122,-0.07692487811979964,0.0,63.17987103097051,0.08031591925022345,24,1775,72.0,0.004975124378109453,39.173820201591944,24.24000930130891
random98,human_random,-0.034410144122356004,0.9188273358485601,15.071269508539176,0.04475490269300128,23,1678,64.0,0.8756218905472637,32.457987473799626,21.877789829140905,-0.15459697007259393,0.0,25.798960741535183,0.05728703251861239,24,1678,64.0,0.373134328358209,39.13676879337703,24.58227044947056
men98,human_men,0.33213630707966146,1.3155765859160125,36.51990104722151,0.06806892564745716,23,1710,67.0,0.01990049751243781,32.69917997692363,21.38402279382486,0.05413079626063805,0.0,63.730944822133026,0.08431767688623679,24,1710,67.0,0.004975124378109453,36.69948796914477,24.055883568278688
random99,human_random,-0.17211025078261355,0.8450008227598771,34.3614854832555,0.0629427558766957,23,1705,66.0,0.03482587064676617,32.62973916044816,21.6451116399098,-0.25227905851235694,0.0,42.71788981265363,0.06881182935863882,24,1705,66.0,0.029850746268656716,36.9798349330446,24.078271640955677
men99,human_men,0.3958351406370549,1.220705301442506,19.595576950053648,0.04846513622556962,23,1734,67.0,0.6069651741293532,33.123091927272434,22.00226985348898,0.12196864083581062,0.0,38.455763066334754,0.06299105264594514,24,1734,67.0,0.04975124378109453,37.439159648416535,25.111747653791117
