group,kind,tau,sd_robust,Q,k,mu,sigma
NousResearch/Meta-Llama-3.1-8B-Instruct,model,2.875721835359557,3.57035183172942,470.9245303116433,25,-1.9860589353730118,3.1377653561873418
Qwen/Qwen2.5-14B-Instruct,model,1.3418011975323403,2.758732255873414,430.6032170743895,25,-0.838359550315475,0.0
Qwen/Qwen2.5-3B-Instruct,model,2.9474292324288873,4.333560161074557,478.5070487908183,25,-1.9212516868623293,2.9364527618155596
Qwen/Qwen2.5-7B-Instruct,model,1.2937225663751086,2.0710485608844484,469.81809929549536,25,-1.0877160181484882,0.0
allenai/OLMo-2-1124-13B-Instruct,model,1.7815765933386432,2.3764532863385477,438.2641762344988,25,-1.5452042762741591,1.5204664661861877
allenai/OLMo-2-1124-7B-Instruct,model,3.2546300481772836,4.2468842459779665,535.9780972580903,25,-2.0873440711712856,3.0228892096453093
microsoft/Phi-3.5-mini-instruct,model,1.074347322486656,3.5588242569877258,258.3938665955014,25,-1.0345962897363243,0.0
teknium/OpenHermes-2.5-Mistral-7B,model,1.6754403105250426,1.9709434431096857,349.944837210517,25,-1.6818053146108518,1.7718944235765242
all 8 models,machine_pooled,1.6587008850311087,1.901064767716549,2846.671228666502,25,-1.4370609964802756,1.7984278026903102
r0,human_random_221,0.0,0.3492905904362956,21.380477345140562,25,0.013418462191348004,1.1888677436807655
m0,human_men_221,0.1565810049678246,0.386550951978193,30.983114919322027,25,0.3137977476501652,0.9917003100949364
r1,human_random_221,0.12773236645884564,0.30230769938536267,28.392710150020665,25,-0.006202878595431768,1.1977986063345072
m1,human_men_221,0.0,0.21694099625555352,18.79695455576611,25,0.22658589362256393,1.6079412451451074
r2,human_random_221,0.10800398209257774,0.27381687190668197,29.58748873758762,25,-0.1533626511883472,0.2441429939133625
m2,human_men_221,0.25342882341280026,0.27940850676426865,41.21854730391721,25,0.16198345504826872,1.07263669676464
r3,human_random_221,0.0,0.17494499658449122,11.974675391431093,25,-0.20441042033876525,0.5857476966443512
m3,human_men_221,0.0,0.23607069571809552,21.823074888555972,25,0.21790748449858002,1.0754496586534767
r4,human_random_221,0.0,0.22765933854063686,18.213167828621952,25,-0.0350357085769864,0.5520334422470803
m4,human_men_221,0.0,0.3318790038575465,17.24448236236594,25,0.2624374160855589,1.2064393924948242
r5,human_random_221,0.0,0.1597533684785937,10.678022465297463,25,-0.09910891484756953,0.9589521692471175
m5,human_men_221,0.1483735766714014,0.408343080723421,30.55726402165124,25,0.29398273320348695,0.8536835627700737
r6,human_random_221,0.0,0.1905177999175507,12.796692957700719,25,-0.050595704492253216,1.092721826651076
m6,human_men_221,0.0,0.20074262863952316,18.844215057314596,25,0.25490906469030183,0.6249311725265394
r7,human_random_221,0.0,0.16458922334896636,17.213060177377177,25,-0.028596264992049272,0.9957849581214283
m7,human_men_221,0.1443927486233769,0.35780231668422513,28.839924779523393,25,0.20961247350626577,1.4068098720980433
r8,human_random_221,0.0,0.13169712299695677,6.87340924152889,25,0.028709512594967866,0.9034436306331596
m8,human_men_221,0.10904361696779862,0.23944707391088865,28.19429586456692,25,-0.04078637150074452,0.8483232582975295
r9,human_random_221,0.0,0.19351630344698553,13.824949471150818,25,0.01679358256344684,0.633902899048968
m9,human_men_221,0.20216703720436058,0.5264137830085589,34.54698064918825,25,0.1703994689832486,1.172081756634799
r10,human_random_221,0.0,0.20322522816679928,15.672277314769866,25,0.01354023459864964,0.9879789195922366
m10,human_men_221,0.05844138665844136,0.34260838935592325,25.081885534058067,25,0.17517365405185228,0.8493586567876009
r11,human_random_221,0.0,0.3111467603986119,21.589478686488974,25,0.029996345720162753,1.0581308930621371
m11,human_men_221,0.05924132448341281,0.3323887050616311,24.739816052151692,25,0.3183189050428809,1.4975157424689156
r12,human_random_221,0.0,0.2907164173736845,23.087907392772035,25,-0.2521040259119238,1.1340071182269391
m12,human_men_221,0.0,0.14049311174009538,17.009685110814658,25,0.16558168794471392,0.988575584773082
r13,human_random_221,0.0,0.20235681089140214,13.471309806671417,25,0.11467768933990888,0.6683770235196531
m13,human_men_221,0.24241610775217995,0.425338218954581,45.02880145715,25,-0.10610306387298879,0.7733245304730979
r14,human_random_221,0.0,0.34665869155300977,17.075841863439802,25,0.033928033442498076,0.9315734152820098
m14,human_men_221,0.0,0.24983400075856171,20.90681539409124,25,0.10969759372019489,0.9755970967121474
r15,human_random_221,0.10150039738161985,0.21429568032973959,27.13948280475138,25,0.06053785467868536,0.9916825375830579
m15,human_men_221,0.0,0.29283884025514073,19.222992876603183,25,0.19896825429620607,1.2469585859671848
r16,human_random_221,0.0,0.3173468612280043,21.338961900118786,25,-0.03953643344817046,0.8835876636623403
m16,human_men_221,0.211214040532084,0.35860117074627196,35.035864770484935,25,0.38316796490216054,1.212164526720049
r17,human_random_221,0.055423672001576316,0.23817401571056301,24.880048034536472,25,-0.02129071366223436,1.04705582663783
m17,human_men_221,0.0,0.3520260074976716,21.726395238326695,25,0.046639623652209285,0.9941077084737845
r18,human_random_221,0.0,0.2354291337521991,15.806468414554843,25,0.19695576901008605,1.0870998565576437
m18,human_men_221,0.0,0.20699474204236462,16.61445172717081,25,0.10878498239545575,0.7574997844016635
r19,human_random_221,0.0,0.20457845651463652,17.76745285922228,25,-0.07580069961169789,1.1783253773321312
m19,human_men_221,0.0,0.25282639152876346,21.729933131493667,25,0.1767916898978098,0.9337304554238026
r20,human_random_221,0.0,0.24308446404424386,13.216562698257054,25,0.11852828508368207,1.0133721164789904
m20,human_men_221,0.1410542313451764,0.29125443943507473,29.826732433868152,25,0.17051548467895306,0.9757824007329172
r21,human_random_221,0.0,0.2860029384236852,19.957195971944707,25,-0.1767066086095593,0.66365828417354
m21,human_men_221,0.08323672654688141,0.3402918810726861,25.998918811114052,25,0.1645350454060525,1.0540939422326567
r22,human_random_221,0.0,0.28462252050618353,22.3622673093383,25,0.009180473944789054,0.9109893604787258
m22,human_men_221,0.139633897551569,0.32304924940283003,28.725137373949536,25,0.24366025039819833,1.2285748059049637
r23,human_random_221,0.0,0.17870664889678906,14.054823358598435,25,-0.03895165218681275,0.8840625370036068
m23,human_men_221,0.11258059610257713,0.30051516242943016,27.47961468788746,25,0.3320711598402886,1.0767629039566733
r24,human_random_221,0.0,0.11607070936242408,9.214699063427426,25,-0.09377289202119307,0.5986060150092848
m24,human_men_221,0.057667751161932686,0.32902039116161164,25.057677722789755,25,0.13182005281624426,0.9033982964822608
r25,human_random_221,0.0,0.28557584139024483,18.141827476004273,25,-0.2013433162177538,0.9078440396839063
m25,human_men_221,0.0,0.37567921413555755,23.75865146663376,25,0.19154063170362795,1.1439398464069763
r26,human_random_221,0.20171389929862604,0.47811895762598117,34.09851407361005,25,0.07010523195689625,1.1722773799962274
m26,human_men_221,0.2160152805097179,0.38744651221327964,36.512377027653116,25,0.22680322407707892,1.1135519804415572
r27,human_random_221,0.0,0.20928088267813266,15.652592211604256,25,-0.1792311879880673,0.5705619921276408
m27,human_men_221,0.12259260387539471,0.44758592746807463,28.15706793366449,25,0.17835827147142694,0.9767102996372067
r28,human_random_221,0.0,0.3229544075390794,21.12396768354613,25,0.07277768807841861,0.960134955960513
m28,human_men_221,0.21116335452118415,0.4869741096046015,35.13377858323795,25,0.2374075198354933,1.1734286884268386
r29,human_random_221,0.0,0.29006804082483384,17.57133497616123,25,-0.02171609575715995,0.8112407991034547
m29,human_men_221,0.20009343034548,0.4099095582946111,34.734863431440246,25,0.17965586607725004,1.1140318476904505
r30,human_random_221,0.0,0.21783421985169213,16.03172718188764,25,-0.12652375291482026,0.6625629545353161
m30,human_men_221,0.0,0.23360354778590217,14.413276336456052,25,0.3330789037701386,0.8843959577931676
r31,human_random_221,0.1932298119525049,0.40485286895471334,34.173149466319614,25,-0.08229406527112015,1.1779200565432204
m31,human_men_221,0.0,0.36737783147387626,15.914969598785719,25,0.2928789619328982,1.0107109956543072
r32,human_random_221,0.12132006119209926,0.24233726260194036,28.091001230963318,25,0.005913308206092883,1.1609661508275422
m32,human_men_221,0.15202197623840485,0.2701774202387576,31.582348672267667,25,0.06320705109882538,0.8420779918554918
r33,human_random_221,0.0,0.20412011722055434,15.724468666244523,25,0.007337280097599222,0.8503084493183449
m33,human_men_221,0.2662992052695291,0.47966610270285753,44.579058619812855,25,0.24227210450389747,0.9847514459823059
r34,human_random_221,0.13642586276232002,0.3987182737726831,30.180547623739965,25,-0.08246506941482545,0.8649679581297975
m34,human_men_221,0.10599704278123136,0.25953873462633936,27.47270601269467,25,0.1688777708691958,0.956637051677474
r35,human_random_221,0.0,0.4559304713651141,19.683563103850197,25,0.18089829856857298,1.5397390714397554
m35,human_men_221,0.0,0.3466391761371662,17.326845824566142,25,0.3013043182464222,1.4201660649895977
r36,human_random_221,0.0,0.2947113271376925,15.894353736066204,25,-0.03885478838768062,1.0700262279824726
m36,human_men_221,0.11966155700298382,0.2817744760012418,29.248312799367884,25,-0.02520489682789053,0.7205757345232056
r37,human_random_221,0.0,0.24520928313184281,14.148493525180928,25,0.00888612983522871,0.9849937924585936
m37,human_men_221,0.0,0.2990000990839818,18.422390242756915,25,0.2928704468224345,1.0354244246723427
r38,human_random_221,0.0,0.24838095643658223,15.613751049720786,25,0.10270763609383537,1.1110883965760194
m38,human_men_221,0.15173155406805416,0.36069021988643624,30.058431525325865,25,0.322984664907488,1.0929045881446957
r39,human_random_221,0.0,0.22338099367604453,22.989857443236744,25,-0.2202710717810787,0.9742172718596159
m39,human_men_221,0.0,0.21082969008635954,16.813081597741064,25,0.2802784934310589,0.9364811433848427
r40,human_random_221,0.0,0.2990670770142798,15.717434106170328,25,-0.0391174275515629,0.8907527547318115
m40,human_men_221,0.1727156921015205,0.415016645161231,31.303224436020237,25,0.05991769180996025,1.3076121429036753
r41,human_random_221,0.19875364211550745,0.4103993300825441,37.69690898820589,25,0.0541512089694533,0.8008398182940778
m41,human_men_221,0.0,0.25323317125400807,19.781509844303173,25,0.13613863137478527,0.8005377978076845
r42,human_random_221,0.0,0.3266577660878323,14.954283907124987,25,-0.0663679261289126,1.1792451649281994
m42,human_men_221,0.1288034913298953,0.4181185191706417,28.127159531261928,25,0.3325595731510371,1.177711321416524
r43,human_random_221,0.0,0.16463416929450925,22.39059151801697,25,-0.03328746705529778,0.7499657600634019
m43,human_men_221,0.062035584294502136,0.38223337467014473,24.917141689912537,25,0.3808265041405996,1.3104454829959582
r44,human_random_221,0.0,0.20404894880590313,11.060228178137583,25,-0.0012599984761457834,0.8456338925469039
m44,human_men_221,0.1843912697860023,0.379609815333604,34.77325060562179,25,0.24190572638099891,0.7844196723469629
r45,human_random_221,0.0,0.21717075810990422,14.361143142481192,25,-0.08499046767114998,0.6722804206627747
m45,human_men_221,0.14595225814600374,0.3404897872616118,28.625189897688404,25,0.2073952240549633,1.4832228197491462
r46,human_random_221,0.11915661550957124,0.374208008016825,28.013284682574664,25,0.09393234625051472,1.121566616282147
m46,human_men_221,0.0,0.27177100645796715,18.338567146149877,25,0.3504034640851156,1.0845887816068769
r47,human_random_221,0.19877790213822982,0.29964650586807284,34.63980437839458,25,-0.025630650346874898,1.1705165714024297
m47,human_men_221,0.0,0.270447311511231,23.94455016411663,25,0.1524722470252451,0.7554827553366327
r48,human_random_221,0.0,0.210482098266167,10.23058287615866,25,0.029511512409262988,0.9537529780715992
m48,human_men_221,0.0,0.3046691147281975,23.656901403639306,25,0.33789917723338925,1.132853781097438
r49,human_random_221,0.0,0.14645213054814765,18.707610157656834,25,-0.08800864844698542,0.8367695889261823
m49,human_men_221,0.19652511911444667,0.2736085068137141,34.035678814320086,25,0.20811680152493023,1.1699412477131372
r50,human_random_221,0.0,0.30792011594586854,15.802065590575525,25,0.06062129213206303,1.298996035209733
m50,human_men_221,0.0,0.29059128655249034,23.637893735208333,25,0.026284925768721185,0.9369007909585749
r51,human_random_221,0.0,0.27372975401523114,15.166907245961566,25,-0.05246988992137622,0.8729331180522447
m51,human_men_221,0.21221986058010894,0.3252947668867129,34.20108873373595,25,0.40542314379641853,1.471483538818065
r52,human_random_221,0.0,0.23569324827228874,21.355015086063954,25,-0.02346353419590534,0.9690798754992229
m52,human_men_221,0.13294014949824765,0.30564328404349445,27.01617004081791,25,0.4204346157991014,1.6450188209642556
r53,human_random_221,0.0,0.18196797706310236,10.012977779506755,25,0.054460955171806796,1.064505575479113
m53,human_men_221,0.0,0.2787676820658569,21.655056249271684,25,0.03523403201659097,0.8611478554658081
r54,human_random_221,0.0,0.23408686616120108,12.549507620671593,25,-0.031380757189634206,1.0228554779618424
m54,human_men_221,0.0,0.297756118379575,17.023640443574727,25,0.21828683360401016,0.941607868281288
r55,human_random_221,0.1728143109685182,0.3346972479574955,30.836546929530478,25,0.16632413145908465,1.412006853681713
m55,human_men_221,0.1205040049002485,0.3342909964190376,28.938725717789968,25,0.19138937936729072,0.7301322534611
r56,human_random_221,0.0,0.23954157341172072,17.640169293200618,25,-0.06269342918799667,0.6179928616775359
m56,human_men_221,0.15363273492975157,0.3121173551819644,31.588976324081674,25,0.09929830245680768,0.8802521695380506
r57,human_random_221,0.0,0.25255553750701526,21.855442750156538,25,-0.024919281667056002,1.0570818286419223
m57,human_men_221,0.0,0.3225922296497822,14.881386268696161,25,0.3243602102928559,1.2319653731993052
r58,human_random_221,0.09426926857802977,0.20806558349373175,27.072057558498102,25,0.0548265169514142,0.7988823607180153
m58,human_men_221,0.1048357712513214,0.35010270598139975,27.66916026300742,25,-0.005577421342120269,0.9097601934157361
r59,human_random_221,0.0,0.29751612094697366,19.550527789787722,25,0.15188241707031824,0.8464238885756261
m59,human_men_221,0.21002090776846283,0.41087392411489787,33.933465396058104,25,0.37047560839040433,1.3953330024712325
r60,human_random_221,0.0,0.25169104573113316,17.849403410461974,25,0.09910789419163286,1.0893722340220602
m60,human_men_221,0.0,0.25792710081405357,22.365250600021195,25,0.11577036570525878,1.0445005816496884
r61,human_random_221,0.16479172976649806,0.26500662872631103,36.784785649240504,25,0.05527815572092464,0.12348414655175653
m61,human_men_221,0.0,0.30588373207055664,18.327160406395866,25,0.14112523695539508,1.4985355770152817
r62,human_random_221,0.0,0.3426820811150671,23.339778157923625,25,0.012807348702736596,1.1285078843477008
m62,human_men_221,0.0,0.3544383232027685,17.97859247313642,25,0.3737182295977186,1.3844574098175388
r63,human_random_221,0.0,0.25427893887617564,20.46146778103846,25,-0.015405733461236299,0.7675697156564465
m63,human_men_221,0.11184857831851334,0.26618151061930595,27.55362275501691,25,0.35926414288576475,0.9657845754904788
r64,human_random_221,0.0253265452386574,0.2106110967159603,24.27067630757274,25,-0.17974374880228006,0.6124304889591681
m64,human_men_221,0.156494897438056,0.3390066018904537,30.66314197718632,25,0.29821524933516,1.0481506373031544
r65,human_random_221,0.0,0.2860305893358726,21.0377853211265,25,-0.1595088644387443,0.9960605547586723
m65,human_men_221,0.0,0.31693849708919253,23.694378373956138,25,0.019958507704071343,0.9443030336834182
r66,human_random_221,0.12744818737698987,0.2241820899833616,29.769403694306845,25,0.025395091762401893,0.7805387946637328
m66,human_men_221,0.17759425568113762,0.3602494144793275,34.30421222196907,25,0.060977709167970004,0.8740375183545528
r67,human_random_221,0.0,0.12720005838333015,14.214694698933355,25,0.0003212457991903648,1.0017250611054127
m67,human_men_221,0.14536831760615407,0.3693937393481516,30.695391691252844,25,0.04664434055096828,0.9096218107993466
r68,human_random_221,0.0,0.16423392738952897,7.973756460117531,25,-0.057693372642007,0.9942731677923133
m68,human_men_221,0.12927284354645108,0.2928528729046816,29.244072787685905,25,0.09056856333859448,0.9527229500191
r69,human_random_221,0.05002490451607653,0.24330524754749216,24.947192384279454,25,-0.0927276887358589,0.6201340240331348
m69,human_men_221,0.0,0.23085590334959055,18.754969237586813,25,0.16613002979351998,1.3746634315677322
r70,human_random_221,0.0,0.2714129613075003,15.719714812945842,25,0.059164134884065696,0.7727673267489718
m70,human_men_221,0.0,0.22912774777172354,19.71560932947352,25,-0.054593214783799804,0.7695913712103749
r71,human_random_221,0.0,0.22000437076747154,16.793074872545283,25,-0.11015201777493536,0.8063440297094449
m71,human_men_221,0.0,0.3229222161958875,20.67071138401968,25,0.12778705515356398,0.8880748100852152
r72,human_random_221,0.06996829573189042,0.370455913438195,25.47393289814091,25,-0.13527357887929908,1.0886771508158766
m72,human_men_221,0.0,0.2487961915498312,14.639061776995694,25,0.03829455492524783,0.6985308878818199
r73,human_random_221,0.0,0.29312588102262666,19.16075402418239,25,0.09073952678452304,1.39740523944235
m73,human_men_221,0.13214110144306598,0.3292584351536594,28.693833810004495,25,0.19399205672613792,1.137266504368175
r74,human_random_221,0.02283958654126167,0.16977819409465061,24.166653033118106,25,-0.013670485240311323,0.8957255533059235
m74,human_men_221,0.0,0.22047285790723836,13.961244835215199,25,0.22922501033179177,0.8699595263823269
r75,human_random_221,0.18391054691116301,0.3663487678125979,33.270644825165164,25,0.076022853243574,1.0659882390927127
m75,human_men_221,0.23031016266359777,0.5141199356019924,38.89414515378454,25,0.21760136506869907,1.01814501834667
r76,human_random_221,0.0,0.17399585799189532,16.9105504775955,25,-0.11731285532124214,0.827825532458468
m76,human_men_221,0.09677292593219193,0.3257744212491053,26.145905233451472,25,0.3525362434485688,1.310706761398736
r77,human_random_221,0.0,0.26893467981897684,23.452564108098567,25,-0.19914732853223183,0.6812617487178447
m77,human_men_221,0.0,0.42818395022582584,23.676381753513898,25,0.2543538523587936,1.4085716147107892
r78,human_random_221,0.0,0.27185922258356787,18.887287506445638,25,-0.040561012888616306,1.054257106559392
m78,human_men_221,0.0410401654181643,0.2951703179999176,24.48502878729054,25,0.1932194863393546,0.9583149953471498
r79,human_random_221,0.0,0.30782435399652364,21.468790648427436,25,-0.06997889034575322,1.311987639256661
m79,human_men_221,0.0,0.25515228872521734,19.730812049733604,25,0.20813531415026693,0.9032911832508824
r80,human_random_221,0.05742200624045223,0.24204812051737348,25.22055108666267,25,-0.07798551726562614,0.7466361498387653
m80,human_men_221,0.0,0.24376482281110054,18.015900827816306,25,0.1466294124523303,0.8622475360087146
r81,human_random_221,0.047605414725715015,0.3532260420111067,24.573932724145056,25,0.12080008032806397,1.209183498125503
m81,human_men_221,0.1241089973747364,0.39003612940317417,27.56556247497022,25,0.4211811107661113,1.2457128009099547
r82,human_random_221,0.0,0.3081547074100468,14.841420724382724,25,0.2014004751572513,1.3049194423667243
m82,human_men_221,0.0,0.3073363046822611,23.97169584060188,25,0.17752824429477831,0.9804820673285917
r83,human_random_221,0.0,0.327140070407352,22.48748789056953,25,0.05508484627430258,1.1503302954392272
m83,human_men_221,0.14957500935447243,0.28000286637306215,31.385892284448335,25,-0.015384451073881825,0.9029456535802726
r84,human_random_221,0.0,0.26259670078574404,23.286339721943165,25,-0.1284812666614233,0.6817662421269624
m84,human_men_221,0.10905319573588838,0.4653078543129718,26.351184246651943,25,0.39477150093415236,1.5381155744354984
r85,human_random_221,0.0,0.17315505845853438,9.746997033253995,25,-0.011573721105694735,1.0844180350480999
m85,human_men_221,0.0,0.34060274658910566,19.56076791202351,25,0.35659606239789676,1.3073375922067767
r86,human_random_221,0.0,0.37093192405832154,21.96564211824141,25,0.0958000246557465,1.0229660861138434
m86,human_men_221,0.0,0.3388973491922808,19.34072275173017,25,0.13775253118187855,1.2222050266760516
r87,human_random_221,0.0,0.2154647609494479,14.322437438041828,25,-0.05559047548097566,1.2883719733759327
m87,human_men_221,0.0,0.2837011326244869,23.021308347195504,25,0.3809146019900278,1.2401905523827919
r88,human_random_221,0.0,0.2700875475290885,14.257470991582572,25,-0.029581504884593185,1.0139838396309844
m88,human_men_221,0.21545517034604295,0.3710556052739496,34.23034091486211,25,0.32848651886919766,1.4087337758297955
r89,human_random_221,0.0,0.27805951076696983,23.218173333438642,25,-0.08296634316397353,1.2295194555485522
m89,human_men_221,0.0,0.2883435244891366,23.13242029124224,25,0.0323858808616556,0.6404866871103235
r90,human_random_221,0.039354902531543536,0.3209452218404156,24.447923991610416,25,-0.010647956014137165,1.1347068126913313
m90,human_men_221,0.0,0.2783813649391183,20.79779933120027,25,0.07900406745303801,1.1803102285692615
r91,human_random_221,0.0,0.23934813455512272,19.88350480946074,25,-0.10179974244855239,0.46551269462805994
m91,human_men_221,0.3513743422760191,0.5005183096736902,59.15698367490538,25,0.14280328333382702,0.9897717893518537
r92,human_random_221,0.0,0.17621335343237027,18.856900198719178,25,0.06572506059063979,0.923332206793276
m92,human_men_221,0.0770994352054531,0.428030884092831,25.20530980747905,25,0.3441632064573918,1.5028999833394794
r93,human_random_221,0.0,0.2873062170770197,19.258810175063804,25,0.061536901441569355,0.9301625226082518
m93,human_men_221,0.03557991161345301,0.33732381958426955,24.400473597051377,25,0.07253658512668397,0.9260553839245725
r94,human_random_221,0.0,0.39289783456451455,19.603435393449892,25,0.037636157666334824,1.1788776225692286
m94,human_men_221,0.14707661916706466,0.20416672703164057,31.971866230209372,25,0.035033672112015496,0.674526407715955
r95,human_random_221,0.13519044460883875,0.3716655827329298,29.564851152973944,25,0.11763914799194891,0.9699090821864613
m95,human_men_221,0.0,0.28872536205564764,20.28015918778441,25,0.2964791717657727,1.0411079085496897
r96,human_random_221,0.0,0.24211821622852472,14.611381765722564,25,-0.07596816144739504,0.9092030174499511
m96,human_men_221,0.24188431824614454,0.3695347511901707,38.01742566829917,25,0.18343936360822646,1.3001933804151118
r97,human_random_221,0.0,0.22941031379928226,15.383547875726455,25,-0.059202106358441295,1.132120933380798
m97,human_men_221,0.10732237345608944,0.3515354981148266,27.18520696494325,25,0.27171212827068075,0.9770664535319457
r98,human_random_221,0.05984719473267062,0.2859592087532663,25.041697205492305,25,0.015186394604825189,1.022196268661201
m98,human_men_221,0.09701465520689967,0.3917017226471408,26.4442287310371,25,0.17966399384750614,1.158516531280284
r99,human_random_221,0.0,0.1747566319775779,12.229881311560307,25,-0.06708881175356074,0.9050400429290901
m99,human_men_221,0.0,0.1639949161576284,16.702020737512605,25,0.10052145902609505,0.8336279518472559
R0,human_random_600,0.0,0.13597965117114014,15.218535159110203,25,-0.050696528942071876,1.0598133185423326
M0,human_men_600,0.17241573241315744,0.16091949293060046,46.02144929975966,25,0.25190703403319625,1.0692435665706204
R1,human_random_600,0.0,0.1513503954498578,20.488336230197895,25,0.01583199285870549,1.113719038127205
M1,human_men_600,0.11836818773642095,0.1996710259446049,34.54412648400797,25,0.16930278667281018,1.1027460949031436
R2,human_random_600,0.0,0.20763371232851258,19.69775217972135,25,-0.027191791602565702,1.0291100420167456
M2,human_men_600,0.07519669197169755,0.20142798394747746,28.519986093633193,25,0.16471021593013085,1.0127372268617765
R3,human_random_600,0.0,0.10530298808815598,12.794825288308337,25,-0.045625778386632586,1.0640494409982293
M3,human_men_600,0.18141341043638698,0.2611285056158681,44.60067685145738,25,0.2669591893037814,1.2918026679881025
R4,human_random_600,0.0,0.18024281962970795,14.332716380863442,25,-0.07317392885303634,1.119279305598409
M4,human_men_600,0.07114656139745143,0.2508746688085947,27.08567314518652,25,0.38632599396935585,1.38254242390276
R5,human_random_600,0.12181923343572144,0.26548836216052035,34.28700648492333,25,0.065861079380157,1.1920825673777078
M5,human_men_600,0.14270025444550927,0.2193514756648432,39.760294837503025,25,0.105110992205102,1.0582217128330642
R6,human_random_600,0.031928214616822416,0.1769872743602863,24.808762026974676,25,0.016315026853468143,0.9991498865316768
M6,human_men_600,0.03321931895526272,0.2378368929121857,24.769375750155877,25,0.20360267057701892,1.2015264300010213
R7,human_random_600,0.05759623031272463,0.1711811730294737,26.993722917711406,25,-0.11368800808248586,0.9122197423230322
M7,human_men_600,0.10085469636355496,0.2240227404164403,32.030267943788395,25,0.22237902020986483,0.9860399168926216
R8,human_random_600,0.05169536297434266,0.24781426310088692,26.219214993778817,25,0.002566602339298702,1.0007940926798884
M8,human_men_600,0.11374916764933897,0.23384101970283486,32.878585351799885,25,0.2332283999579423,1.1593688024580036
R9,human_random_600,0.0,0.23080476956417625,22.076969505448446,25,-0.0752107886915894,0.9946320783138157
M9,human_men_600,0.18593452357496726,0.2739524288353845,45.73388328233568,25,0.31067157769105913,1.2661194183018971
R10,human_random_600,0.0,0.13903039140268614,12.77339103755756,25,-0.049593011511019885,0.9272824261325102
M10,human_men_600,0.1663458437430682,0.25046531877349393,42.459592452798354,25,0.22996285593091698,1.253110498468029
R11,human_random_600,0.07426444507837915,0.1994998675093495,28.944857152867495,25,0.029615090787705058,0.8832984080974421
M11,human_men_600,0.1781823104885476,0.20380429201721265,49.433465864906125,25,0.1743124654647802,1.0357314995431275
R12,human_random_600,0.0,0.12555064116631418,18.9710084384436,25,0.016904670873198357,1.0431227222550816
M12,human_men_600,0.1267434013831768,0.17717641267253745,37.74717899784819,25,0.1630674508823925,0.8816628391294469
R13,human_random_600,0.0,0.12188653790811937,18.002044858132084,25,0.01593369941282146,1.1635680076079922
M13,human_men_600,0.1594955104641112,0.23603513658962633,45.829747231393576,25,0.2000314972431771,0.893629853136809
R14,human_random_600,0.04807749214513293,0.2074862718769127,25.719810853821617,25,-0.009622519510249599,1.1125581838987875
M14,human_men_600,0.1446417248391338,0.22662941384578658,40.38356155376242,25,0.1611578726437654,1.053060617583265
R15,human_random_600,0.0,0.16325867942344321,18.497832082766994,25,0.02673487816651786,1.0113611068521373
M15,human_men_600,0.1512232903960462,0.2752063870219803,42.10723200976341,25,0.24958821962360722,0.9847118085412198
R16,human_random_600,0.04125708635778599,0.24018596488519162,25.19931567578199,25,0.035172208690832554,1.1972998852238133
M16,human_men_600,0.046779389503954556,0.2261635100771961,25.659826097615394,25,0.10755642591804129,1.0763312904995554
R17,human_random_600,0.0,0.12417269394443317,20.954379683823536,25,-0.05466938312005233,0.9478046114196724
M17,human_men_600,0.0,0.18555603351842978,19.299569415313236,25,0.29655945843513776,1.2522981700747262
R18,human_random_600,0.0,0.15837133523569605,14.523096011394397,25,0.022885138783823644,1.2014497754987319
M18,human_men_600,0.14925677163071555,0.17746138801865485,39.07198673890299,25,0.15550409667694243,1.2282594226797472
R19,human_random_600,0.0,0.0689505754690239,9.281083329517458,25,0.04735630030389506,0.9834645027360743
M19,human_men_600,0.19613937070459908,0.2777811160021081,46.846122914102374,25,0.32892932776158124,1.430388998836765
R20,human_random_600,0.05359584054849319,0.24628326914337964,26.190728906099142,25,0.0044285980323373825,1.0797983161464046
M20,human_men_600,0.17476652883191604,0.2868264725497429,45.183046646081564,25,0.26926596608241604,1.1404411104313474
R21,human_random_600,0.057204320081283816,0.24334109745877608,26.92659999976441,25,-0.022119981037564195,0.902400900798124
M21,human_men_600,0.05344986483134116,0.15259753282931293,26.368941406688126,25,0.21357809757513624,0.9334148665137879
R22,human_random_600,0.0,0.1331877326050416,19.87178448113882,25,0.10386912227256997,1.2906293784466207
M22,human_men_600,0.18608816802614692,0.28079684431692087,48.65506453109884,25,0.19635404225486663,1.116067720693529
R23,human_random_600,0.0,0.15152942049610332,16.46326632762256,25,0.04286074624930867,0.8380507755129406
M23,human_men_600,0.1737163690095258,0.23587897984984574,45.07955146634576,25,0.20607406966604652,1.21340490895277
R24,human_random_600,0.0,0.1510690744925545,16.38474630070518,25,-0.15353782813834926,0.8124791359127166
M24,human_men_600,0.0,0.1310676268113071,21.414622284849912,25,0.21720360787076048,0.9510975716024063
R25,human_random_600,0.05125575747265012,0.13705848537187382,26.25337896069678,25,0.07899444692131156,0.9386296784078144
M25,human_men_600,0.07827949998587216,0.231143151502075,28.450069288999263,25,0.10206446576813792,1.1312781818917546
R26,human_random_600,0.0,0.14943745298282402,21.48761122520564,25,-0.04223290734302263,0.970286230925818
M26,human_men_600,0.12207872496339463,0.25817163977726276,37.85847712585783,25,0.09985492794071338,0.8190267319307064
R27,human_random_600,0.0,0.0859238011271862,7.565878138644309,25,0.09256877973586847,1.043780937272839
M27,human_men_600,0.15801412173269896,0.24468671881855578,44.529854078421145,25,0.07472665297630379,0.9418212052844018
R28,human_random_600,0.0,0.2089482828669661,17.00845648279385,25,0.09553010122671182,0.9147171238551197
M28,human_men_600,0.18579911856744172,0.32251130306019005,50.45567478047352,25,0.16389949546672802,1.0395465660385308
R29,human_random_600,0.05444437039814331,0.2528553255421923,26.5046329685627,25,-0.0574364487590118,0.9947534004060065
M29,human_men_600,0.03901560833577642,0.2099740230074098,25.102529215878135,25,0.25021467603314895,1.0766912814151777
R30,human_random_600,0.0,0.1544473731792033,15.19433550337992,25,0.018231063826358872,0.9835566176577832
M30,human_men_600,0.09959153854150213,0.2421366699861762,31.074642418323478,25,0.2688915179336936,1.1659751830069707
R31,human_random_600,0.0,0.17116402384814802,19.4592698405301,25,0.03986902875304149,1.0777840265637806
M31,human_men_600,0.10884300325455244,0.2758429497483181,34.120404048427666,25,0.1546108654614119,0.8516962877961839
R32,human_random_600,0.027922152772788367,0.1463938587913795,24.615243857896846,25,-0.008984987101597761,1.0922960239990764
M32,human_men_600,0.13816003295464194,0.24530915929582145,38.69823181417474,25,0.10950827560862872,1.0650011054404145
R33,human_random_600,0.015280010564034004,0.17994141209550915,24.213757715197712,25,-0.08490751865589519,0.8861327093154971
M33,human_men_600,0.1818691438499184,0.3057466947186595,47.356886718605836,25,0.13678610769173477,1.144561172132298
R34,human_random_600,0.0,0.09256137763445503,6.131321077017697,25,-0.07578996257878821,0.8512192053944041
M34,human_men_600,0.042458001637106946,0.15777835680108834,25.49651868335206,25,0.1873356779955499,0.9504082370723633
R35,human_random_600,0.0,0.18575007810145902,17.785312833637867,25,-0.012919418192465629,1.0390706867651898
M35,human_men_600,0.1533477415379672,0.1904790791718615,43.75087314636896,25,0.18218906972487697,0.9133798840705634
R36,human_random_600,0.0,0.1228081535335162,19.715869506709026,25,-0.11139797733361989,0.9844872835644536
M36,human_men_600,0.05927542214038516,0.179750077278938,26.740428490095848,25,0.27523238447541676,0.9792578768472705
R37,human_random_600,0.0,0.13848637913782139,13.999183810773097,25,0.033332768230219495,1.070090252398192
M37,human_men_600,0.16083667959596937,0.2793371161373191,45.03377771363681,25,0.1665850834684821,0.9498290424156032
R38,human_random_600,0.047104367123137106,0.17025016137979124,25.702659437822476,25,0.09835197901633115,1.0571435374468046
M38,human_men_600,0.10964859312562586,0.18112632038357485,32.31018713894472,25,0.27932337680309993,1.1740331687760992
R39,human_random_600,0.0,0.15629914210823895,14.726513945300942,25,-0.020648725620867454,0.7840078326689712
M39,human_men_600,0.10891252019091056,0.18707709382785742,33.41585478753797,25,0.199009589294454,1.0095238681565903
R40,human_random_600,0.0,0.1889364546838241,20.141344848655653,25,0.0036903086908403005,0.9469011132890751
M40,human_men_600,0.07939385455347389,0.2260108544758773,28.650399776872703,25,0.30196024100606794,1.0983133685895796
R41,human_random_600,0.0,0.20480691304901075,20.387887071675117,25,0.07401979816429081,0.9831614919036651
M41,human_men_600,0.05819520073024734,0.1979945100680851,26.92373516333336,25,0.17964698492467351,0.843358004716373
R42,human_random_600,0.04118769498856968,0.17808234810461523,25.53910585724816,25,-0.10241853281735747,0.9303828095709515
M42,human_men_600,0.005186249601763081,0.21849619576664997,24.018367525683306,25,0.35388383366614257,1.17307853012209
R43,human_random_600,0.0,0.23540328790812187,22.978881033513414,25,-0.07468800021947525,0.9531714737352951
M43,human_men_600,0.0,0.14904157318085565,23.59056397594335,25,0.16286579796004502,0.989995791359901
R44,human_random_600,0.0,0.19767977946943047,23.50226235821087,25,-0.037058432059858606,0.9504449550674953
M44,human_men_600,0.18116979639892114,0.2424103599282883,51.69955744568554,25,0.15583954075589979,0.8895752910738679
R45,human_random_600,0.0,0.12130739306173563,17.210266166428912,25,-0.006600443348515034,1.0373847651998207
M45,human_men_600,0.11267533261400511,0.20298123848195992,34.29058788994171,25,0.16177242759157287,0.9897257053361789
R46,human_random_600,0.07694576402550993,0.19549860711063533,28.878205813524236,25,-0.0011306705028160488,0.9918780221589624
M46,human_men_600,0.11001861127941606,0.2098101673982756,32.618423440058486,25,0.33629328589012597,1.1080297385433873
R47,human_random_600,0.0,0.14303183487533766,20.125097451764738,25,0.05266501615771389,1.1628587136200064
M47,human_men_600,0.14247390921704697,0.2507832573560817,39.78633748896813,25,0.17679524227151774,1.0453084635913836
R48,human_random_600,0.0,0.1858781531832573,20.57215811781966,25,-0.028715275944674216,0.9095657363011778
M48,human_men_600,0.05635069045410324,0.1545760034963445,26.926008603184894,25,0.19067628293636157,0.7410172385973668
R49,human_random_600,0.0,0.11678103379099063,13.748284129560869,25,0.03413310244584855,1.0911142604038793
M49,human_men_600,0.0,0.11034889780202273,14.31508702110101,25,0.31745277029442087,1.2150855147579736
