true,rate,power,typeI,status
0.8,0.8,1.0,0.0,converged
0.8,0.8,1.0,0.0,converged
0.8,0.8,1.0,0.0,converged
0.8,0.76,0.95,0.0,converged
0.8,0.64,0.55,1.0,converged
0.8,0.8,1.0,0.0,converged
0.8,0.76,0.95,0.0,converged
0.8,0.76,0.95,0.0,converged
0.8,0.8,1.0,0.0,converged
0.8,0.8,1.0,0.0,converged
0.8,0.8,0.75,1.0,converged
0.8,0.8,1.0,0.0,converged
0.8,0.8,0.95,0.2,converged
0.8,0.8,1.0,0.0,converged
0.8,0.8,1.0,0.0,converged
0.8,0.8,1.0,0.0,converged
0.8,0.8,1.0,0.0,converged
0.8,0.8,1.0,0.0,converged
0.8,0.8,1.0,0.0,converged
0.8,0.76,0.7,1.0,converged
0.8,0.8,1.0,0.0,converged
0.8,0.8,1.0,0.0,converged
0.8,0.8,1.0,0.0,converged
0.8,0.8,1.0,0.0,converged
0.8,0.8,1.0,0.0,converged
0.8,0.8,1.0,0.0,converged
0.8,0.88,0.9,0.8,converged
0.8,0.8,1.0,0.0,converged
0.8,0.76,0.95,0.0,converged
0.8,0.8,0.75,1.0,converged
0.8,0.8,1.0,0.0,converged
0.8,0.8,1.0,0.0,converged
0.8,0.88,0.95,0.6,converged
0.8,0.8,1.0,0.0,converged
0.8,0.8,1.0,0.0,converged
0.8,0.84,1.0,0.2,converged
0.8,1.0,1.0,1.0,converged
0.8,0.84,1.0,0.2,converged
0.8,0.8,1.0,0.0,converged
0.8,0.8,1.0,0.0,converged
0.8,0.8,1.0,0.0,converged
0.8,0.96,0.95,1.0,converged
0.8,0.76,0.7,1.0,converged
0.8,0.76,0.95,0.0,converged
0.8,0.84,0.9,0.6,converged
0.8,0.8,1.0,0.0,converged
0.8,0.8,1.0,0.0,converged
0.8,0.8,1.0,0.0,converged
0.8,0.8,1.0,0.0,converged
0.8,0.8,0.95,0.2,converged
0.88,0.92,1.0,0.3333333333333333,converged
0.88,0.88,1.0,0.0,converged
0.88,0.88,1.0,0.0,converged
0.88,0.88,1.0,0.0,converged
0.88,0.88,1.0,0.0,converged
0.88,0.84,0.8636363636363636,0.6666666666666666,converged
0.88,0.88,0.8636363636363636,1.0,converged
0.88,0.88,1.0,0.0,converged
0.88,0.88,1.0,0.0,converged
0.88,0.84,0.9545454545454546,0.0,converged
0.88,0.88,1.0,0.0,converged
0.88,0.88,1.0,0.0,converged
0.88,0.56,0.5,1.0,capped
0.88,0.88,0.8636363636363636,1.0,converged
0.88,0.92,0.9545454545454546,0.6666666666666666,converged
0.88,0.88,1.0,0.0,converged
0.88,0.88,1.0,0.0,converged
0.88,0.88,1.0,0.0,converged
0.88,0.88,1.0,0.0,converged
0.88,0.92,1.0,0.3333333333333333,converged
0.88,0.88,1.0,0.0,converged
0.88,0.84,0.9090909090909091,0.3333333333333333,converged
0.88,0.92,1.0,0.3333333333333333,converged
0.88,0.88,1.0,0.0,converged
0.88,0.84,0.9545454545454546,0.0,converged
0.88,0.96,0.9545454545454546,1.0,converged
0.88,0.88,1.0,0.0,converged
0.88,0.92,0.9545454545454546,0.6666666666666666,converged
0.88,0.76,0.7727272727272727,0.6666666666666666,converged
0.88,0.84,0.9545454545454546,0.0,converged
0.88,0.88,0.8636363636363636,1.0,converged
0.88,0.76,0.7272727272727273,1.0,converged
0.88,0.88,1.0,0.0,converged
0.88,0.88,1.0,0.0,converged
0.88,0.88,1.0,0.0,converged
0.88,0.92,1.0,0.3333333333333333,converged
0.88,0.92,1.0,0.3333333333333333,converged
0.88,0.88,1.0,0.0,converged
0.88,0.88,1.0,0.0,converged
0.88,0.84,0.9545454545454546,0.0,converged
0.88,0.88,1.0,0.0,converged
0.88,0.88,1.0,0.0,converged
0.88,0.96,1.0,0.6666666666666666,converged
0.88,0.84,0.9545454545454546,0.0,converged
0.88,0.88,1.0,0.0,converged
0.88,0.88,1.0,0.0,converged
0.88,0.88,1.0,0.0,converged
0.88,0.8,0.7727272727272727,1.0,converged
0.88,0.92,1.0,0.3333333333333333,converged
0.88,0.64,0.5909090909090909,1.0,cycled
