k,size,anchors,rate,mu
0,8,"VR.11,VR.16,VR.23,VR.32,VR.36,LN.06,LN.33,LN.58",0.92,-0.5983866149395266
1,7,"VR.16,VR.17,VR.23,VR.31,VR.42,LN.01,LN.05",0.84,-1.1596754744511883
2,8,"VR.09,VR.17,VR.23,VR.31,VR.39,VR.42,LN.06,LN.07",0.84,-1.6891177537741031
3,4,"VR.39,LN.03,LN.06,LN.58",0.96,-2.296042329493398
4,4,"VR.14,VR.36,VR.39,LN.06",0.92,-0.8345069491050838
5,6,"VR.17,VR.23,VR.31,LN.01,LN.33,LN.58",0.92,-1.1116597416727612
6,4,"VR.04,VR.19,VR.36,LN.34",0.84,-1.0918267067443832
7,8,"VR.04,VR.16,VR.23,VR.26,VR.31,LN.06,LN.35,LN.58",0.84,-1.2310504329470366
8,6,"VR.18,VR.23,VR.31,VR.32,LN.03,LN.58",0.92,-1.1790836450806994
9,6,"VR.04,VR.09,VR.14,VR.19,LN.03,LN.07",0.88,-1.3278508090469343
10,4,"VR.16,VR.36,VR.39,LN.35",1.0,-1.087765369151224
11,4,"VR.17,VR.26,LN.33,LN.35",0.84,-1.3594125806556623
12,5,"VR.14,VR.17,VR.36,LN.07,LN.34",0.84,-0.9817919849901154
13,8,"VR.04,VR.11,VR.13,VR.32,VR.36,LN.06,LN.35,LN.58",0.92,-0.8306618782082877
14,8,"VR.04,VR.13,VR.19,VR.36,VR.39,LN.01,LN.07,LN.35",0.88,-1.2599932427222111
15,6,"VR.11,VR.31,VR.32,VR.39,LN.06,LN.58",0.72,-1.6095427926041785
16,8,"VR.19,VR.26,VR.36,VR.39,VR.42,LN.03,LN.05,LN.06",0.84,-1.2158781668918426
17,5,"VR.17,VR.23,VR.32,VR.39,LN.03",0.96,-1.769320378667933
18,8,"VR.13,VR.16,VR.18,VR.32,VR.42,LN.05,LN.33,LN.35",0.84,-1.56337494631567
19,5,"VR.19,VR.32,LN.07,LN.33,LN.35",0.8,-1.9777163526123318
20,7,"VR.11,VR.14,VR.17,VR.19,VR.26,VR.32,LN.34",0.84,-1.0945262713075916
21,8,"VR.09,VR.11,VR.16,VR.18,VR.23,VR.42,LN.03,LN.05",0.84,-0.9666215861321248
22,5,"VR.09,VR.13,VR.18,VR.26,LN.05",0.8,-1.4621906615307907
23,6,"VR.11,VR.17,VR.19,LN.03,LN.06,LN.35",0.88,-1.3314568678592305
24,4,"VR.14,LN.01,LN.05,LN.06",0.84,-1.074483631522476
25,8,"VR.11,VR.14,VR.17,VR.32,VR.36,LN.05,LN.06,LN.33",0.84,-1.0018319538097362
26,8,"VR.09,VR.11,VR.13,VR.17,VR.19,VR.39,VR.42,LN.03",0.84,-1.42843221368405
27,5,"VR.14,VR.18,VR.26,VR.32,LN.33",0.88,-0.8869033369236794
28,4,"VR.26,LN.05,LN.07,LN.33",0.76,-1.6776710404677941
29,5,"VR.18,VR.26,VR.42,LN.01,LN.35",0.96,-0.4999857206664572
30,4,"VR.11,VR.13,VR.14,LN.33",0.92,-0.8203831284543783
31,4,"VR.23,VR.26,LN.01,LN.33",1.0,-0.49413277484371043
32,5,"VR.11,VR.18,VR.23,LN.05,LN.06",0.84,-1.168869321907743
33,7,"VR.09,VR.11,VR.14,VR.18,VR.36,LN.34,LN.58",0.92,-0.5701998051509386
34,5,"VR.13,VR.26,VR.39,LN.33,LN.35",0.88,-2.2335413947539933
35,8,"VR.11,VR.14,VR.17,VR.23,VR.42,LN.03,LN.34,LN.35",0.84,-0.9694546843063919
36,8,"VR.16,VR.18,VR.19,LN.01,LN.07,LN.33,LN.35,LN.58",0.88,-1.2731842844846617
37,6,"VR.16,VR.18,VR.31,LN.06,LN.34,LN.58",0.8,-1.5016634790445758
38,5,"VR.16,VR.23,LN.06,LN.07,LN.33",0.84,-1.36636641260132
39,5,"VR.23,LN.01,LN.03,LN.06,LN.35",0.88,-0.8685879570558872
40,7,"VR.09,VR.19,VR.23,VR.32,LN.01,LN.05,LN.06",0.88,-1.2743645383035105
41,6,"VR.04,VR.11,VR.26,LN.01,LN.06,LN.07",0.84,-0.9244130339702433
42,6,"VR.11,VR.19,VR.26,VR.32,LN.01,LN.03",0.96,-0.7495961089092675
43,4,"VR.14,VR.19,VR.39,LN.33",0.88,-1.9072059929373817
44,7,"VR.31,VR.42,LN.01,LN.06,LN.07,LN.33,LN.34",0.88,-1.3027029026414985
45,8,"VR.09,VR.11,VR.17,VR.23,VR.31,VR.32,LN.05,LN.06",0.84,-1.3940171787840696
46,7,"VR.11,VR.13,VR.16,VR.17,VR.31,LN.01,LN.05",0.88,-1.1945261001132494
47,4,"VR.11,LN.01,LN.35,LN.58",0.96,-0.6895305006445993
48,6,"VR.09,VR.32,VR.39,LN.01,LN.03,LN.34",0.88,-1.349422079391575
49,4,"VR.04,VR.16,LN.05,LN.34",0.72,-1.7433567408152717
50,8,"VR.18,VR.32,VR.39,LN.05,LN.06,LN.33,LN.34,LN.58",0.88,-2.1394644679246406
51,4,"VR.13,VR.42,LN.01,LN.05",0.84,-1.0563681516291328
52,8,"VR.04,VR.16,VR.18,VR.32,VR.36,LN.01,LN.33,LN.35",0.88,-0.8858167576481926
53,8,"VR.14,VR.17,VR.26,VR.32,LN.03,LN.33,LN.34,LN.35",0.84,-1.2161421079193588
54,8,"VR.14,VR.16,VR.17,VR.19,VR.39,LN.05,LN.07,LN.35",0.72,-1.7604368152071876
55,7,"VR.13,VR.26,VR.31,VR.36,VR.42,LN.03,LN.06",0.96,-0.5000887332821327
56,8,"VR.19,VR.23,VR.36,LN.01,LN.03,LN.05,LN.34,LN.35",0.84,-1.0020479893007754
57,8,"VR.04,VR.16,VR.19,LN.06,LN.07,LN.34,LN.35,LN.58",0.72,-1.6975887660775497
58,4,"VR.09,VR.11,VR.23,LN.34",0.88,-0.8681282751203702
59,7,"VR.04,VR.17,VR.36,VR.42,LN.05,LN.35,LN.58",0.84,-1.1484022522020347
60,6,"VR.04,VR.11,VR.13,VR.19,VR.42,LN.06",0.84,-1.2295702021993393
61,8,"VR.16,VR.17,VR.19,VR.23,VR.26,VR.39,VR.42,LN.06",0.84,-1.4103876403998734
62,5,"VR.04,VR.32,LN.01,LN.07,LN.35",0.88,-1.2510271203229628
63,5,"VR.04,VR.18,VR.31,VR.32,LN.58",0.92,-1.5377594461811166
64,4,"VR.09,VR.31,LN.01,LN.07",0.88,-1.1990951399090746
65,7,"VR.16,VR.32,LN.01,LN.03,LN.06,LN.07,LN.33",0.84,-1.1625963997450603
66,4,"VR.11,VR.19,VR.31,LN.05",0.76,-1.596726939883236
67,6,"VR.11,VR.16,VR.17,VR.18,LN.05,LN.34",0.84,-1.3982514962070831
68,7,"VR.11,VR.14,VR.26,LN.05,LN.34,LN.35,LN.58",0.8,-1.109030291638757
69,7,"VR.04,VR.11,VR.14,VR.23,VR.31,LN.01,LN.03",0.92,-0.8409212809103241
70,5,"VR.04,VR.16,VR.18,LN.01,LN.05",0.84,-1.231164954541517
71,5,"VR.13,VR.14,VR.39,LN.33,LN.35",0.92,-1.881475863291225
72,6,"VR.09,VR.14,VR.18,VR.19,LN.01,LN.07",0.84,-1.0780598569410937
73,6,"VR.11,VR.13,VR.18,VR.31,LN.07,LN.33",0.84,-1.392540993717599
74,4,"VR.11,VR.13,VR.26,LN.33",0.92,-0.5637652366546082
75,7,"VR.11,VR.13,VR.26,VR.31,VR.42,LN.03,LN.33",0.8,-0.8900830091436018
76,4,"VR.23,VR.32,LN.05,LN.06",0.76,-1.6573288044739265
77,4,"VR.14,VR.17,LN.05,LN.34",0.8,-1.471783075708559
78,8,"VR.09,VR.11,VR.14,VR.16,VR.18,VR.19,VR.31,LN.34",0.84,-1.215257206017865
79,6,"VR.11,VR.14,VR.17,VR.31,LN.01,LN.05",0.84,-1.0982033464866743
80,8,"VR.11,VR.14,VR.16,VR.19,VR.32,LN.33,LN.35,LN.58",0.84,-1.1363418219068122
81,6,"VR.04,VR.23,VR.26,VR.39,LN.07,LN.58",0.92,-1.5810229846090227
82,5,"VR.14,VR.31,VR.42,LN.06,LN.34",0.88,-1.2510013668113702
83,4,"VR.04,VR.11,VR.16,VR.26",0.96,-0.7634850245884297
84,8,"VR.17,VR.19,VR.23,VR.26,VR.36,VR.39,VR.42,LN.35",0.84,-0.9954389082401693
85,5,"VR.09,VR.23,VR.39,LN.34,LN.35",0.96,-2.314864911014549
86,4,"LN.01,LN.03,LN.05,LN.33",0.88,-1.197403635488516
87,5,"VR.09,VR.13,LN.33,LN.34,LN.58",0.76,-1.5859102292171254
88,4,"VR.11,VR.13,VR.14,VR.26",1.0,-0.18718216796104492
89,5,"VR.13,VR.14,VR.17,LN.01,LN.05",0.84,-1.134684291752859
90,6,"VR.09,VR.31,VR.39,LN.03,LN.06,LN.33",0.88,-1.9246945980152206
91,7,"VR.04,VR.16,VR.17,VR.19,VR.42,LN.03,LN.35",0.84,-1.3884028869507494
92,4,"VR.18,VR.42,LN.01,LN.35",0.96,-0.7477111475507758
93,5,"VR.09,VR.11,VR.16,VR.32,LN.03",0.84,-0.902703000499869
94,8,"VR.13,VR.14,VR.19,VR.31,VR.32,VR.36,VR.39,LN.07",0.88,-1.3364107265046412
95,8,"VR.04,VR.11,VR.14,VR.17,VR.31,VR.39,LN.07,LN.35",0.8,-1.5026179213572908
96,6,"VR.13,VR.16,VR.17,VR.18,LN.01,LN.58",0.84,-1.0178759599192713
97,4,"VR.18,VR.31,LN.06,LN.07",0.72,-1.7437687531294865
98,4,"VR.04,VR.11,VR.16,LN.58",0.84,-0.9922584705409674
99,5,"VR.09,VR.11,VR.14,VR.17,VR.31",0.88,-1.083245067387956
100,7,"VR.04,VR.09,VR.14,VR.17,VR.31,LN.07,LN.35",0.92,-1.477398716112448
101,5,"VR.09,VR.17,VR.19,LN.06,LN.35",0.72,-1.8085679355478879
102,7,"VR.13,VR.17,VR.36,VR.39,LN.34,LN.35,LN.58",0.84,-1.4013595650639452
103,7,"VR.11,VR.14,VR.17,VR.32,VR.36,VR.39,VR.42",0.88,-0.8057909729744591
104,4,"VR.13,VR.26,LN.03,LN.58",0.96,-0.7064846307534616
105,6,"VR.04,VR.14,VR.18,VR.32,VR.36,LN.58",0.96,-0.6895415795769854
106,4,"VR.09,VR.14,VR.32,VR.36",1.0,-0.280105310404985
107,7,"VR.11,VR.17,VR.18,VR.19,VR.39,LN.03,LN.05",0.76,-1.684975175506839
108,5,"VR.09,VR.13,VR.23,VR.31,LN.35",1.0,-1.4647567645538975
109,5,"VR.13,VR.23,VR.32,VR.39,LN.58",1.0,-2.0631601781858864
110,8,"VR.04,VR.11,VR.16,VR.18,VR.42,LN.03,LN.33,LN.34",0.84,-1.1445547365690605
111,7,"VR.09,VR.19,VR.26,VR.39,LN.01,LN.33,LN.58",0.88,-1.2957076505160292
112,7,"VR.09,VR.26,VR.31,VR.42,LN.01,LN.06,LN.34",0.84,-1.0319662785439
113,4,"VR.14,VR.39,LN.05,LN.06",0.8,-1.9164477945576932
114,8,"VR.09,VR.16,VR.19,VR.31,LN.01,LN.07,LN.34,LN.58",0.88,-1.325585730967807
115,7,"VR.04,VR.16,VR.19,VR.32,VR.39,LN.05,LN.58",0.96,-2.133345249961459
116,8,"VR.09,VR.11,VR.19,VR.26,VR.36,VR.42,LN.01,LN.33",0.96,-0.4103266053346837
117,7,"VR.14,VR.18,VR.19,VR.32,LN.03,LN.06,LN.35",0.88,-1.2951713464073928
118,4,"VR.16,VR.31,VR.32,LN.01",0.84,-1.0578356355123653
119,6,"VR.13,VR.14,VR.18,VR.39,LN.03,LN.06",0.88,-1.4752736738787364
120,8,"VR.14,VR.18,VR.23,VR.26,VR.32,LN.03,LN.33,LN.34",0.84,-0.9743282610547975
121,8,"VR.17,VR.19,VR.31,LN.01,LN.03,LN.05,LN.07,LN.35",0.8,-1.467649349986216
122,4,"VR.09,VR.42,LN.06,LN.58",0.84,-1.0660486406702234
123,4,"VR.09,VR.26,VR.42,LN.03",0.96,-0.5174983644308763
124,6,"VR.04,VR.14,VR.42,LN.01,LN.03,LN.58",0.88,-0.8422552698788921
125,5,"VR.16,VR.26,VR.36,LN.03,LN.33",0.96,-0.4159374436434895
126,8,"VR.13,VR.14,VR.16,VR.23,VR.39,LN.05,LN.06,LN.34",0.92,-1.6303051383556013
127,5,"VR.11,VR.16,VR.19,LN.33,LN.34",0.88,-1.3369614603862017
128,4,"VR.32,LN.06,LN.34,LN.58",0.88,-1.6825642693936445
129,8,"VR.09,VR.23,VR.31,VR.36,LN.06,LN.07,LN.34,LN.35",0.84,-1.1773241179395901
130,8,"VR.09,VR.11,VR.13,VR.18,VR.26,LN.03,LN.07,LN.58",0.84,-0.9090120892398297
131,4,"VR.11,VR.31,VR.42,LN.07",0.84,-1.1407415633823144
132,6,"VR.04,VR.09,VR.18,VR.32,LN.01,LN.07",0.84,-1.19088360240615
133,6,"VR.11,VR.13,VR.18,VR.19,LN.05,LN.35",0.72,-1.6111236715909734
134,7,"VR.04,VR.11,VR.32,VR.36,LN.03,LN.07,LN.58",0.92,-0.8264409774562391
135,7,"VR.04,VR.16,VR.32,VR.42,LN.05,LN.34,LN.35",0.72,-1.606020238921812
136,4,"VR.19,VR.26,VR.42,LN.05",0.84,-1.4328541144425557
137,7,"VR.14,VR.16,VR.17,VR.32,VR.39,LN.06,LN.33",0.8,-1.5259473188516712
138,8,"VR.13,VR.14,VR.17,VR.31,VR.32,VR.39,VR.42,LN.03",0.96,-1.4359555900300562
139,6,"VR.17,VR.26,VR.31,LN.33,LN.34,LN.35",0.8,-1.544372320348173
140,4,"VR.17,VR.32,VR.36,VR.39",0.84,-1.2124462965317686
141,7,"VR.09,VR.23,VR.31,LN.01,LN.07,LN.34,LN.35",0.88,-1.2595436288036579
142,4,"VR.09,VR.19,VR.39,LN.06",0.88,-2.8037877984866024
143,6,"VR.09,VR.17,VR.18,VR.31,VR.39,LN.33",0.88,-1.9224428961437
144,6,"VR.09,VR.18,VR.32,LN.34,LN.35,LN.58",0.8,-1.5545534966158234
145,6,"VR.04,VR.16,VR.17,VR.31,LN.05,LN.58",0.72,-1.6020875241850903
146,4,"VR.13,VR.18,VR.19,LN.03",0.8,-1.47535503978871
147,5,"VR.23,VR.36,LN.01,LN.05,LN.06",0.92,-0.6085099000627112
148,5,"VR.09,VR.14,VR.16,VR.31,VR.32",0.84,-1.1794813127289623
149,4,"VR.04,VR.36,LN.33,LN.58",0.96,-0.7761672070032006
150,7,"VR.11,VR.13,VR.16,VR.18,VR.32,VR.36,VR.42",1.0,-0.15706042644595353
151,6,"VR.16,VR.18,VR.31,VR.39,LN.01,LN.06",0.84,-1.4063559052018992
152,7,"VR.17,VR.32,VR.39,LN.01,LN.07,LN.35,LN.58",0.8,-1.4687609176659162
153,4,"VR.19,VR.26,VR.32,VR.39",0.88,-2.1455499772008606
154,7,"VR.18,VR.26,VR.31,VR.36,VR.39,LN.34,LN.35",0.88,-1.2832934531572762
155,5,"VR.11,VR.18,VR.23,VR.39,LN.34",0.84,-1.4286082610801092
156,5,"VR.11,VR.13,VR.18,VR.26,VR.32",1.0,-0.3741716496800483
157,7,"VR.04,VR.13,VR.14,VR.26,VR.36,VR.39,LN.03",0.88,-0.8416376971585604
158,4,"VR.13,VR.14,VR.17,LN.07",0.88,-1.2767171935312995
159,8,"VR.09,VR.11,VR.13,VR.14,VR.16,VR.26,VR.31,LN.07",0.84,-0.9974832784018073
160,5,"VR.11,VR.23,VR.31,VR.36,LN.03",1.0,-0.17710569506207302
161,8,"VR.09,VR.11,VR.17,VR.18,VR.36,VR.39,LN.34,LN.35",0.88,-1.2057838984412974
162,8,"VR.16,VR.17,VR.19,VR.23,VR.26,VR.31,LN.01,LN.58",0.84,-1.038802078787996
163,5,"VR.04,VR.11,LN.07,LN.33,LN.35",0.84,-1.4206995697903042
164,7,"VR.11,VR.13,VR.18,VR.19,VR.32,LN.05,LN.35",0.76,-1.5912220339017327
165,4,"VR.23,VR.31,VR.39,LN.34",0.8,-1.9846261397602036
166,4,"VR.11,VR.14,VR.32,VR.39",0.84,-1.1884172309006358
167,5,"VR.11,VR.16,VR.32,VR.42,LN.34",0.84,-0.9850006122277289
168,4,"VR.09,VR.16,VR.36,LN.06",0.96,-0.4176497315789304
169,7,"VR.04,VR.13,VR.14,VR.32,VR.39,LN.05,LN.33",0.88,-1.8295673004945896
170,7,"VR.13,VR.16,VR.17,LN.03,LN.05,LN.33,LN.35",0.76,-1.595803814916993
171,4,"VR.04,VR.14,VR.23,LN.35",0.88,-1.045584676222826
172,6,"VR.13,VR.17,VR.26,VR.42,LN.07,LN.34",0.88,-1.3037026499695368
173,7,"VR.11,VR.36,VR.42,LN.01,LN.03,LN.07,LN.35",0.92,-0.5565827731113145
174,7,"VR.11,VR.13,VR.16,VR.32,VR.39,LN.33,LN.35",0.76,-1.5975372304652322
175,7,"VR.04,VR.17,VR.32,VR.39,LN.07,LN.35,LN.58",0.96,-2.162096840562207
176,8,"VR.09,VR.11,VR.14,VR.17,VR.23,VR.26,LN.03,LN.34",0.88,-0.8762913935471943
177,6,"VR.19,VR.23,VR.39,VR.42,LN.05,LN.58",0.8,-1.9376475414630123
178,5,"VR.11,VR.19,VR.23,VR.26,VR.32",0.92,-0.6149620372590152
179,4,"VR.04,VR.11,VR.31,VR.32",0.88,-1.2794488433982139
180,4,"VR.09,VR.11,VR.19,LN.35",0.88,-1.28799473954609
181,4,"VR.04,VR.13,LN.01,LN.58",0.84,-0.9890825154263605
182,7,"VR.13,VR.16,VR.18,VR.32,LN.01,LN.06,LN.58",0.84,-0.9997170146085859
183,4,"VR.19,LN.01,LN.07,LN.34",0.88,-1.308757745592512
184,8,"VR.09,VR.11,VR.16,VR.32,VR.42,LN.06,LN.07,LN.58",0.84,-1.0883154482489739
185,5,"VR.23,VR.36,VR.42,LN.07,LN.35",0.96,-0.4451614509348686
186,5,"VR.09,VR.16,VR.19,VR.31,LN.34",0.76,-1.6424936059188573
187,6,"VR.04,VR.13,VR.31,VR.32,LN.07,LN.35",0.72,-1.7731313898873753
188,8,"VR.11,VR.23,VR.26,VR.42,LN.01,LN.34,LN.35,LN.58",0.92,-0.6583777190994309
189,5,"VR.04,VR.09,VR.19,LN.05,LN.33",0.8,-1.9743693222365983
190,7,"VR.04,VR.09,VR.11,VR.13,VR.18,VR.42,LN.33",0.84,-1.0999010982400514
191,4,"VR.17,VR.18,VR.36,LN.07",0.88,-0.8850632496890953
192,5,"VR.09,VR.23,VR.26,VR.31,LN.06",0.92,-1.03325243513968
193,8,"VR.04,VR.18,VR.19,VR.31,VR.32,LN.07,LN.33,LN.58",0.76,-1.6905853272802889
194,7,"VR.09,VR.14,VR.32,VR.36,LN.03,LN.05,LN.06",0.84,-0.9310628923989133
195,8,"VR.13,VR.19,VR.26,LN.01,LN.03,LN.05,LN.34,LN.35",0.88,-1.2864889160270594
196,7,"VR.13,VR.17,VR.42,LN.03,LN.06,LN.07,LN.33",0.84,-1.4177295919744426
197,7,"VR.09,VR.13,VR.14,VR.18,VR.23,VR.32,VR.39",1.0,-1.3776177886042773
198,4,"VR.13,VR.19,VR.31,LN.05",0.8,-2.0422208837154763
199,4,"LN.05,LN.07,LN.34,LN.35",0.92,-2.3091945777193854
200,6,"VR.13,VR.18,VR.32,VR.39,VR.42,LN.34",0.8,-1.9397560851152182
201,6,"VR.13,VR.14,VR.17,VR.36,LN.34,LN.58",0.88,-0.8580511602410332
202,8,"VR.09,VR.18,VR.19,VR.39,LN.01,LN.03,LN.06,LN.58",0.84,-1.3638362713328878
203,8,"VR.11,VR.17,VR.23,VR.26,VR.39,VR.42,LN.35,LN.58",0.84,-1.0821118837383747
204,5,"VR.09,VR.11,VR.17,VR.36,VR.39",0.84,-0.9238839975316182
205,7,"VR.13,VR.14,VR.17,VR.18,VR.31,VR.39,LN.03",0.92,-1.5193811904599404
206,7,"VR.13,VR.16,VR.17,VR.23,VR.31,VR.36,LN.01",0.96,-0.7283329799592375
207,4,"VR.04,VR.17,VR.36,VR.39",0.88,-1.3043120426613937
208,8,"VR.11,VR.17,VR.36,VR.39,LN.03,LN.06,LN.07,LN.33",0.88,-1.20060888700816
209,5,"VR.09,VR.14,VR.18,VR.23,LN.05",0.92,-1.1592974526219875
210,6,"VR.09,VR.16,VR.17,VR.19,VR.32,VR.39",0.92,-1.924366008646751
211,5,"VR.09,VR.14,VR.16,VR.19,VR.42",0.96,-1.0387551302418436
212,7,"VR.09,VR.11,VR.18,VR.19,VR.23,VR.36,VR.39",1.0,-0.7736421223834238
213,8,"VR.17,VR.32,VR.36,VR.39,VR.42,LN.06,LN.35,LN.58",0.84,-1.2254451200265657
214,4,"VR.11,VR.23,VR.31,VR.42",1.0,-0.39359604488055133
215,7,"VR.11,VR.17,VR.18,VR.42,LN.05,LN.33,LN.58",0.88,-1.279479662390703
216,6,"VR.13,VR.17,VR.18,VR.19,VR.36,LN.06",0.84,-1.0370443632198225
217,8,"VR.09,VR.11,VR.16,VR.36,VR.39,LN.03,LN.33,LN.34",0.84,-1.0653915641391865
218,6,"VR.16,VR.26,LN.03,LN.05,LN.07,LN.34",0.84,-1.4303430417111045
219,7,"VR.09,VR.11,VR.14,VR.23,LN.33,LN.34,LN.35",0.84,-1.0351147830116134
220,5,"VR.14,VR.18,LN.33,LN.35,LN.58",0.84,-1.1590011082768048
221,8,"VR.13,VR.16,VR.31,VR.42,LN.01,LN.05,LN.34,LN.58",0.88,-1.2578056834046054
222,8,"VR.19,VR.26,VR.36,VR.39,VR.42,LN.07,LN.33,LN.58",0.84,-1.139341767301441
223,5,"VR.09,VR.14,VR.26,LN.33,LN.34",0.84,-1.0708909091328565
224,8,"VR.04,VR.11,VR.16,VR.18,VR.26,VR.31,LN.06,LN.07",0.84,-1.2240270946827836
225,5,"VR.04,VR.11,VR.14,VR.17,VR.36",0.96,-0.6707327074902938
226,5,"VR.11,VR.13,VR.26,VR.36,LN.07",0.96,-0.08201740865459596
227,5,"VR.13,VR.17,VR.23,VR.26,LN.58",0.88,-0.8538587224131577
228,4,"VR.11,VR.13,VR.14,VR.36",0.92,0.3584094953478245
229,7,"VR.14,VR.39,LN.03,LN.06,LN.33,LN.34,LN.35",0.8,-1.6580020218508709
230,4,"VR.31,VR.32,LN.35,LN.58",0.88,-1.6758099791848944
231,6,"VR.17,VR.26,VR.32,VR.36,LN.01,LN.34",0.96,-0.707316963816955
232,7,"VR.14,VR.19,VR.39,LN.01,LN.06,LN.07,LN.58",0.88,-1.3323039759030098
233,7,"VR.13,VR.26,VR.31,VR.32,VR.42,LN.03,LN.58",0.96,-1.0233731952328493
234,7,"VR.26,VR.39,VR.42,LN.01,LN.33,LN.34,LN.35",0.88,-1.2711469909471216
235,7,"VR.04,VR.09,VR.16,VR.31,VR.36,LN.01,LN.35",0.8,-0.8991828107117313
236,6,"VR.13,VR.23,LN.01,LN.06,LN.33,LN.34",0.84,-1.0960569974166043
237,4,"VR.09,VR.32,LN.07,LN.58",0.8,-1.4770524132293543
238,7,"VR.09,VR.11,VR.16,VR.17,LN.07,LN.34,LN.58",0.88,-1.277528825738734
239,7,"VR.13,VR.17,VR.23,VR.31,VR.36,LN.03,LN.07",0.84,-0.9857024398428547
240,4,"VR.09,VR.18,VR.19,VR.26",0.84,-1.1795424460576471
241,7,"VR.16,VR.18,VR.26,VR.31,VR.32,VR.42,LN.34",0.84,-1.1923465543095972
242,7,"VR.11,VR.13,VR.14,VR.17,VR.18,VR.32,LN.34",0.8,-1.1195935417771228
243,5,"VR.11,VR.17,VR.19,VR.32,LN.58",0.84,-1.241646459698643
244,5,"VR.11,VR.42,LN.03,LN.33,LN.58",0.88,-0.8139901771083542
245,6,"VR.18,VR.23,VR.32,LN.05,LN.06,LN.35",0.72,-1.7010093713653418
246,8,"VR.04,VR.09,VR.11,VR.14,VR.18,VR.32,VR.39,LN.33",0.92,-1.3573670026439446
247,6,"VR.11,VR.16,LN.03,LN.07,LN.34,LN.58",0.84,-1.15221071943208
248,8,"VR.11,VR.16,VR.18,VR.26,VR.39,LN.07,LN.34,LN.58",0.88,-1.3508003062644267
249,4,"VR.11,VR.13,VR.36,LN.33",0.96,-0.017234453183605294
250,5,"VR.09,VR.16,LN.03,LN.33,LN.34",0.84,-1.3685772913830152
251,6,"VR.09,VR.11,VR.17,VR.36,VR.39,LN.35",0.84,-1.0571487244990552
252,5,"VR.09,VR.42,LN.05,LN.06,LN.33",0.76,-1.6888951456369152
253,5,"VR.17,VR.31,VR.36,VR.39,VR.42",0.96,-1.21330702951564
254,7,"VR.04,VR.09,VR.16,VR.26,VR.36,VR.39,LN.07",0.84,-1.1311705810175163
255,7,"VR.19,VR.23,VR.31,LN.06,LN.07,LN.34,LN.58",0.8,-1.6320244116534055
256,5,"VR.17,VR.19,VR.31,VR.36,LN.05",0.84,-1.3636873833855243
257,5,"VR.04,VR.19,VR.32,LN.33,LN.58",0.8,-1.716973816199825
258,8,"VR.13,VR.14,VR.16,VR.17,VR.18,VR.32,LN.05,LN.33",0.84,-1.393619926037156
259,5,"VR.09,VR.19,VR.32,LN.05,LN.33",0.8,-1.9767211215217872
260,5,"VR.09,VR.19,VR.42,LN.01,LN.58",0.84,-0.9271902240865384
261,6,"VR.04,VR.14,VR.16,VR.17,VR.31,LN.34",0.84,-1.363968575718171
262,7,"VR.09,VR.14,VR.19,VR.32,LN.01,LN.03,LN.33",0.84,-1.050579592561515
263,8,"VR.09,VR.13,VR.16,VR.17,VR.23,VR.31,VR.39,LN.06",0.84,-1.6805871757416
264,8,"VR.13,VR.16,VR.19,VR.26,LN.03,LN.06,LN.07,LN.34",0.84,-1.4073762542529222
265,4,"VR.18,VR.36,LN.06,LN.34",0.96,-0.7085684342467884
266,8,"VR.04,VR.13,VR.17,VR.18,VR.23,VR.32,VR.39,LN.01",0.92,-1.3355925834190108
267,7,"VR.04,VR.11,VR.18,VR.39,VR.42,LN.01,LN.58",0.84,-1.0544823008867241
268,6,"VR.32,VR.39,VR.42,LN.05,LN.35,LN.58",0.84,-2.105150450564882
269,8,"VR.16,VR.19,VR.26,VR.39,LN.05,LN.07,LN.34,LN.35",0.88,-2.059443479814947
270,4,"VR.09,VR.16,VR.18,VR.31",0.84,-1.415503864135288
271,8,"VR.09,VR.18,VR.31,VR.32,VR.36,LN.01,LN.07,LN.35",0.84,-0.9505742403630044
272,7,"VR.04,VR.11,VR.19,VR.32,LN.01,LN.03,LN.33",0.84,-1.085721442072608
273,8,"VR.04,VR.13,VR.31,VR.32,LN.03,LN.06,LN.07,LN.58",0.92,-1.5909274144334096
274,5,"VR.17,VR.18,VR.36,VR.39,LN.06",0.88,-1.2697875448069764
275,4,"VR.17,VR.26,LN.01,LN.58",0.88,-0.804930086845842
276,6,"VR.13,VR.16,VR.31,LN.06,LN.07,LN.35",0.76,-1.6915242282009806
277,4,"VR.16,LN.01,LN.05,LN.33",0.84,-1.2217296563360982
278,7,"VR.13,VR.17,VR.18,VR.42,LN.07,LN.34,LN.35",0.8,-1.5651552296700866
279,8,"VR.09,VR.13,VR.31,VR.39,LN.01,LN.05,LN.07,LN.34",0.76,-1.6763291551314832
280,7,"VR.04,VR.17,VR.19,VR.39,LN.05,LN.06,LN.07",0.92,-2.3361134330406133
281,5,"VR.16,VR.18,VR.26,VR.32,LN.34",0.84,-1.139912451071405
282,8,"VR.04,VR.14,VR.16,VR.18,VR.32,VR.39,VR.42,LN.01",0.96,-1.1339937824482917
283,7,"VR.04,VR.11,VR.14,VR.17,VR.19,LN.03,LN.05",0.88,-1.2930801779571708
284,8,"VR.11,VR.18,VR.19,VR.23,VR.32,LN.01,LN.34,LN.35",0.84,-1.0352742253013967
285,5,"VR.11,VR.16,VR.19,VR.26,LN.33",0.84,-0.9779317810564581
286,8,"VR.04,VR.18,VR.19,VR.26,VR.32,VR.39,VR.42,LN.03",0.8,-1.5050432435325112
287,4,"VR.17,VR.18,VR.32,VR.42",0.84,-1.2314589363531652
288,8,"VR.13,VR.16,VR.23,VR.31,VR.36,VR.39,VR.42,LN.33",0.84,-1.0561572341828187
289,8,"VR.11,VR.18,VR.26,VR.31,LN.01,LN.05,LN.06,LN.33",0.8,-1.1192587114901793
290,5,"VR.19,LN.01,LN.03,LN.05,LN.33",0.88,-1.317296613372759
291,6,"VR.11,VR.16,VR.32,LN.05,LN.06,LN.07",0.84,-1.4306912675369663
292,6,"VR.14,VR.18,VR.19,VR.32,VR.36,LN.03",0.96,-0.6994659676609631
293,6,"VR.09,VR.16,VR.23,VR.42,LN.03,LN.35",0.88,-0.9160690158225433
294,7,"VR.18,VR.32,LN.01,LN.07,LN.33,LN.34,LN.35",0.88,-1.3291507117041883
295,7,"VR.11,VR.13,VR.18,VR.23,LN.01,LN.03,LN.58",0.92,-0.5911176941019715
296,6,"VR.11,VR.17,VR.26,VR.31,LN.34,LN.58",0.84,-1.16389586936238
297,7,"VR.09,VR.16,VR.19,VR.31,LN.05,LN.34,LN.35",0.72,-1.8207694697363799
298,8,"VR.04,VR.13,VR.14,VR.16,VR.17,VR.23,VR.31,VR.32",0.92,-1.235045215044008
299,4,"VR.17,LN.05,LN.06,LN.33",0.8,-1.8978457867486167
300,4,"VR.32,LN.01,LN.33,LN.34",0.84,-1.1585635190863375
301,5,"VR.11,VR.17,VR.19,VR.36,LN.05",0.84,-1.0292557326244618
302,8,"VR.09,VR.19,VR.23,VR.39,LN.03,LN.06,LN.33,LN.35",0.88,-1.982215156463746
303,7,"VR.09,VR.31,VR.36,VR.42,LN.01,LN.34,LN.35",0.92,-0.8271581587301675
304,5,"VR.17,VR.36,VR.42,LN.07,LN.34",0.84,-0.9939707846766423
305,6,"VR.11,VR.14,VR.19,VR.23,LN.05,LN.33",0.84,-1.1745303183718834
306,8,"VR.09,VR.13,VR.23,VR.39,LN.03,LN.05,LN.33,LN.34",0.88,-1.9576569456107857
307,8,"VR.09,VR.11,VR.14,VR.18,VR.32,VR.36,LN.01,LN.07",0.92,-0.5884250175117339
308,4,"VR.04,LN.01,LN.33,LN.34",0.84,-1.224859153297222
309,7,"VR.11,VR.13,VR.31,VR.36,VR.39,LN.05,LN.06",0.84,-1.3638641632850899
310,8,"VR.16,VR.26,VR.36,LN.01,LN.03,LN.06,LN.07,LN.34",0.88,-0.8037099645578243
311,4,"VR.18,VR.19,VR.31,LN.05",0.8,-1.9521252389496766
312,6,"VR.09,VR.11,VR.14,VR.19,VR.32,LN.58",0.84,-0.9868415768247587
313,5,"VR.17,VR.26,LN.03,LN.34,LN.35",0.88,-1.2973219783775924
314,8,"VR.09,VR.17,VR.18,VR.42,LN.01,LN.05,LN.33,LN.58",0.84,-1.2176231749689168
315,4,"VR.04,VR.17,VR.31,LN.35",0.92,-1.7425701944581617
316,7,"VR.09,VR.13,VR.16,VR.23,VR.32,VR.39,LN.05",0.92,-1.9376126235663107
317,7,"VR.09,VR.13,VR.23,VR.42,LN.33,LN.35,LN.58",0.8,-1.1143007214751401
318,4,"VR.17,VR.39,LN.03,LN.58",0.96,-2.062563748594318
319,4,"VR.16,VR.39,LN.05,LN.35",0.96,-2.663357940820687
320,5,"VR.18,VR.19,VR.42,LN.03,LN.33",0.88,-1.3111798341636554
321,4,"VR.11,VR.19,LN.07,LN.58",0.88,-1.2620364691304466
322,8,"VR.11,VR.13,VR.17,VR.23,VR.36,LN.01,LN.05,LN.58",0.96,-0.7095477299835248
323,7,"VR.11,VR.14,VR.16,VR.26,VR.36,LN.01,LN.06",1.0,-0.21569693033834214
324,8,"VR.13,VR.14,VR.19,VR.26,VR.31,VR.36,LN.33,LN.58",0.92,-0.8346099783728135
325,7,"VR.23,VR.26,VR.39,LN.03,LN.33,LN.35,LN.58",0.84,-1.4079055983064808
326,8,"VR.13,VR.18,VR.19,VR.31,LN.05,LN.06,LN.33,LN.34",0.8,-1.9398708268180975
327,5,"VR.14,VR.26,LN.01,LN.06,LN.33",0.92,-0.7795958061559823
328,6,"VR.11,VR.16,VR.17,VR.19,VR.36,LN.58",0.96,-0.7727472974530727
329,8,"VR.09,VR.13,VR.23,VR.26,VR.31,VR.36,VR.42,LN.58",1.0,-0.24055364119553066
330,7,"VR.04,VR.13,VR.19,VR.31,LN.03,LN.05,LN.33",0.76,-1.7946995734367093
331,4,"VR.18,VR.31,LN.34,LN.58",0.84,-1.5862202683845923
332,7,"VR.09,VR.18,VR.23,VR.26,VR.31,LN.01,LN.05",0.88,-1.0407150708289827
333,4,"VR.13,VR.17,VR.31,VR.42",0.92,-1.4353067082385114
334,7,"VR.09,VR.18,VR.23,VR.32,LN.01,LN.34,LN.58",0.84,-0.9697511841070833
335,7,"VR.04,VR.13,VR.14,VR.26,LN.33,LN.34,LN.58",0.84,-1.1674051825320455
336,4,"VR.23,LN.05,LN.33,LN.34",0.72,-1.7438491572461996
337,6,"VR.09,VR.14,VR.17,VR.31,VR.42,LN.03",0.96,-1.151597794821252
338,7,"VR.11,VR.13,VR.16,VR.26,VR.39,LN.34,LN.35",0.84,-1.4111546172846199
339,5,"VR.11,VR.14,VR.32,LN.07,LN.58",0.84,-0.953808504341262
340,8,"VR.04,VR.09,VR.14,VR.23,VR.32,LN.06,LN.34,LN.35",0.88,-1.2929201087677926
341,4,"VR.13,VR.18,VR.23,LN.58",0.96,-0.7130127416460799
342,5,"VR.09,VR.23,VR.32,VR.36,LN.06",1.0,-0.28902779537555473
343,6,"VR.16,VR.19,VR.23,VR.32,LN.03,LN.34",0.88,-1.2951414197625308
344,6,"VR.16,VR.18,VR.19,VR.23,VR.26,LN.58",0.88,-0.8804657521234649
345,8,"VR.13,VR.17,VR.18,VR.26,VR.36,VR.42,LN.05,LN.58",0.88,-0.808953682286669
346,8,"VR.18,VR.23,VR.26,VR.31,VR.32,LN.07,LN.34,LN.35",0.84,-1.4035509493204716
347,5,"VR.09,VR.14,VR.17,VR.32,LN.58",0.92,-1.1428753113573196
348,4,"VR.09,VR.13,VR.39,LN.03",0.92,-2.2556199871474316
349,7,"VR.19,VR.31,VR.39,LN.05,LN.06,LN.33,LN.58",0.88,-2.192738377132435
350,7,"VR.04,VR.16,VR.17,VR.26,LN.07,LN.33,LN.34",0.84,-1.441958049198844
351,4,"VR.09,VR.13,VR.18,VR.36",0.92,0.41654267855389704
352,7,"VR.13,VR.14,VR.23,VR.32,VR.39,LN.35,LN.58",0.96,-1.4217396774138438
353,4,"VR.04,VR.23,LN.01,LN.58",0.92,-0.8330355290503126
354,4,"VR.14,VR.16,LN.01,LN.06",1.0,-0.8188752506011303
355,6,"VR.04,VR.17,VR.19,VR.31,VR.39,VR.42",0.92,-1.8946536263569973
356,6,"VR.13,VR.17,VR.23,VR.26,VR.42,LN.34",0.84,-1.0018327359685126
357,8,"VR.13,VR.14,VR.19,VR.36,VR.39,LN.05,LN.33,LN.35",0.84,-1.4599987231327407
358,5,"VR.11,VR.19,VR.23,LN.05,LN.06",0.84,-1.3768109564786353
359,4,"VR.13,VR.16,LN.05,LN.58",0.76,-1.5970222197356343
360,5,"VR.11,VR.19,VR.23,VR.26,VR.31",0.88,-0.849604199028749
361,4,"VR.23,VR.31,VR.39,LN.34",0.8,-1.9846261397602036
362,4,"VR.11,VR.17,VR.26,VR.42",0.92,-0.564972782712026
363,7,"VR.09,VR.17,VR.18,VR.32,VR.42,LN.06,LN.07",0.84,-1.4342071200695412
364,4,"VR.13,VR.19,VR.42,LN.35",0.76,-1.6495495723984681
365,4,"VR.26,VR.32,LN.05,LN.34",0.72,-1.597998184296193
366,4,"VR.14,VR.36,VR.39,LN.34",0.84,-0.9874848814067123
367,5,"VR.17,VR.23,VR.26,LN.01,LN.05",0.84,-0.9893652214036559
368,7,"VR.11,VR.13,VR.19,VR.31,VR.39,LN.07,LN.34",0.72,-1.8270624760258425
369,8,"VR.16,VR.19,VR.26,VR.32,VR.36,LN.06,LN.07,LN.33",0.84,-1.0282429926699959
370,8,"VR.04,VR.09,VR.14,VR.32,VR.42,LN.03,LN.07,LN.33",0.84,-1.2145608420515197
371,6,"VR.14,VR.32,VR.36,VR.39,LN.03,LN.07",0.84,-1.0294882402430223
372,8,"VR.09,VR.14,VR.19,VR.32,LN.03,LN.05,LN.06,LN.34",0.8,-1.4869175048419236
373,4,"VR.17,LN.01,LN.06,LN.33",0.84,-1.164697480484918
374,6,"VR.16,VR.23,VR.31,LN.03,LN.33,LN.34",0.88,-1.3299364180465516
375,7,"VR.13,VR.18,VR.31,VR.39,VR.42,LN.33,LN.35",0.8,-1.9389706904496737
376,5,"VR.31,VR.36,LN.07,LN.33,LN.58",0.84,-1.0426823213077752
377,7,"VR.04,VR.09,VR.17,VR.19,VR.36,LN.05,LN.06",0.84,-1.3718081734939247
378,7,"VR.11,VR.13,VR.42,LN.01,LN.03,LN.35,LN.58",0.96,-0.7266364292100767
379,8,"VR.16,VR.17,VR.23,VR.31,VR.32,VR.42,LN.03,LN.35",0.92,-1.2275663146380242
380,7,"VR.13,VR.17,VR.18,VR.31,VR.32,VR.36,LN.07",0.84,-1.1594652498496532
381,8,"VR.04,VR.11,VR.23,VR.26,VR.32,LN.01,LN.33,LN.58",0.92,-0.7849278502433709
382,5,"VR.13,VR.23,VR.39,LN.07,LN.34",0.96,-2.4457715212765887
383,4,"VR.11,LN.01,LN.33,LN.34",0.84,-0.9444660948391815
384,7,"VR.09,VR.11,VR.13,VR.23,VR.32,LN.06,LN.58",0.88,-0.8764871149464568
385,7,"VR.17,VR.19,VR.39,VR.42,LN.01,LN.06,LN.34",0.8,-1.4740072194999005
386,5,"VR.32,LN.03,LN.34,LN.35,LN.58",0.92,-1.5208342640483694
387,7,"VR.14,VR.16,VR.17,VR.18,VR.26,VR.39,LN.07",0.88,-1.3543035379228803
388,6,"VR.17,VR.31,VR.39,VR.42,LN.01,LN.34",0.84,-1.4205789016001866
389,4,"VR.11,VR.13,LN.34,LN.35",0.88,-1.2637430903604625
390,6,"VR.09,VR.18,VR.32,VR.36,LN.05,LN.33",0.84,-1.0962763180360398
391,8,"VR.09,VR.11,VR.13,VR.19,VR.23,LN.01,LN.06,LN.33",0.84,-0.9767160652668432
392,6,"VR.04,VR.09,VR.16,VR.19,LN.01,LN.33",0.84,-1.226090093711555
393,7,"VR.16,VR.23,VR.26,VR.36,LN.01,LN.05,LN.33",1.0,-0.6143759714266577
394,6,"VR.18,VR.31,VR.36,VR.42,LN.06,LN.34",0.84,-0.9101812654168098
395,7,"VR.09,VR.14,VR.18,VR.23,VR.36,VR.42,LN.03",1.0,-0.20856125980719808
396,7,"VR.11,VR.19,VR.36,LN.03,LN.33,LN.35,LN.58",0.88,-0.8065373080357087
397,5,"VR.09,VR.13,VR.26,VR.31,LN.33",0.84,-1.362606499819818
398,8,"VR.04,VR.09,VR.16,VR.18,VR.26,LN.03,LN.06,LN.33",0.84,-1.2133939795098665
399,8,"VR.04,VR.09,VR.26,VR.31,VR.36,LN.01,LN.33,LN.35",0.88,-0.8634986347152731
400,7,"VR.04,VR.13,VR.16,VR.19,VR.39,LN.05,LN.34",0.96,-2.3201035704945205
401,5,"VR.11,VR.17,VR.19,LN.01,LN.03",0.84,-0.9802648926353029
402,6,"VR.09,VR.31,VR.32,VR.42,LN.05,LN.34",0.8,-1.6615264590231926
403,4,"VR.09,VR.14,LN.34,LN.35",0.88,-1.2734616792401787
404,4,"VR.18,VR.32,VR.36,VR.42",0.92,0.32671994271787563
405,4,"VR.04,VR.11,VR.18,VR.39",0.72,-1.6189573082881037
406,6,"VR.09,VR.18,VR.26,LN.06,LN.07,LN.33",0.84,-1.3879991026787848
407,6,"VR.16,VR.18,VR.23,LN.01,LN.05,LN.34",0.84,-1.1495108052411152
408,7,"VR.11,VR.16,VR.42,LN.01,LN.06,LN.07,LN.58",0.88,-0.8789634758247442
409,6,"VR.14,VR.18,LN.03,LN.05,LN.07,LN.33",0.84,-1.3975117299439208
410,8,"VR.14,VR.18,VR.23,VR.31,VR.42,LN.01,LN.03,LN.35",0.96,-0.8479196775195146
411,8,"VR.13,VR.14,VR.17,VR.18,VR.31,VR.39,LN.06,LN.58",0.92,-1.5806805578209648
412,5,"VR.04,VR.23,VR.36,VR.42,LN.03",1.0,-0.3828333397630531
413,8,"VR.09,VR.14,VR.16,VR.17,VR.19,LN.01,LN.05,LN.33",0.88,-1.252704175657757
414,5,"VR.19,VR.23,VR.39,LN.01,LN.05",0.96,-1.5581620556429048
415,7,"VR.11,VR.19,VR.39,VR.42,LN.01,LN.06,LN.07",0.88,-1.2685952777895744
416,4,"VR.04,VR.13,LN.06,LN.33",0.72,-1.7972593932105556
417,8,"VR.04,VR.09,VR.23,VR.36,VR.39,VR.42,LN.03,LN.33",0.88,-1.0184423320884575
418,4,"VR.14,VR.42,LN.33,LN.58",0.8,-0.8953644723699579
419,8,"VR.04,VR.26,VR.31,LN.03,LN.05,LN.06,LN.34,LN.58",0.8,-1.5170365572087414
420,6,"VR.04,VR.18,VR.39,VR.42,LN.33,LN.34",0.8,-1.935979581063466
421,8,"VR.04,VR.09,VR.16,VR.19,VR.31,VR.36,LN.05,LN.35",0.84,-1.3864270447784328
422,8,"VR.14,VR.16,VR.36,VR.42,LN.03,LN.33,LN.35,LN.58",0.96,-0.7135463955178536
423,6,"VR.04,VR.16,VR.19,VR.42,LN.03,LN.34",0.84,-1.3679319849884424
424,4,"VR.13,VR.36,LN.35,LN.58",1.0,-0.31079076571797126
425,7,"VR.13,VR.19,VR.32,LN.03,LN.05,LN.34,LN.58",0.92,-1.774458748606569
426,5,"VR.09,VR.11,VR.23,LN.01,LN.35",1.0,-0.5606131888597399
427,4,"VR.26,VR.31,VR.32,VR.36",1.0,-0.11824102141435827
428,5,"VR.16,VR.36,VR.39,LN.03,LN.33",0.84,-1.0537078767399817
429,6,"VR.14,VR.17,VR.26,LN.01,LN.05,LN.58",0.84,-0.9981341084283613
430,5,"VR.13,VR.17,VR.19,VR.23,LN.07",0.8,-1.5551277577601919
431,7,"VR.09,VR.36,VR.39,VR.42,LN.07,LN.34,LN.58",0.84,-1.2227721088771988
432,5,"VR.09,VR.18,VR.31,LN.03,LN.07",0.88,-1.4928479597094646
433,5,"VR.11,VR.14,VR.16,VR.18,LN.33",0.88,-0.8549739246410121
434,7,"VR.04,VR.16,LN.01,LN.07,LN.33,LN.35,LN.58",0.84,-1.2391819508227302
435,5,"VR.17,VR.18,LN.01,LN.33,LN.58",0.84,-1.085670414493173
436,8,"VR.04,VR.17,VR.19,VR.32,LN.03,LN.05,LN.34,LN.58",0.88,-1.7132834074281247
437,5,"VR.14,VR.23,VR.26,LN.07,LN.33",0.84,-0.9031973852225272
438,4,"VR.09,VR.13,VR.32,VR.36",1.0,-0.13763796460581035
439,5,"VR.09,VR.11,VR.31,LN.07,LN.35",0.84,-1.4013191422637785
440,8,"VR.04,VR.09,VR.11,VR.16,VR.17,VR.39,VR.42,LN.05",0.8,-1.5265002889613974
441,6,"VR.11,VR.16,VR.18,VR.19,VR.39,LN.58",0.8,-1.4939725755445274
442,7,"VR.11,VR.18,VR.26,VR.32,LN.01,LN.05,LN.33",0.84,-0.9665935500027094
443,4,"VR.17,VR.26,VR.31,VR.32",0.96,-1.33447168609558
444,8,"VR.13,VR.18,VR.23,VR.26,LN.03,LN.05,LN.33,LN.35",0.88,-1.3066050471500257
445,8,"VR.11,VR.16,VR.32,LN.01,LN.03,LN.33,LN.35,LN.58",0.84,-0.9501291021929599
446,4,"VR.13,VR.16,VR.23,LN.06",0.88,-1.0301164866152202
447,4,"VR.09,VR.14,VR.18,LN.01",0.92,-0.5868156525324582
448,6,"VR.09,VR.11,VR.26,LN.06,LN.07,LN.33",0.8,-1.1045836090202223
449,5,"VR.11,VR.19,VR.32,VR.42,LN.05",0.88,-1.3479712230400385
450,5,"VR.11,VR.26,VR.39,LN.33,LN.34",0.84,-1.4612531873058368
451,8,"VR.16,VR.18,VR.26,VR.42,LN.01,LN.03,LN.05,LN.07",0.84,-1.0310362085295104
452,7,"VR.11,VR.17,VR.18,VR.23,VR.36,LN.01,LN.58",1.0,-0.38664138103369694
453,8,"VR.04,VR.09,VR.16,VR.36,LN.03,LN.05,LN.33,LN.34",0.84,-1.2251798883771214
454,7,"VR.13,VR.19,VR.23,VR.36,LN.03,LN.05,LN.07",0.8,-1.1078992211749061
455,6,"VR.11,VR.39,VR.42,LN.07,LN.33,LN.58",0.8,-1.4624760066010365
456,5,"VR.16,VR.19,VR.23,LN.06,LN.07",0.84,-1.4579634046803314
457,4,"VR.09,VR.17,VR.36,VR.39",0.84,-1.191062887038437
458,4,"VR.09,VR.11,LN.06,LN.35",0.8,-1.1215209033161124
459,5,"VR.11,VR.31,VR.32,LN.05,LN.33",0.8,-1.5161576209146184
460,4,"VR.32,VR.39,LN.06,LN.35",0.92,-3.0192611006848518
461,6,"VR.17,VR.19,VR.23,VR.36,VR.42,LN.03",0.96,-0.690046545199922
462,5,"VR.04,VR.16,VR.31,VR.36,LN.58",0.8,-0.8974569216574768
463,8,"VR.13,VR.18,VR.23,VR.31,VR.39,LN.06,LN.33,LN.35",0.8,-1.9569988786016665
464,8,"VR.13,VR.18,VR.19,VR.31,VR.32,VR.42,LN.01,LN.35",0.84,-1.2282568229876598
465,8,"VR.04,VR.09,VR.16,VR.19,VR.23,VR.26,LN.01,LN.58",0.84,-0.9368423116366028
466,4,"VR.09,VR.26,VR.32,VR.39",0.8,-1.8473078074759184
467,8,"VR.09,VR.11,VR.14,VR.18,VR.19,VR.42,LN.01,LN.33",1.0,-0.8561086667642357
468,8,"VR.13,VR.14,VR.19,VR.23,VR.26,VR.36,LN.07,LN.33",0.96,-0.7436926712298157
469,8,"VR.17,VR.18,VR.31,VR.36,LN.01,LN.03,LN.33,LN.35",0.84,-0.9632658039105413
470,8,"VR.11,VR.16,VR.26,VR.39,LN.05,LN.06,LN.33,LN.35",0.72,-1.6022687254921255
471,4,"VR.17,VR.31,VR.36,LN.06",0.84,-0.9872221321713658
472,5,"VR.04,VR.17,VR.31,LN.07,LN.34",0.88,-1.7277156779949618
473,7,"VR.13,VR.16,VR.17,VR.18,VR.23,VR.31,LN.58",0.88,-1.2703047626435797
474,5,"VR.04,VR.11,VR.17,LN.05,LN.35",0.8,-1.5126434980032504
475,7,"VR.11,VR.14,VR.17,VR.42,LN.06,LN.35,LN.58",0.84,-0.9878215051008796
476,5,"VR.14,VR.16,LN.05,LN.07,LN.35",0.84,-1.4486116468492936
477,8,"VR.13,VR.14,VR.23,VR.31,LN.01,LN.05,LN.34,LN.35",0.84,-1.2214132476533177
478,4,"VR.04,VR.36,LN.01,LN.33",0.92,-0.6536278182041471
479,4,"VR.14,VR.32,VR.36,LN.05",0.96,-0.753784337541702
480,8,"VR.04,VR.09,VR.18,VR.31,VR.32,VR.36,LN.05,LN.34",0.88,-1.3540437775279042
481,8,"VR.09,VR.13,VR.16,VR.19,LN.03,LN.33,LN.34,LN.58",0.84,-1.4525692368063479
482,6,"VR.16,VR.18,VR.32,VR.39,LN.03,LN.06",0.92,-1.740811636730328
483,8,"VR.04,VR.09,VR.11,VR.13,VR.31,VR.42,LN.01,LN.34",0.84,-1.0804298776941157
484,6,"VR.11,VR.13,VR.16,VR.19,VR.39,VR.42",0.84,-1.437389094259612
485,8,"VR.09,VR.11,VR.16,VR.19,VR.31,VR.32,LN.01,LN.03",0.84,-1.0554883455860762
486,7,"VR.04,VR.14,VR.16,VR.26,LN.07,LN.33,LN.35",0.84,-1.2203198042669676
487,4,"VR.13,VR.36,LN.03,LN.58",1.0,-0.3011365507002233
488,6,"VR.18,VR.19,VR.42,LN.03,LN.07,LN.58",0.88,-1.305325411220775
489,7,"VR.04,VR.14,VR.16,VR.39,VR.42,LN.03,LN.34",0.92,-1.3656646459489945
490,7,"VR.04,VR.17,VR.23,VR.26,LN.03,LN.07,LN.58",0.84,-1.1522202970720907
491,6,"VR.09,VR.14,VR.16,VR.39,LN.33,LN.58",1.0,-1.4729337561510902
492,8,"VR.13,VR.14,VR.17,VR.26,VR.31,VR.39,LN.33,LN.35",0.8,-1.5340117631663417
493,6,"VR.04,VR.13,VR.39,LN.01,LN.05,LN.58",0.8,-1.5547954852866466
494,4,"VR.11,VR.13,VR.14,LN.05",0.84,-1.0614948657865981
495,6,"VR.32,VR.42,LN.01,LN.03,LN.07,LN.58",0.84,-0.954998819533315
496,6,"VR.09,VR.14,VR.39,VR.42,LN.03,LN.58",0.96,-1.2183591674919607
497,6,"VR.04,VR.14,VR.23,VR.26,VR.36,VR.42",1.0,-0.10607502217645245
498,6,"VR.09,VR.14,VR.19,VR.31,VR.32,LN.06",0.84,-1.4127908314753017
499,7,"VR.13,VR.26,LN.01,LN.03,LN.05,LN.06,LN.35",0.84,-1.1301818182405328
