contrast,rep,rate,n_flag,flags,mu,sigma,status
gender,0,0.0,0,0000000000000000000000000,0.3474002107204306,1.1061242572824184,converged
gender,1,0.04,1,0100000000000000000000000,0.3429501784372988,1.1421417761496726,converged
gender,2,0.2,5,0100000001000000001010100,0.34120503310625844,1.0005282039546446,converged
gender,3,0.16,4,0000111010000000000000000,0.2855164081175447,1.2875264063395508,converged
gender,4,0.0,0,0000000000000000000000000,0.4086355388985906,1.091861393390463,converged
gender,5,0.04,1,0000000000000001000000000,0.35038218585092384,1.2154031337897675,converged
gender,6,0.12,3,1100100000000000000000000,0.36049947097821766,1.0230655153903618,converged
gender,7,0.16,4,1100100000000000000010000,0.25751804445202764,1.1356819608013837,converged
gender,8,0.0,0,0000000000000000000000000,0.3443915815025776,1.0244355298173429,converged
gender,9,0.0,0,0000000000000000000000000,0.3398652254944327,1.088258800406556,converged
gender,10,0.16,4,1000100000000001001000000,0.30263578666872937,1.1111542348221441,converged
gender,11,0.0,0,0000000000000000000000000,0.3661387618099828,1.1280589836845076,converged
gender,12,0.16,4,0100000000000000001010100,0.46897632710879833,1.170056174354118,converged
gender,13,0.08,2,0000000001000000010000000,0.24738997745859137,1.1720664948543011,converged
gender,14,0.0,0,0000000000000000000000000,0.2597916813431759,1.1448140346324824,converged
gender,15,0.08,2,0000000000000001000000010,0.3492615962973512,1.123582202508332,converged
gender,16,0.08,2,0000100000000000000001000,0.276815093818485,1.122200673436071,converged
gender,17,0.08,2,0100000000000001000000000,0.2830862931589617,1.241101393614983,converged
gender,18,0.04,1,0000000000000001000000000,0.1935620275272691,1.1250006501986753,converged
gender,19,0.28,7,1000000101010000001010100,0.3537789042391448,1.0165692642717352,converged
gender,20,0.04,1,0000100000000000000000000,0.2558570274164016,1.0561623010375183,converged
gender,21,0.08,2,0000100000000001000000000,0.23531241302427922,1.075050667104698,converged
gender,22,0.24,6,1100100100000001000000100,0.4116943043068908,1.129345312444375,converged
gender,23,0.0,0,0000000000000000000000000,0.34377349275572444,1.08271483548621,converged
gender,24,0.0,0,0000000000000000000000000,0.3468011588018317,1.0502814254104613,converged
gender,25,0.08,2,0000100001000000000000000,0.29467209794961446,1.1501521214075263,converged
gender,26,0.0,0,0000000000000000000000000,0.37590451753813403,1.1518667436438215,converged
gender,27,0.0,0,0000000000000000000000000,0.38516417681623577,1.168596603159173,converged
gender,28,0.0,0,0000000000000000000000000,0.38032137729240895,1.1070045998505533,converged
gender,29,0.12,3,0100100000000000001000000,0.409515542618647,1.1243769003445072,converged
gender,30,0.0,0,0000000000000000000000000,0.3107280067239788,1.0966302573964724,converged
gender,31,0.08,2,0000100000000000000010000,0.2574421151514832,1.0763391386448915,cycled
gender,32,0.04,1,0100000000000000000000000,0.37461727976242215,1.045645748834899,converged
gender,33,0.04,1,1000000000000000000000000,0.23178418863926914,1.0089540633328733,converged
gender,34,0.12,3,0000100100000001000000000,0.2735063590194592,1.084102481251627,converged
gender,35,0.16,4,0000101001000000001000000,0.34121928510155086,1.1062951775145642,converged
gender,36,0.04,1,1000000000000000000000000,0.2928080652127736,1.0909105510010644,converged
gender,37,0.04,1,1000000000000000000000000,0.36039466489414473,1.1527231772290547,converged
gender,38,0.08,2,0000000000000000000010100,0.4206482255089872,1.2652299792167985,converged
gender,39,0.04,1,0000000000000000000010000,0.34716336275180204,1.2067335982249738,converged
gender,40,0.08,2,0000100000000001000000000,0.20882059463074804,1.0973543208773051,converged
gender,41,0.16,4,1000100100000000100000000,0.2096000913263708,1.1138536158901506,converged
gender,42,0.08,2,0000000000010000000000100,0.47198986936753584,1.0465485230724927,converged
gender,43,0.08,2,0100000000000001000000000,0.23145887787170433,1.057552539166721,converged
gender,44,0.0,0,0000000000000000000000000,0.3395814335826185,1.1529296491926586,converged
gender,45,0.0,0,0000000000000000000000000,0.29530310285840644,1.1225020616496988,converged
gender,46,0.16,4,0000100101000000100000000,0.2681287535043658,1.0755616458353088,converged
gender,47,0.0,0,0000000000000000000000000,0.3098913534847061,1.0465717214386179,converged
gender,48,0.0,0,0000000000000000000000000,0.39300191858580247,1.0765934047716872,converged
gender,49,0.08,2,0000100001000000000000000,0.28885153227621485,1.1405727783936386,converged
gender,50,0.12,3,0000100100000000001000000,0.3309957304784839,1.0466665657924559,converged
gender,51,0.28,7,1110001001000000001000100,0.30541827563124835,0.9839152360394526,converged
gender,52,0.08,2,0000010000000001000000000,0.1976673458019412,1.0566435325303167,converged
gender,53,0.0,0,0000000000000000000000000,0.2316524310887877,1.087785989829231,converged
gender,54,0.04,1,0000100000000000000000000,0.22076452162467247,1.1775709630963838,converged
gender,55,0.12,3,0100100000000000000000100,0.3292064453649274,1.1020561334098395,converged
gender,56,0.08,2,0000100001000000000000000,0.28814407412916,1.2085454604370183,converged
gender,57,0.08,2,0000001000000001000000000,0.24268144990127544,1.055281485429392,converged
gender,58,0.16,4,0100000100000001000010000,0.36328267444540385,1.1112951424316668,converged
gender,59,0.0,0,0000000000000000000000000,0.29233274762046124,1.1111273969328803,converged
gender,60,0.16,4,1100000001000000000010000,0.2616957045051441,1.13404196238064,converged
gender,61,0.2,5,0000101101000001000000000,0.27433421063748786,1.0639670542786177,converged
gender,62,0.08,2,0000001000000000001000000,0.3783506377916528,1.1543051968912281,converged
gender,63,0.04,1,0000100000000000000000000,0.3116534540515036,1.129385492781455,converged
gender,64,0.04,1,0000000000000000001000000,0.3749530830299287,1.0685011641617213,converged
gender,65,0.0,0,0000000000000000000000000,0.3557019724985385,1.2484917127363309,converged
gender,66,0.0,0,0000000000000000000000000,0.32020038138292506,1.0643097772562387,converged
gender,67,0.08,2,0000000001000000000000100,0.3800300880953612,1.2649813906757341,converged
gender,68,0.0,0,0000000000000000000000000,0.3481405629055931,1.127666837944199,converged
gender,69,0.08,2,0000100000000000001000000,0.30599458849622263,1.047209875681438,converged
gender,70,0.0,0,0000000000000000000000000,0.33641283778589093,1.1262098269963083,converged
gender,71,0.16,4,0000000000000001001001100,0.3782958060161232,1.150015833544027,converged
gender,72,0.12,3,0100100000000000000010000,0.27774061519635357,1.052759880383566,converged
gender,73,0.04,1,0000000001000000000000000,0.24526553179793828,1.1046557389236396,converged
gender,74,0.04,1,0000100000000000000000000,0.27856263179517843,1.0573858409787245,converged
gender,75,0.0,0,0000000000000000000000000,0.2607768440412048,1.0430177291934377,converged
gender,76,0.16,4,0100000001000001001000000,0.3084959917120814,1.066779492269602,converged
gender,77,0.2,5,0110100100000001000000000,0.3702649045636786,1.1065770547293776,converged
gender,78,0.16,4,0100100100000000000010000,0.3002310490443443,1.1102853626757707,converged
gender,79,0.08,2,0000000000000000000110000,0.2434179814663288,1.1442265833800043,cycled
gender,80,0.0,0,0000000000000000000000000,0.37984407445989354,1.0810709354986094,converged
gender,81,0.04,1,0000000000000000000001000,0.46299617304109064,1.1687889221505134,converged
gender,82,0.12,3,1000000001000000001000000,0.41559445653228416,0.9922291822021226,converged
gender,83,0.08,2,0000100001000000000000000,0.23018326122795557,1.0894443849228659,converged
gender,84,0.0,0,0000000000000000000000000,0.4115035815685413,1.1838435161894318,converged
gender,85,0.0,0,0000000000000000000000000,0.36975501134463595,1.090694063416664,converged
gender,86,0.16,4,1100000000100000000010000,0.36357853702277176,1.0227157922582437,converged
gender,87,0.0,0,0000000000000000000000000,0.4022186831702288,1.1030533295248692,converged
gender,88,0.0,0,0000000000000000000000000,0.31765863809224293,1.0648456443580174,converged
gender,89,0.0,0,0000000000000000000000000,0.31590957951264187,1.1330945843449212,converged
gender,90,0.0,0,0000000000000000000000000,0.3221015240028038,1.0682625050986871,converged
gender,91,0.0,0,0000000000000000000000000,0.3310071164014422,1.0552176706714755,converged
gender,92,0.04,1,0000000001000000000000000,0.24071171662471846,1.0451041303299213,converged
gender,93,0.0,0,0000000000000000000000000,0.2453286059712988,1.0500015453223177,converged
gender,94,0.04,1,0000000000000000000010000,0.35943984736766355,1.0631791818652003,converged
gender,95,0.08,2,1000100000000000000000000,0.25299495148512674,1.1290504820188128,converged
gender,96,0.0,0,0000000000000000000000000,0.34323326647903,1.1247077867943989,converged
gender,97,0.0,0,0000000000000000000000000,0.34420387604445757,1.1365496829097987,converged
gender,98,0.04,1,0100000000000000000000000,0.2647166025076757,1.0647283334940871,converged
gender,99,0.04,1,0000100000000000000000000,0.4105078211696307,1.1215760275026296,converged
gender,100,0.08,2,0100100000000000000000000,0.37223404600707855,1.2565386893402006,converged
gender,101,0.04,1,0000000000000000001000000,0.3585270522581175,1.0851652063206085,converged
gender,102,0.16,4,0000000100000000000011100,0.36039444771690843,0.9193402272778861,converged
gender,103,0.16,4,0100101000000000000000100,0.2998017392021328,1.0834944444475867,converged
gender,104,0.12,3,0000101000001000000000000,0.2653078699783302,1.2366799491204485,converged
gender,105,0.08,2,0000000000000000001000100,0.3526741704124522,1.100732601122203,converged
gender,106,0.08,2,0100010000000000000000000,0.4483566322609923,1.166394665855236,converged
gender,107,0.0,0,0000000000000000000000000,0.2568017277850302,1.0065968868014425,converged
gender,108,0.04,1,0000001000000000000000000,0.43455938613858447,1.2659362444836193,converged
gender,109,0.0,0,0000000000000000000000000,0.32018650874135357,1.2383812976711195,converged
gender,110,0.0,0,0000000000000000000000000,0.3439438267891065,1.1119277082363184,converged
gender,111,0.0,0,0000000000000000000000000,0.2533143549120123,1.0231192241827263,converged
gender,112,0.12,3,1000100000000001000000000,0.31198299682735753,1.217676327382877,converged
gender,113,0.2,5,1000111001000000000000000,0.35762134890035524,1.2914368998849721,converged
gender,114,0.12,3,1000000000010010000000000,0.32587877837060897,1.138784400708291,cycled
gender,115,0.04,1,0000000000000001000000000,0.29115091023473505,1.1397959507073778,converged
gender,116,0.0,0,0000000000000000000000000,0.35478979561221546,1.0894267155822108,converged
gender,117,0.12,3,1000000000000001001000000,0.3367826071611251,0.9551554892661633,converged
gender,118,0.04,1,0000000000000010000000000,0.3141810398988523,1.1046574531961635,converged
gender,119,0.0,0,0000000000000000000000000,0.31627726632281694,1.0589568393008248,converged
gender,120,0.0,0,0000000000000000000000000,0.31809088828309406,1.1941060777849808,converged
gender,121,0.0,0,0000000000000000000000000,0.3855619653100053,1.1615228420595214,converged
gender,122,0.08,2,0000000001000000000000100,0.3275419568067143,1.0818866750284721,converged
gender,123,0.24,6,1100000100000000001011000,0.41538189080815113,1.1231018340895853,converged
gender,124,0.08,2,0000100000001000000000000,0.3469735746545267,1.156013418220144,converged
gender,125,0.24,6,1100100000000001001010000,0.3156050131009169,1.24168490047173,converged
gender,126,0.0,0,0000000000000000000000000,0.40333477744231927,1.1463674662422085,converged
gender,127,0.04,1,0100000000000000000000000,0.3917899326088705,1.0888304567012124,converged
gender,128,0.04,1,0000100000000000000000000,0.21655998955055916,1.2158128068768108,converged
gender,129,0.08,2,0100000000000000001000000,0.38494822245347365,1.1542647317075174,converged
gender,130,0.12,3,0100010000000000001000000,0.33133801694902154,1.0503591930285205,converged
gender,131,0.08,2,1000000000000000001000000,0.43643744715415744,1.0336379022220639,converged
gender,132,0.08,2,0000100000000000000000100,0.36129691798905805,1.2001884273788685,converged
gender,133,0.08,2,0100100000000000000000000,0.3815622337684701,1.1915743901003442,converged
gender,134,0.16,4,0000000100000000001110000,0.34990151094954075,1.1667805303994752,capped
gender,135,0.28,7,0100010101010000001010000,0.36590654285962754,1.1707181653640542,converged
gender,136,0.16,4,0000000100000000001011000,0.31029065690603863,1.1169708363940134,converged
gender,137,0.08,2,0000100000000001000000000,0.30119077082339485,1.218200864481789,converged
gender,138,0.04,1,0000000000000001000000000,0.3600529545793452,1.1307877363613925,converged
gender,139,0.04,1,0100000000000000000000000,0.2932214470996694,1.0606072750218993,converged
gender,140,0.08,2,0100000000010000000000000,0.34433245339487667,1.0622562532959208,converged
gender,141,0.04,1,0000000000000000000010000,0.24046277472264216,1.0553391704161355,converged
gender,142,0.08,2,0100000000000000000000100,0.48097468878509453,1.1223473721319521,converged
gender,143,0.08,2,0000100000000000000010000,0.22808383792425815,1.0986441651651766,converged
gender,144,0.0,0,0000000000000000000000000,0.2591916081308033,1.1112325147246804,converged
gender,145,0.12,3,1000001001000000000000000,0.23402061804812263,1.0805414760013783,converged
gender,146,0.04,1,0000000001000000000000000,0.31345900954286854,1.152761872084108,converged
gender,147,0.0,0,0000000000000000000000000,0.31735009179534707,1.0953377797261015,converged
gender,148,0.0,0,0000000000000000000000000,0.3036244206961236,1.0926198267527683,converged
gender,149,0.0,0,0000000000000000000000000,0.25778672768109834,1.0949556475227415,converged
gender,150,0.0,0,0000000000000000000000000,0.3054794324581711,1.1944133998952133,converged
gender,151,0.08,2,0000101000000000000000000,0.2796403597109823,1.0683203468969251,converged
gender,152,0.08,2,0100000000000000001000000,0.4515587979648462,1.0796930194160583,converged
gender,153,0.04,1,0100000000000000000000000,0.27655249840104235,1.1742839273344676,converged
gender,154,0.04,1,0100000000000000000000000,0.4012200167530232,1.1316391015638647,converged
gender,155,0.0,0,0000000000000000000000000,0.4375303312884159,1.2443925586708386,converged
gender,156,0.0,0,0000000000000000000000000,0.26845919292816284,1.0890994279245463,converged
gender,157,0.0,0,0000000000000000000000000,0.3614339246427487,1.1990090957561903,converged
gender,158,0.08,2,0000000000000001000010000,0.3741414526348421,1.0744595009186897,converged
gender,159,0.12,3,0100000000000000001010000,0.38751369718912676,1.1169273254814565,converged
gender,160,0.0,0,0000000000000000000000000,0.3936432340394913,1.2108534072490664,converged
gender,161,0.08,2,1100000000000000000000000,0.3280336741777824,1.1052580405774985,converged
gender,162,0.08,2,0000000001000000010000000,0.3595011272204346,1.0119804879626373,converged
gender,163,0.08,2,0100100000000000000000000,0.3688536782563122,1.1275956678814385,converged
gender,164,0.04,1,0100000000000000000000000,0.376037061170084,1.1693574366250346,converged
gender,165,0.24,6,1000100101000000001010000,0.3746837461716988,1.0510709692763152,converged
gender,166,0.0,0,0000000000000000000000000,0.4146362391003089,1.1353820094387637,converged
gender,167,0.12,3,1000100001000000000000000,0.21750554392726892,1.1864358786163034,converged
gender,168,0.08,2,0000110000000000000000000,0.2187070779936629,1.067700164347075,converged
gender,169,0.08,2,0000100000000000001000000,0.390602253129931,1.1825122119471638,converged
gender,170,0.04,1,0100000000000000000000000,0.40806616167713594,1.218949809812907,converged
gender,171,0.0,0,0000000000000000000000000,0.3045329372358074,1.180893025305773,converged
gender,172,0.12,3,0100000000000000001010000,0.4360099374550426,1.1852799215560368,converged
gender,173,0.08,2,1000100000000000000000000,0.2641006012722401,1.0859661701703132,converged
gender,174,0.12,3,0000100100000000010000000,0.32862812874695035,1.0834631016800391,converged
gender,175,0.12,3,0100000001000001000000000,0.3376486495128229,1.109439555528658,converged
gender,176,0.0,0,0000000000000000000000000,0.32997770440749885,1.1817885500893468,converged
gender,177,0.0,0,0000000000000000000000000,0.30972570602159766,1.0710514395386823,converged
gender,178,0.08,2,0000000100000001000000000,0.36542371860211176,1.1875305785603723,converged
gender,179,0.0,0,0000000000000000000000000,0.2944311955173442,1.0442818598350243,converged
gender,180,0.0,0,0000000000000000000000000,0.32369013278254843,1.1306466531700061,converged
gender,181,0.16,4,0000100100010000001000000,0.24064519995882883,1.1134496479988671,converged
gender,182,0.0,0,0000000000000000000000000,0.23268924156203652,1.125685463190274,converged
gender,183,0.0,0,0000000000000000000000000,0.35960378016680705,1.085789425076205,converged
gender,184,0.0,0,0000000000000000000000000,0.206052498399227,1.1157571731442246,converged
gender,185,0.04,1,0100000000000000000000000,0.3207223249111345,1.1770569276463796,converged
gender,186,0.0,0,0000000000000000000000000,0.2385158723437736,1.104084569165805,converged
gender,187,0.0,0,0000000000000000000000000,0.3535204490708078,1.0755290627399063,converged
gender,188,0.0,0,0000000000000000000000000,0.3378332016507666,1.117047040421102,converged
gender,189,0.08,2,0000010000000000000010000,0.3641177315172052,1.0791985977663334,converged
gender,190,0.0,0,0000000000000000000000000,0.4235083444236081,1.0761566240712108,converged
gender,191,0.12,3,0100000000010000000001000,0.43724438141225563,1.1349832947018377,converged
gender,192,0.08,2,1000000000010000000000000,0.2113126845523698,1.122555950022493,converged
gender,193,0.12,3,0010000000010001000000000,0.1604879060514819,1.0061798754643558,converged
gender,194,0.08,2,0000000000000000001010000,0.4179077551867675,1.0959284150315858,converged
gender,195,0.0,0,0000000000000000000000000,0.24149028921061588,1.1292367786569644,converged
gender,196,0.12,3,0000000000000000001011000,0.45900377084132016,1.1475179234935302,converged
gender,197,0.08,2,0000000000000000000011000,0.3178387500830416,1.152064858696826,converged
gender,198,0.12,3,0100100100000000000000000,0.3693309994273353,1.095381462636121,converged
gender,199,0.04,1,0100000000000000000000000,0.45449165944905934,1.2469537270212008,converged
placebo,0,0.0,0,0000000000000000000000000,-0.09240136136876993,0.9438288463853735,converged
placebo,1,0.0,0,0000000000000000000000000,-0.027163125481394497,1.1006534203326395,converged
placebo,2,0.0,0,0000000000000000000000000,-0.08093407571550375,1.0449255345492325,converged
placebo,3,0.0,0,0000000000000000000000000,-0.06813776641748237,0.945496839699612,converged
placebo,4,0.0,0,0000000000000000000000000,0.00099299161907993,1.0103573766054565,converged
placebo,5,0.0,0,0000000000000000000000000,-0.025422758932556754,0.9895281352702753,converged
placebo,6,0.0,0,0000000000000000000000000,0.05342349168184449,0.9599777289992194,converged
placebo,7,0.0,0,0000000000000000000000000,0.024253109187266093,1.0048753281968568,converged
placebo,8,0.0,0,0000000000000000000000000,0.013825022695027606,0.9872926593157221,converged
placebo,9,0.0,0,0000000000000000000000000,0.05603127354526709,1.0280791914987712,converged
placebo,10,0.0,0,0000000000000000000000000,0.08876527618753297,1.0023018842803355,converged
placebo,11,0.0,0,0000000000000000000000000,-0.07560228560657867,0.9984831016106304,converged
placebo,12,0.0,0,0000000000000000000000000,0.08545307412263191,0.9992201153105845,converged
placebo,13,0.0,0,0000000000000000000000000,-0.011914122379108428,0.9961175543361717,converged
placebo,14,0.0,0,0000000000000000000000000,0.07625947818144534,1.0071145006138669,converged
placebo,15,0.0,0,0000000000000000000000000,-0.007420219597562237,1.0461578808521483,converged
placebo,16,0.0,0,0000000000000000000000000,0.14388258926407063,0.9612725382394289,converged
placebo,17,0.0,0,0000000000000000000000000,0.020533846322133002,0.9361003752672505,converged
placebo,18,0.0,0,0000000000000000000000000,-0.07849048315895152,1.0324940656876505,converged
placebo,19,0.0,0,0000000000000000000000000,-0.04501550945408417,1.0083469393543694,converged
placebo,20,0.0,0,0000000000000000000000000,-0.026842617128349084,1.070496346218187,converged
placebo,21,0.0,0,0000000000000000000000000,-0.034387852513985975,0.9512385920184155,converged
placebo,22,0.0,0,0000000000000000000000000,0.005362054142615039,1.0645379035744642,converged
placebo,23,0.0,0,0000000000000000000000000,-0.011444260184736857,0.956399551180479,converged
placebo,24,0.0,0,0000000000000000000000000,0.005103765838679051,0.9671452190943914,converged
placebo,25,0.0,0,0000000000000000000000000,0.08580194767314786,0.8704772200449836,converged
placebo,26,0.0,0,0000000000000000000000000,0.028587509983625907,0.9137085367610543,converged
placebo,27,0.0,0,0000000000000000000000000,0.021845045239137745,1.007710846332267,converged
placebo,28,0.0,0,0000000000000000000000000,0.05625999578512289,0.9663286805418708,converged
placebo,29,0.0,0,0000000000000000000000000,-5.4705727241222746e-05,1.1323919325799778,converged
placebo,30,0.0,0,0000000000000000000000000,-0.004262126044555141,0.9845431349207627,converged
placebo,31,0.0,0,0000000000000000000000000,0.018796909469440536,0.9671646451206394,converged
placebo,32,0.0,0,0000000000000000000000000,0.09689101459924189,0.9445980197307465,converged
placebo,33,0.0,0,0000000000000000000000000,-0.06706613038707801,0.9991582598944752,converged
placebo,34,0.0,0,0000000000000000000000000,0.046132384973716585,0.954506197166967,converged
placebo,35,0.0,0,0000000000000000000000000,-0.04142744197558326,0.9710292082472554,converged
placebo,36,0.0,0,0000000000000000000000000,0.05259049677998236,0.9992191644944366,converged
placebo,37,0.0,0,0000000000000000000000000,0.01486830773613465,0.9398726628150335,converged
placebo,38,0.0,0,0000000000000000000000000,-0.01199050136297677,0.96140303739417,converged
placebo,39,0.04,1,0000000000000000000000001,9.340794606848544e-05,0.9827737312576007,converged
placebo,40,0.0,0,0000000000000000000000000,0.03990429700177527,1.1436486995341124,converged
placebo,41,0.0,0,0000000000000000000000000,-0.001710557376489637,1.0223663691064802,converged
placebo,42,0.0,0,0000000000000000000000000,-0.008417932753087345,1.001118518839541,converged
placebo,43,0.0,0,0000000000000000000000000,-0.033637634377924885,0.9877721018466221,converged
placebo,44,0.0,0,0000000000000000000000000,-0.05344911054281899,0.9818249244283217,converged
placebo,45,0.04,1,0000000000000000000000100,-0.03855856932009922,0.957211532337833,converged
placebo,46,0.0,0,0000000000000000000000000,-0.017738467198796577,1.0118299957598689,converged
placebo,47,0.0,0,0000000000000000000000000,-0.038139308428571175,1.0108877981933069,converged
placebo,48,0.0,0,0000000000000000000000000,-0.0011608539747147016,0.9585468704735695,converged
placebo,49,0.0,0,0000000000000000000000000,0.02267862008805242,0.9749884637612376,converged
placebo,50,0.0,0,0000000000000000000000000,-0.03352270244917241,1.0234786900378217,converged
placebo,51,0.0,0,0000000000000000000000000,-0.07322814395646977,0.9561624155563856,converged
placebo,52,0.0,0,0000000000000000000000000,-0.08917078668918733,0.9540747188933596,converged
placebo,53,0.0,0,0000000000000000000000000,-0.06228396986450508,1.0035939408307022,converged
placebo,54,0.0,0,0000000000000000000000000,-0.04215445552195412,1.0281254612129582,converged
placebo,55,0.0,0,0000000000000000000000000,0.000974529229764363,1.0348591028629874,converged
placebo,56,0.04,1,1000000000000000000000000,-0.02082380607142114,1.0160137936454208,converged
placebo,57,0.0,0,0000000000000000000000000,0.040666341309335906,1.0257279763077174,converged
placebo,58,0.0,0,0000000000000000000000000,-0.030466205372570658,0.9170364828140718,converged
placebo,59,0.0,0,0000000000000000000000000,0.10656420946886624,0.9831326328458742,converged
placebo,60,0.0,0,0000000000000000000000000,-0.0108584990111864,0.9792337869143884,converged
placebo,61,0.0,0,0000000000000000000000000,0.047595046821521325,0.9489859130529948,converged
placebo,62,0.0,0,0000000000000000000000000,0.04891105304221291,1.093795097544846,converged
placebo,63,0.0,0,0000000000000000000000000,0.06916778411692495,1.0950664470002567,converged
placebo,64,0.0,0,0000000000000000000000000,0.020614065829092136,1.1038807663528958,converged
placebo,65,0.0,0,0000000000000000000000000,-0.0026057147644466478,0.9525306890488213,converged
placebo,66,0.0,0,0000000000000000000000000,-0.0967388705323302,1.0144006426467402,converged
placebo,67,0.0,0,0000000000000000000000000,0.013549430251121528,1.0022394949790758,converged
placebo,68,0.0,0,0000000000000000000000000,0.05961923390749508,0.9087712745009444,converged
placebo,69,0.0,0,0000000000000000000000000,0.08451652624261258,1.0153312795240519,converged
placebo,70,0.0,0,0000000000000000000000000,0.16589236775739408,1.0878553566735547,converged
placebo,71,0.0,0,0000000000000000000000000,-0.015435488368582882,0.9196912156166767,converged
placebo,72,0.0,0,0000000000000000000000000,0.01908526736757015,0.9861424362244396,converged
placebo,73,0.04,1,0000000000000000000100000,0.056396933909335964,1.082765815872865,converged
placebo,74,0.0,0,0000000000000000000000000,0.031538973640788025,1.0548716472509778,converged
placebo,75,0.0,0,0000000000000000000000000,-0.012720622624199755,0.9749167495996763,converged
placebo,76,0.0,0,0000000000000000000000000,-0.11370207432280285,0.982977675189911,converged
placebo,77,0.0,0,0000000000000000000000000,-0.0381542087300073,0.9840338615027002,converged
placebo,78,0.0,0,0000000000000000000000000,-0.04020465341163854,0.9747681110138672,converged
placebo,79,0.0,0,0000000000000000000000000,-0.06806922588135408,0.904450862182956,converged
placebo,80,0.0,0,0000000000000000000000000,0.10077380854146112,1.084688631656948,converged
placebo,81,0.0,0,0000000000000000000000000,-0.036960351516681374,1.0495433747983767,converged
placebo,82,0.0,0,0000000000000000000000000,0.0555583725751362,0.9983614215618695,converged
placebo,83,0.0,0,0000000000000000000000000,0.011091650285547974,0.9832601589563581,converged
placebo,84,0.0,0,0000000000000000000000000,0.03162848925827667,1.053846192413405,converged
placebo,85,0.0,0,0000000000000000000000000,0.014845277985174153,1.018298963398565,converged
placebo,86,0.0,0,0000000000000000000000000,0.058118808038061076,1.0630546843382986,converged
placebo,87,0.0,0,0000000000000000000000000,0.02208031437832024,1.0307087664813321,converged
placebo,88,0.0,0,0000000000000000000000000,-0.01064266814838238,0.994273168219763,converged
placebo,89,0.0,0,0000000000000000000000000,-0.05944996564547211,0.9990363023746583,converged
placebo,90,0.0,0,0000000000000000000000000,-0.013284428129496519,1.0094696415635973,converged
placebo,91,0.0,0,0000000000000000000000000,0.09991269170316201,1.0334718981456088,converged
placebo,92,0.0,0,0000000000000000000000000,0.016784438460363746,0.963510228602766,converged
placebo,93,0.0,0,0000000000000000000000000,-0.03155299101049802,0.949219208671143,converged
placebo,94,0.0,0,0000000000000000000000000,0.02812131300973849,1.0268220260937446,converged
placebo,95,0.0,0,0000000000000000000000000,0.03820208754503873,1.0217507371201713,converged
placebo,96,0.0,0,0000000000000000000000000,-0.022863496865559406,1.0358053818534152,converged
placebo,97,0.04,1,0000000000000000000000001,0.020139247820684283,1.0244453836123117,converged
placebo,98,0.0,0,0000000000000000000000000,0.04185835581123751,0.8545794141510961,converged
placebo,99,0.0,0,0000000000000000000000000,0.023055143013710942,1.0609007718650671,converged
placebo,100,0.0,0,0000000000000000000000000,-0.05170586390088992,0.9945691433975727,converged
placebo,101,0.0,0,0000000000000000000000000,-0.09845098917417701,0.9151654293020054,converged
placebo,102,0.0,0,0000000000000000000000000,-0.06612002764589528,1.0669861103321605,converged
placebo,103,0.0,0,0000000000000000000000000,0.02277402259897639,0.9383171844342625,converged
placebo,104,0.0,0,0000000000000000000000000,-0.10791978148392618,0.926982264525842,converged
placebo,105,0.0,0,0000000000000000000000000,-0.021404725622065884,1.0853408102191235,converged
placebo,106,0.0,0,0000000000000000000000000,-0.05563794359293869,1.0314492590845195,converged
placebo,107,0.0,0,0000000000000000000000000,0.04832252076794487,0.9494140968409333,converged
placebo,108,0.0,0,0000000000000000000000000,0.07206389816347922,1.092725859512978,converged
placebo,109,0.0,0,0000000000000000000000000,-0.04335081384122598,0.996190965848468,converged
placebo,110,0.0,0,0000000000000000000000000,-0.07710725341170567,0.9839866390854239,converged
placebo,111,0.0,0,0000000000000000000000000,-0.0041712796153084925,1.0506926762622955,converged
placebo,112,0.0,0,0000000000000000000000000,0.03755202917605878,0.991468383431814,converged
placebo,113,0.0,0,0000000000000000000000000,0.01947818269219308,0.9194162742477392,converged
placebo,114,0.0,0,0000000000000000000000000,-0.09962374552645939,0.9874800484276945,converged
placebo,115,0.0,0,0000000000000000000000000,0.001734222772460662,0.9307399955498554,converged
placebo,116,0.0,0,0000000000000000000000000,-0.013402184750101789,0.8897568906312072,converged
placebo,117,0.04,1,0000000000000010000000000,-0.0588395624632951,0.9499517008732673,converged
placebo,118,0.0,0,0000000000000000000000000,0.010070055875590816,1.0320381432586592,converged
placebo,119,0.04,1,0100000000000000000000000,-0.0797774187593075,0.9803386515091299,converged
placebo,120,0.0,0,0000000000000000000000000,-0.12390126995685541,0.9136496639344044,converged
placebo,121,0.0,0,0000000000000000000000000,0.07319792500169735,0.9838785366813145,converged
placebo,122,0.0,0,0000000000000000000000000,-0.05566387119675705,0.9204901867410104,converged
placebo,123,0.0,0,0000000000000000000000000,-0.06231597676434301,0.9919456175116189,converged
placebo,124,0.0,0,0000000000000000000000000,-0.03609418945692849,1.0368359440645214,converged
placebo,125,0.0,0,0000000000000000000000000,-0.07341887258767058,0.9651179389771881,converged
placebo,126,0.0,0,0000000000000000000000000,0.03778474148903389,0.9406731174083759,converged
placebo,127,0.0,0,0000000000000000000000000,-0.030775221700290935,0.9947019892952773,converged
placebo,128,0.0,0,0000000000000000000000000,0.07958094297691655,1.0332833275428273,converged
placebo,129,0.0,0,0000000000000000000000000,-0.04468620703355672,0.8387580891902069,converged
placebo,130,0.0,0,0000000000000000000000000,-0.05298738176019901,1.0252381665513473,converged
placebo,131,0.0,0,0000000000000000000000000,0.03752884710331274,0.9594174682262498,converged
placebo,132,0.0,0,0000000000000000000000000,-0.03149713487574267,1.0322705327419364,converged
placebo,133,0.0,0,0000000000000000000000000,-0.07673136121611038,0.9555832992696753,converged
placebo,134,0.0,0,0000000000000000000000000,0.03238326418752363,1.0018565705781428,converged
placebo,135,0.0,0,0000000000000000000000000,-0.05693908610980499,1.0018699662662522,converged
placebo,136,0.0,0,0000000000000000000000000,-0.014011913108806732,0.9800474995193622,converged
placebo,137,0.0,0,0000000000000000000000000,-0.09771250274598273,0.9513268236044807,converged
placebo,138,0.0,0,0000000000000000000000000,0.061072262801509104,0.9862503584043644,converged
placebo,139,0.0,0,0000000000000000000000000,0.053339652765126616,0.9902364214000556,converged
placebo,140,0.0,0,0000000000000000000000000,-0.060859311040603506,0.9463560627179769,converged
placebo,141,0.0,0,0000000000000000000000000,-0.10540011618825598,1.0445497133236104,converged
placebo,142,0.0,0,0000000000000000000000000,-0.07645405127713337,1.0799787125879237,converged
placebo,143,0.0,0,0000000000000000000000000,0.01122210628637035,1.0727099768189123,converged
placebo,144,0.0,0,0000000000000000000000000,-0.013428969241094867,0.9495153989052953,converged
placebo,145,0.0,0,0000000000000000000000000,-0.05200058352643028,0.994243290223669,converged
placebo,146,0.0,0,0000000000000000000000000,-0.012446560190414587,1.0866598435677877,converged
placebo,147,0.0,0,0000000000000000000000000,-0.011709528050520644,1.0217745747273344,converged
placebo,148,0.0,0,0000000000000000000000000,0.0069501202817622365,1.049700578907251,converged
placebo,149,0.0,0,0000000000000000000000000,0.03308271944464104,0.9315648054852014,converged
placebo,150,0.0,0,0000000000000000000000000,-0.040877905034927955,1.0555576060027017,converged
placebo,151,0.0,0,0000000000000000000000000,0.008310613511985143,1.0112260620488125,converged
placebo,152,0.0,0,0000000000000000000000000,0.00898603312933692,1.0196036030671165,converged
placebo,153,0.0,0,0000000000000000000000000,-0.03355760039906841,0.9855390465831819,converged
placebo,154,0.0,0,0000000000000000000000000,0.03258520308875028,1.025289723006163,converged
placebo,155,0.0,0,0000000000000000000000000,-0.07109682559309431,0.9594238082773806,converged
placebo,156,0.0,0,0000000000000000000000000,-0.07005413554485077,0.9629813677866863,converged
placebo,157,0.0,0,0000000000000000000000000,-0.02986571761095045,1.0179434106823384,converged
placebo,158,0.0,0,0000000000000000000000000,-0.0636335291625194,0.9823313408080893,converged
placebo,159,0.0,0,0000000000000000000000000,-0.048011639278135475,0.9726227653749643,converged
placebo,160,0.0,0,0000000000000000000000000,0.004431931904116988,0.9638236883683542,converged
placebo,161,0.0,0,0000000000000000000000000,-0.09187690047528713,0.9445056009474634,converged
placebo,162,0.0,0,0000000000000000000000000,-0.04338729376090247,0.99668808765157,converged
placebo,163,0.0,0,0000000000000000000000000,0.011340688311976339,0.9386744414367727,converged
placebo,164,0.0,0,0000000000000000000000000,-0.015160232235522084,1.0035086147283963,converged
placebo,165,0.0,0,0000000000000000000000000,0.05017585189255623,1.046557989773578,converged
placebo,166,0.0,0,0000000000000000000000000,-0.10452477664319043,0.8708487787926248,converged
placebo,167,0.0,0,0000000000000000000000000,-0.09466771600327326,0.9507401449215395,converged
placebo,168,0.0,0,0000000000000000000000000,-0.07380107359549906,0.9948713816738497,converged
placebo,169,0.0,0,0000000000000000000000000,-0.0027623050423078253,1.0430823548524026,converged
placebo,170,0.0,0,0000000000000000000000000,0.042059179025615415,1.066023517152861,converged
placebo,171,0.0,0,0000000000000000000000000,-0.020887690714603824,0.9722085841142338,converged
placebo,172,0.0,0,0000000000000000000000000,0.04330926945461101,1.0040091696287723,converged
placebo,173,0.0,0,0000000000000000000000000,0.12116825023535392,0.9929851207551621,converged
placebo,174,0.0,0,0000000000000000000000000,-0.02871773693099731,1.0576179952158542,converged
placebo,175,0.0,0,0000000000000000000000000,-0.0558221565262384,1.0475563283462341,converged
placebo,176,0.0,0,0000000000000000000000000,0.06827425329866718,0.9967109189282304,converged
placebo,177,0.0,0,0000000000000000000000000,-0.06360378330784679,0.9200598869065362,converged
placebo,178,0.0,0,0000000000000000000000000,0.05787564309943807,0.9836219828667543,converged
placebo,179,0.0,0,0000000000000000000000000,0.00223677090884915,1.0191453330389484,converged
placebo,180,0.0,0,0000000000000000000000000,-0.001160969614982605,0.9989763432860239,converged
placebo,181,0.0,0,0000000000000000000000000,0.03291574103590262,0.9594524959538806,converged
placebo,182,0.0,0,0000000000000000000000000,0.04522587770639626,0.9441889521672634,converged
placebo,183,0.0,0,0000000000000000000000000,-0.059959805415652725,1.0420851912911038,converged
placebo,184,0.0,0,0000000000000000000000000,0.06724028567217855,0.9664476920155264,converged
placebo,185,0.0,0,0000000000000000000000000,-0.03621352654782965,1.0840888275817928,converged
placebo,186,0.0,0,0000000000000000000000000,-0.016310992741474482,0.9665320777545464,converged
placebo,187,0.0,0,0000000000000000000000000,-0.015976204746433492,0.8563643907603186,converged
placebo,188,0.0,0,0000000000000000000000000,-0.19791935175848546,0.9530328508688268,converged
placebo,189,0.0,0,0000000000000000000000000,-0.005985857017743377,0.9839426054532091,converged
placebo,190,0.0,0,0000000000000000000000000,-0.10035060824158248,0.9352533974265669,converged
placebo,191,0.0,0,0000000000000000000000000,0.0067993636582280095,1.027661296104526,converged
placebo,192,0.0,0,0000000000000000000000000,0.0073514892022694235,1.0193352368569664,converged
placebo,193,0.0,0,0000000000000000000000000,0.0871827762111656,1.0364450025517615,converged
placebo,194,0.0,0,0000000000000000000000000,0.10233118162962374,1.0027451505336522,converged
placebo,195,0.0,0,0000000000000000000000000,0.034725893666398486,0.9964120409871525,converged
placebo,196,0.0,0,0000000000000000000000000,0.011788348550989342,1.1122433813566601,converged
placebo,197,0.0,0,0000000000000000000000000,-0.035867068694213314,0.9858456825224177,converged
placebo,198,0.0,0,0000000000000000000000000,0.0009074371397177872,1.0615050804942276,converged
placebo,199,0.0,0,0000000000000000000000000,-0.033017095393050144,1.0512519224947994,converged
