,unif,nonu,b,a,flag_obs,p_mach
VR.04,1.0,0.05,-0.6622046194381566,1.6506755817146122,True,0.1645021645021645
VR.09,0.925,0.025,-1.2397617056475794,0.7767503605294575,True,0.4748322147651007
VR.11,1.0,0.7,-1.9338543346701624,1.1338124817728672,True,0.99
VR.13,0.625,1.0,1.6315064895106437,0.7675071438329816,True,0.050179211469534
VR.14,1.0,0.075,-0.960602543525762,1.5859075441338009,True,0.6101694915254238
VR.16,1.0,0.05,-0.8919153727047336,1.2020923589502035,False,0.447787610619469
VR.17,1.0,0.025,-0.9068674116603144,1.6356416053001106,True,0.273076923076923
VR.18,0.5,1.0,-3.528365675862158,1.0361603925523826,False,0.9166666666666666
VR.19,1.0,0.55,-0.5230185118091278,1.1669903328142757,True,0.0964912280701754
VR.23,0.725,1.0,1.24871665426803,0.9631427773940496,True,0.3092436974789916
VR.26,0.625,1.0,0.8687868614617242,0.5827337166196238,True,0.7159863945578231
VR.31,1.0,0.525,-1.982415278222162,1.4476488646450272,True,0.5969387755102041
VR.32,1.0,0.9,-0.2283478261427328,1.0573894902093492,True,0.2153284671532846
VR.36,0.9,1.0,0.5249621394501724,0.9109068694080026,True,0.9983221476510068
VR.39,0.875,1.0,-2.6540514515001465,1.0366587975100363,True,0.2473498233215547
VR.42,1.0,0.0,-0.98563991803204,0.720901838751702,True,0.7043918918918919
LN.01,1.0,0.0,-1.1404336705752491,1.8034676466994584,True,0.75
LN.03,1.0,0.65,-0.3565001686846067,1.4891831284267067,False,0.2895752895752895
LN.05,1.0,0.0,-1.0805205138743252,1.295822005790146,True,0.1351819757365684
LN.06,1.0,1.0,0.1914659956570998,1.1484223668278983,True,0.0671506352087114
LN.07,1.0,0.275,-0.4453100340289705,1.503510188004496,True,0.0975609756097561
LN.33,1.0,0.675,-0.3696559271926588,1.2454920086270926,True,0.1436170212765957
LN.34,1.0,0.525,-0.4769687768202365,1.503927762335715,True,0.1076388888888889
LN.35,1.0,1.0,0.1602755052752221,0.958124873453172,True,0.0590277777777777
LN.58,1.0,0.975,0.2899895296402012,1.4442557137438727,False,0.138353765323993
