item,n,p,icc,deff,neff,pmin,pmax
VR.16,565,0.44778761061946903,0.5371265491284544,38.39743598306863,14.714524174195825,0.0273972602739726,0.96
VR.31,588,0.5969387755102041,0.4820941060447765,35.951822688246295,16.355220849268218,0.10810810810810811,1.0
VR.09,596,0.4748322147651007,0.46000710776443626,34.81052242068606,17.121259853481217,0.08,0.9864864864864865
VR.26,588,0.7159863945578231,0.41368261395098344,30.9919895114463,18.97264452102481,0.29333333333333333,1.0
VR.39,566,0.24734982332155478,0.4073914690124908,29.415554963621233,19.241520369069452,0.0,0.7733333333333333
VR.17,520,0.27307692307692305,0.35392995461240295,23.65151709519379,21.985904663412434,0.058823529411764705,0.8382352941176471
LN.01,556,0.75,0.3264259357659736,23.360176599969193,23.801189927679452,0.34285714285714286,1.0
VR.14,531,0.6101694915254238,0.3119503716024511,21.393755543510242,24.82032660979329,0.24,1.0
VR.32,548,0.21532846715328466,0.2905338877469785,20.61103742292105,26.587696133654198,0.06666666666666667,0.7333333333333333
VR.23,595,0.3092436974789916,0.255999027340241,19.783928631090184,30.074916418014435,0.06666666666666667,0.7534246575342466
LN.58,571,0.138353765323993,0.17997033826030767,13.665412555069153,41.784322112411374,0.0,0.4
LN.03,518,0.28957528957528955,0.19849107222010018,13.653805854031386,37.93814014479023,0.041666666666666664,0.7758620689655172
VR.42,592,0.7043918918918919,0.14840515435260318,11.833576267740032,50.02714197346021,0.44594594594594594,1.0
VR.04,462,0.1645021645021645,0.1654271440397958,10.387990424258412,44.47443452788721,0.028985507246376812,0.5
VR.19,570,0.09649122807017543,0.1256207226671368,9.82485576736636,58.01611886184397,0.0,0.29333333333333333
LN.33,564,0.14361702127659576,0.11186245405395565,8.774440556749918,64.27760224167585,0.0,0.3783783783783784
LN.06,551,0.06715063520871144,0.09584382086445366,7.505399341174792,73.4138151686615,0.0,0.23728813559322035
VR.18,600,0.9166666666666666,0.08353475426646159,7.181571815718158,83.54716981132074,0.7466666666666667,1.0
LN.34,576,0.1076388888888889,0.08571679410519487,7.0858923814688355,81.28827944189027,0.0,0.24615384615384617
LN.07,574,0.0975609756097561,0.07877198832163178,6.573118173755448,87.3253735634657,0.0,0.22535211267605634
LN.05,577,0.13518197573656845,0.06999337284991397,5.978278643950131,96.51607667767537,0.013333333333333334,0.30666666666666664
VR.13,558,0.05017921146953405,0.06449993582108021,5.434370587699265,102.67978434577812,0.0,0.14285714285714285
LN.35,576,0.059027777777777776,0.04126197189863756,3.929600004803267,146.57980438109175,0.0,0.17333333333333334
VR.11,600,0.99,0.011111495126840395,1.8222506393861893,329.2631578947368,0.96,1.0
VR.36,596,0.9983221476510067,0.0,1.0,596.0,0.9866666666666667,1.0
