contrast,nfoc,rep,rate,mu,sigma,status
gender,300,0,0.0,0.483451944752209,1.141952638918206,converged
gender,300,1,0.08,0.3673415577874414,1.1263610221853686,converged
gender,300,2,0.0,0.23604312699085422,1.083718589615199,converged
gender,300,3,0.0,0.421841250683177,1.2092092243500803,converged
gender,300,4,0.08,0.3184174442506016,1.1754581011599456,converged
gender,300,5,0.0,0.10971895885562702,1.0664151950404968,converged
gender,300,6,0.0,0.1572388797738897,0.9438787006213376,converged
gender,300,7,0.04,0.34164956485995635,1.1924893449158651,converged
gender,300,8,0.08,0.3136549951977854,1.0361668504845358,converged
gender,300,9,0.0,0.2842945337441255,1.1766636034590918,converged
gender,300,10,0.0,0.3296045200241279,1.087549502364284,converged
gender,300,11,0.0,0.32985226107500615,0.9943959598774564,converged
gender,300,12,0.0,0.20634528592287826,1.0043727809901992,converged
gender,300,13,0.0,0.3294102729637335,1.168389664006461,converged
gender,300,14,0.0,0.2577067084130783,1.1588498038811728,converged
gender,300,15,0.0,0.34358830289384107,1.2350325022781856,converged
gender,300,16,0.0,0.18141028588035862,0.9847859656606662,converged
gender,300,17,0.08,0.3975468633708426,1.1046705847406673,converged
gender,300,18,0.0,0.2233386611529115,1.095576901447087,converged
gender,300,19,0.0,0.25158858697023345,1.256949218088356,converged
gender,300,20,0.12,0.1606061863796026,1.0603859685425048,converged
gender,300,21,0.0,0.4465869142563558,1.049119067167852,converged
gender,300,22,0.0,0.29942503351401606,1.137594296155113,converged
gender,300,23,0.0,0.2856438820472047,1.0399868558382788,converged
gender,300,24,0.0,0.3666619061264287,1.1267463205863932,converged
gender,300,25,0.0,0.34300161089126135,1.0051879678362996,converged
gender,300,26,0.0,0.27746886168816876,1.2424079176249785,converged
gender,300,27,0.04,0.28604934929924386,1.2344402429321337,converged
gender,300,28,0.0,0.5174726858949165,1.302322271189122,converged
gender,300,29,0.08,0.6134165172438311,1.2662010403022417,converged
gender,300,30,0.0,0.387706651501462,1.2006553598467784,converged
gender,300,31,0.08,0.33320969373397913,1.1355791875771353,converged
gender,300,32,0.0,0.4019511823805575,1.1365163577131363,converged
gender,300,33,0.0,0.26705279350303435,1.028329678370278,converged
gender,300,34,0.0,0.22897331882000377,1.0628505908471897,converged
gender,300,35,0.0,0.3470946639300402,1.309008045576919,converged
gender,300,36,0.0,0.41325679333874643,1.0845338004699083,converged
gender,300,37,0.0,0.3339445901154885,1.0283620153061706,converged
gender,300,38,0.0,0.3506594127249747,1.1879637616106495,converged
gender,300,39,0.0,0.45028963990511967,0.993090069378956,converged
gender,500,0,0.04,0.2599935955360917,1.1202598384305715,converged
gender,500,1,0.04,0.33924889320815943,1.1310223129432009,converged
gender,500,2,0.0,0.2654734256051997,1.0928761574074206,converged
gender,500,3,0.16,0.37477551996456737,1.0873528196341606,converged
gender,500,4,0.0,0.3599279053672513,1.1896528237219264,converged
gender,500,5,0.0,0.2956295661420687,1.07845875362003,converged
gender,500,6,0.08,0.27867392734281304,0.9766803517115678,converged
gender,500,7,0.08,0.29528088161950544,0.9540621573712053,converged
gender,500,8,0.04,0.3221284695253834,1.1835007927237577,converged
gender,500,9,0.04,0.3622995226404403,1.0860528367392936,converged
gender,500,10,0.04,0.4211262324523893,1.2063479377882431,converged
gender,500,11,0.04,0.30494916884159085,1.128873725351112,converged
gender,500,12,0.0,0.4492204054800456,1.0756160717356247,converged
gender,500,13,0.0,0.35458004289100126,1.0991360148500513,converged
gender,500,14,0.0,0.18260932630630766,1.1167194119148613,converged
gender,500,15,0.0,0.365904488887819,1.0224787909053834,converged
gender,500,16,0.12,0.498459366716383,1.17606271058577,converged
gender,500,17,0.08,0.420685188016226,1.0069255364600869,converged
gender,500,18,0.2,0.27639018662857573,1.197239560434805,converged
gender,500,19,0.04,0.4371753085940362,1.2104426095591108,converged
gender,500,20,0.0,0.3257915297283388,1.0577548120872788,converged
gender,500,21,0.0,0.2796034516644714,1.133340841127125,converged
gender,500,22,0.04,0.2992262422799313,1.0620114976521466,converged
gender,500,23,0.08,0.38432827819742565,1.181401529050305,converged
gender,500,24,0.16,0.1071525320970222,1.1285308682571373,converged
gender,500,25,0.0,0.27051587754341455,1.1288559137459226,converged
gender,500,26,0.04,0.3556401974636568,1.0799217132553347,converged
gender,500,27,0.08,0.10278440183944375,1.0643580134235582,converged
gender,500,28,0.0,0.2606562215200878,1.1143695400973586,converged
gender,500,29,0.0,0.4307888302835299,1.1952337332998815,converged
gender,500,30,0.04,0.18876226059703505,1.1228321982666276,converged
gender,500,31,0.0,0.34160948987385714,1.1512345755739575,converged
gender,500,32,0.16,0.45799853823792824,1.1785337963434164,converged
gender,500,33,0.04,0.2781793323175158,1.1385185204448232,converged
gender,500,34,0.04,0.28381912423389505,1.1955588999273594,converged
gender,500,35,0.04,0.44180794096311515,1.133570819458244,converged
gender,500,36,0.04,0.2308236733176487,1.0975759665091558,converged
gender,500,37,0.08,0.34822037301326625,1.0646486624267062,converged
gender,500,38,0.0,0.30496246679287276,1.1177544203933147,converged
gender,500,39,0.12,0.31686460528109356,1.1815945250553832,converged
placebo,300,0,0.0,0.06077753265835015,1.0592079607913107,converged
placebo,300,1,0.0,0.012860842917474078,1.0757450516623632,converged
placebo,300,2,0.0,-0.06798003390733542,0.9621661849675138,converged
placebo,300,3,0.0,-0.08486183546411047,0.9975753101234309,converged
placebo,300,4,0.0,0.08304318718558484,0.9235604311708768,converged
placebo,300,5,0.0,-0.004646104498536676,0.9649208954402708,converged
placebo,300,6,0.0,-0.04924050752282328,0.9263864115210966,converged
placebo,300,7,0.0,-0.016512583947723945,0.9639076152858396,converged
placebo,300,8,0.0,-0.025489642253932812,0.8998944561072679,converged
placebo,300,9,0.0,0.11099811781238991,1.021645943318353,converged
placebo,300,10,0.0,-0.008895986625259852,1.0699709391862624,converged
placebo,300,11,0.04,0.03380888383792315,1.0097850542872135,converged
placebo,300,12,0.0,0.02537645750291756,1.0154054446436522,converged
placebo,300,13,0.0,0.040926301577553545,1.0778216429367522,converged
placebo,300,14,0.0,-0.031778821387479256,0.9169098820277385,converged
placebo,300,15,0.0,0.0913303753690746,1.0667157618461107,converged
placebo,300,16,0.0,-0.03438444045891935,1.0534462783383796,converged
placebo,300,17,0.0,-0.02133170649206917,1.064548804172053,converged
placebo,300,18,0.0,0.06573799432640332,0.8889504845940459,converged
placebo,300,19,0.0,-0.12394325669047548,1.0018406310696444,converged
placebo,300,20,0.0,-0.0091123314940552,0.9176068261375928,converged
placebo,300,21,0.0,-0.04258912446985488,1.0354203121404009,converged
placebo,300,22,0.0,0.017726338211791638,1.0237711098031028,converged
placebo,300,23,0.0,0.058627495976162756,0.9672877354677686,converged
placebo,300,24,0.0,0.015452483661269542,0.9967055698449188,converged
placebo,300,25,0.0,-0.018137196521090273,0.9746993268594525,converged
placebo,300,26,0.0,-0.07841753650618488,1.1931809872410848,converged
placebo,300,27,0.0,0.08517075918564754,1.0640928456077037,converged
placebo,300,28,0.0,0.03339301468065291,0.9579981528670402,converged
placebo,300,29,0.0,0.026391201652937703,0.9475277562489889,converged
placebo,300,30,0.0,-0.09246775908446608,0.9921295523971628,converged
placebo,300,31,0.0,-0.05803587956898962,0.9249483955239954,converged
placebo,300,32,0.0,0.036281422893574715,1.0282163769123775,converged
placebo,300,33,0.0,0.0310439831299199,0.8682378213905275,converged
placebo,300,34,0.0,0.016892411172615834,1.1203897371857288,converged
placebo,300,35,0.0,0.05517383711073863,1.0782722391376833,converged
placebo,300,36,0.0,-0.12622390054919572,0.864046323286211,converged
placebo,300,37,0.0,-0.06907769339676476,1.0283822121402446,converged
placebo,300,38,0.0,-0.11463446650349973,0.9318126172181439,converged
placebo,300,39,0.0,-0.03586318979072117,1.0220820196296503,converged
placebo,500,0,0.0,-0.07064244163597448,0.9085098445441934,converged
placebo,500,1,0.0,-0.0440138739895184,0.9589034780664727,converged
placebo,500,2,0.08,0.030111740548444274,0.9965069625340203,converged
placebo,500,3,0.0,-0.0010814875448929054,0.9167791590220014,converged
placebo,500,4,0.0,-0.039520897152691026,1.0214176619879538,converged
placebo,500,5,0.0,-0.011432353160686037,1.013856972867698,converged
placebo,500,6,0.0,0.1267223248491772,0.9968935931489848,converged
placebo,500,7,0.0,-0.01751183996333882,0.9882728533525186,converged
placebo,500,8,0.0,0.0385919556829187,1.0137807376914578,converged
placebo,500,9,0.0,-0.0694275910392474,0.9880045195248179,converged
placebo,500,10,0.0,0.008567768835050626,1.0029576014168742,converged
placebo,500,11,0.0,-0.09739964274326558,0.8671857889675073,converged
placebo,500,12,0.0,-0.016740341110478316,0.9844336937339333,converged
placebo,500,13,0.0,-0.030225451559538048,0.9526237591505046,converged
placebo,500,14,0.0,-0.08565892290292301,1.0465166546222546,converged
placebo,500,15,0.0,-0.008842445709632715,0.9353501631397458,converged
placebo,500,16,0.0,0.07066781895357956,0.9066904596078166,converged
placebo,500,17,0.0,-0.04961237108269456,0.9985789365895439,converged
placebo,500,18,0.0,0.09843777180308516,1.0421225860960617,converged
placebo,500,19,0.0,0.00041484797300860173,0.9920707936913244,converged
placebo,500,20,0.0,0.05818424957510911,0.9939684060605971,converged
placebo,500,21,0.0,-0.04923598925345714,0.8902168166127797,converged
placebo,500,22,0.0,0.07517021704578111,0.946125822775432,converged
placebo,500,23,0.0,-0.05722921950764748,0.9661776846025818,converged
placebo,500,24,0.0,-0.02453067752090847,0.990947450929498,converged
placebo,500,25,0.0,0.06423730255139525,1.054980837040816,converged
placebo,500,26,0.0,-0.03370602392763859,0.9600668879422585,converged
placebo,500,27,0.0,0.029510967184044848,1.0520287274736269,converged
placebo,500,28,0.0,-0.12465504354207241,1.0194784122629579,converged
placebo,500,29,0.0,0.016844610453734823,0.9900648515313355,converged
placebo,500,30,0.0,0.07334658248084257,1.0333371394864015,converged
placebo,500,31,0.0,-0.08012535225686238,0.9576502346391292,converged
placebo,500,32,0.0,0.008081787966122649,1.02259561229251,converged
placebo,500,33,0.0,0.046986699948958134,1.0420681815698998,converged
placebo,500,34,0.0,-0.04428484947066421,0.9198476419584001,converged
placebo,500,35,0.0,0.04583307442606163,0.983614569020365,converged
placebo,500,36,0.0,0.032980742663692254,1.0486938723002845,converged
placebo,500,37,0.0,0.05595880079296792,0.976046824494676,converged
placebo,500,38,0.0,0.10345186071938,0.9832559867752253,converged
placebo,500,39,0.0,-0.08087379223740619,0.9316113132247457,converged
