item,a,b,domain,text_administrable,p_value,n_obs
reason.4,1.7284403427592565,-0.6515589898439534,verbal reasoning,True,0.6761442441054092,1442
reason.16,1.3274752167823356,-0.97692205958279,verbal reasoning,True,0.7272727272727273,1463
reason.17,1.8942300691528215,-0.8647189582968682,verbal reasoning,True,0.7375,1440
reason.19,1.290998580883576,-0.6123539240112006,verbal reasoning,True,0.6435439560439561,1456
letter.7,1.496853638027456,-0.5197745827841609,letter/number series,True,0.6342817487855655,1441
letter.33,1.26336404662921,-0.4418692676674507,letter/number series,True,0.6050069541029207,1438
letter.34,1.5960891308014258,-0.5326015332015149,letter/number series,True,0.6419243986254296,1455
letter.58,1.4271059293965969,0.1045563428172501,letter/number series,True,0.4707927677329624,1438
matrix.45,0.9606632233463868,-0.2509695379467157,matrix reasoning,False,0.5493827160493827,1458
matrix.46,1.026561766227413,-0.3410519620105446,matrix reasoning,False,0.5700680272108843,1470
matrix.47,1.2535160692862524,-0.5952090157400951,matrix reasoning,False,0.6382252559726962,1465
matrix.55,0.7848029986348989,0.6381164935784206,matrix reasoning,False,0.3906785469499657,1459
rotate.3,1.8267987108483816,1.15129259611932,three-dimensional rotation,False,0.2026098901098901,1456
rotate.4,2.083736371731935,0.9954772389319884,three-dimensional rotation,False,0.2219178082191781,1460
rotate.6,1.6033359290167477,0.7094295436503624,three-dimensional rotation,False,0.3131868131868132,1456
rotate.8,1.572920626485407,1.284075112694974,three-dimensional rotation,False,0.1931506849315068,1460
