item,a_ref,b_ref,a_foc,b_foc,lr_total,p_total,lr_uniform,p_uniform,lr_nonuniform,p_nonuniform,flag_total,flag_uniform,flag_nonuniform,signed_area,unsigned_area,ets,delta_mh,p_machine,n_machine
VR.04,1.6506755817146122,-0.6622046194381566,1.6506755817146122,-0.032212288010924135,84.97573142317515,3.5298347446382257e-19,84.97573142317515,3.020497419475224e-20,0.0,1.0,True,True,False,-0.6299923314272324,0.6299923314272324,C,-9.443007672991756,0.1645021645021645,462
VR.09,0.7767503605294575,-1.2397617056475794,0.7767503605294575,-0.8870055066537554,11.174712661410013,0.003744915106710482,11.174712661410013,0.0008291973643034275,0.0,1.0,True,True,False,-0.35275619899382393,0.35275619899382393,C,-5.05320211002771,0.4748322147651007,596
VR.11,1.1338124817728672,-1.9338543346701624,1.7963089690130687,-3.5748105139099042,308.51350446699007,1.0165850266854892e-67,308.5135044665026,4.603097876820921e-69,4.874891601502895e-10,0.9999823833817628,True,True,False,1.6409561792397418,1.6451345679736735,C,3.2735958858526546,0.99,600
VR.13,0.7675071438329816,1.6315064895106437,1.0266077187254505,1.8477352592349758,29.07558261545455,4.856433609043074e-07,29.075582615454096,6.960879698112317e-08,4.547473508864641e-13,0.9999994619468846,True,True,False,-0.21622876972433214,0.49078873081649965,C,-6.503988801370518,0.05017921146953405,558
VR.14,1.5859075441338009,-0.960602543525762,0.09044969655855804,-5.9700232696276405,37.45633082181757,7.352941417584857e-09,37.456330821815754,9.348276707436611e-10,1.8189894035458565e-12,0.9999989238937692,True,True,False,5.009420726101879,15.048617711386068,C,-4.65963642312342,0.6101694915254238,531
VR.16,1.2020923589502035,-0.8919153727047336,1.2020923589502035,-0.8423466920331851,0.4969986087971847,0.7799704033834546,0.4969986087953657,0.4808218844266219,1.8189894035458565e-12,0.9999989238937692,False,False,False,-0.049568680671548515,0.049568680671548515,C,-4.834631477982301,0.44778761061946903,565
VR.17,1.6356416053001106,-0.9068674116603144,1.6356416053001106,-0.4181377804677631,72.91280946006782,1.4695507735627987e-16,72.91280946006782,1.355058373311488e-17,0.0,1.0,True,True,False,-0.48872963119255125,0.48872963119255125,C,-8.341218312923454,0.27307692307692305,520
VR.18,1.0361603925523826,-3.528365675862158,1.8288072209237003,-2.3279005575589906,1.812708993465094,0.4039943053726649,1.8127089934623655,0.17818360204101413,2.7284841053187847e-12,0.9999986820444127,False,False,False,-1.2004651183031676,1.2466082318761647,C,-5.016810456464948,0.9166666666666666,600
VR.19,1.1669903328142757,-0.5230185118091278,1.1669903328142757,0.9000335329320664,210.09576784129604,2.3893714914671434e-46,210.09576784129604,1.3090975181727356e-47,0.0,1.0,True,True,False,-1.4230520447411943,1.4230520447411943,C,-8.813618946178824,0.09649122807017543,570
VR.23,0.9631427773940496,1.24871665426803,0.9631427773940496,-0.18230913707406216,194.15617460681005,6.910705253722799e-43,194.15617460681005,3.9371149403775365e-44,0.0,1.0,True,True,False,1.431025791342092,1.431025791342092,B,-1.478438008333662,0.3092436974789916,595
VR.26,0.5827337166196238,0.8687868614617242,0.5827335656738949,-2.6034476505479893,561.6963777268229,1.0695013179689936e-122,561.6963777268143,3.5941880981919227e-124,8.640199666842818e-12,0.9999976546808437,True,True,False,3.4722345120097136,3.4722345120097144,A,-0.9147325588239009,0.7159863945578231,588
VR.31,1.4476488646450272,-1.982415278222162,0.07880875321050787,-6.0,129.42684245697183,7.858112741146789e-29,129.42684245697092,5.469568804786704e-30,9.094947017729282e-13,0.9999992390779869,True,True,False,4.017584721777838,16.967758454024413,C,-7.618270045073912,0.5969387755102041,588
VR.32,1.0573894902093492,-0.2283478261427328,1.2560128071629477,0.012807460949983003,21.228314120031882,2.4565757407806713e-05,21.228314120023242,4.076970300534569e-06,8.640199666842818e-12,0.9999976546808437,True,True,False,-0.2411552870927158,0.29553782044127364,C,-6.112535115043094,0.21532846715328466,548
VR.36,0.9109068694080026,0.5249621394501724,1.281998688595502,-6.0,1918.091729990072,0.0,1911.1278705151663,0.0,6.963859474905803,0.008317243154140112,True,True,False,6.524962139450173,6.524962140218706,C,16.43885659044748,0.9983221476510067,596
VR.39,1.0366587975100363,-2.6540514515001465,0.16000619484658785,5.937990564209418,1003.2958294518048,1.3711304516726138e-218,1003.295829451783,3.4504245867234576e-220,2.1827872842550278e-11,0.9999962722586677,True,True,False,-8.592042015709564,10.490762070163875,C,-11.397332916417653,0.24734982332155478,566
VR.42,0.720901838751702,-0.98563991803204,0.7209022150589488,-2.2211840516077865,107.38000388606861,4.816465155673367e-24,107.38000388603359,3.674958299293047e-25,3.501554601825774e-11,0.9999952786030738,True,True,False,1.2355441335757464,1.2355441335757464,C,-1.9751696570911064,0.7043918918918919,592
LN.01,1.8034676466994584,-1.1404336705752491,1.8034676466994584,-1.6258873036738106,90.34274499774392,2.4116938935569668e-20,90.34274499774392,2.0027867157194917e-21,0.0,1.0,True,True,False,0.4854536330985615,0.4854536330985615,C,-4.403807132868126,0.75,556
LN.03,1.4891831284267067,-0.3565001686846067,0.8673241299693677,0.018010850802146237,0.7738861579537115,0.6791297505867177,0.7738861579523473,0.3790175166878511,1.3642420526593924e-12,0.999999068064667,False,False,False,-0.37451101948675297,0.7385127483979472,C,-5.546137802275372,0.28957528957528955,518
LN.05,1.295822005790146,-1.0805205138743252,0.27793168844808397,5.660809694490833,378.56039969301037,6.261143724391206e-83,378.560399693009,2.5608633031982215e-84,1.3642420526593924e-12,0.999999068064667,True,True,False,-6.7413302083651585,7.239176489196732,C,-10.376605866838577,0.13518197573656845,577
LN.06,1.1484223668278983,0.1914659956570998,1.1484227665116626,1.2745134610682627,76.99402145964177,1.9096803099843214e-17,76.99402145960539,1.7147625734809502e-18,3.637978807091713e-11,0.9999951875066337,True,True,False,-1.0830474654111628,1.0830474654111633,C,-9.163392803462916,0.06715063520871144,551
LN.07,1.503510188004496,-0.4453100340289705,1.8871477897733677,0.1621078037840957,134.62434240853963,5.843801843038773e-30,134.62434240853918,3.989381717679277e-31,4.547473508864641e-13,0.9999994619468846,True,True,False,-0.6074178378130662,0.6104280272434178,C,-9.549456282487206,0.0975609756097561,574
LN.33,1.2454920086270926,-0.3696559271926588,0.9429949846552866,0.8767862835038601,82.95131292922542,9.712952482701777e-19,82.9513129292236,8.409947675680973e-20,1.8189894035458565e-12,0.9999989238937692,True,True,False,-1.246442210696519,1.2505011839480826,C,-8.06520360083176,0.14361702127659576,564
LN.34,1.503927762335715,-0.4769687768202365,1.5039276654767184,0.3896561072351699,130.5200873032927,4.5490755895100237e-29,130.52008730328498,3.153251204882628e-30,7.73070496506989e-12,0.9999977815501729,True,True,False,-0.8666248840554064,0.8666248840554064,C,-8.531979670706223,0.1076388888888889,576
LN.35,0.958124873453172,0.1602755052752221,0.958124873453172,1.8732007117239438,141.4298614201748,1.9448934084749212e-31,141.4298614201748,1.2958270570193871e-32,0.0,1.0,True,True,False,-1.7129252064487217,1.7129252064487217,C,-9.068456515049807,0.059027777777777776,576
LN.58,1.4442557137438727,0.2899895296402012,1.4442557137438727,0.2496968830675682,0.2272975418313763,0.8925713978689715,0.2272975418313763,0.6335349410522035,0.0,1.0,False,False,False,0.040292646572632984,0.040292646572632984,C,-5.791952325777881,0.138353765323993,571
