n_items,n_anchors,dif_rate_total,dif_rate_uniform,dif_rate_nonuniform,focal_mu,focal_sigma,mean_abs_signed_area,purified,purify_status,seed,n_foc,n_ref
16,16,0.0,0.0,0.0,-0.001473552733819818,0.9764961964747386,0.2240684204742932,True,converged,1000000,100,1425
16,16,0.0,0.0,0.0,-0.07899566562886366,0.9481618958037605,0.1567569864263701,True,converged,1000001,100,1425
16,16,0.0,0.0625,0.0,-0.1563636894578171,0.7929006723889661,0.2017221992821123,True,converged,1000002,100,1425
16,16,0.0,0.0,0.0,0.009959615925927272,1.1278532267915673,0.22270936810823755,True,converged,1000003,100,1425
16,16,0.0,0.0,0.0,-0.05311266817418617,1.063501425533977,0.1615628240961332,True,converged,1000004,100,1425
16,15,0.0625,0.0,0.0625,0.21407745293460717,0.9662944808974205,0.18904257376066216,True,converged,1000005,100,1425
16,16,0.0,0.0,0.0,0.1173061465712398,0.9584016198794509,0.13417274048797054,True,converged,1000006,100,1425
16,16,0.0,0.0,0.0,0.07339846632622335,0.9270937200626408,0.1430335969244385,True,converged,1000007,100,1425
16,16,0.0,0.0,0.0,0.06056895368457891,1.0415805934296902,0.14749292754375892,True,converged,1000008,100,1425
16,16,0.0,0.0,0.0,0.13174683153808836,0.9671863634332059,0.14312167236392812,True,converged,1000009,100,1425
16,16,0.0,0.0,0.0,0.04179860637445494,0.8357004087354136,0.15508904563149672,True,converged,1000010,100,1425
16,16,0.0,0.0,0.0,-0.1501236935509355,0.878530547344547,0.23801142736078337,True,converged,1000011,100,1425
16,16,0.0,0.0,0.0,0.20898626432727463,1.0334834194791238,0.24371293529659854,True,converged,1000012,100,1425
16,16,0.0,0.0,0.0,-0.12962740593567823,1.039703601305033,0.13231093995289228,True,converged,1000013,100,1425
16,16,0.0,0.0,0.0,-0.0721405875343844,0.8983505479912891,0.17483775088975076,True,converged,1000014,100,1425
16,15,0.0625,0.0,0.0625,0.0017951138192472522,0.8569038228961369,0.168021962470701,True,converged,1000015,100,1425
16,15,0.0625,0.0625,0.0,0.043320437147605764,0.9782087761792707,0.2321404490000642,True,converged,1000016,100,1425
16,16,0.0,0.0,0.0,0.04735039547416556,1.1210720085165122,0.1799638335372223,True,converged,1000017,100,1425
16,16,0.0,0.0,0.0,0.040613661541093665,0.9016202397736638,0.2825576881502696,True,converged,1000018,100,1425
16,16,0.0,0.0,0.0,-0.0012534342086828318,1.0133329681364507,0.1961949037076426,True,converged,1000019,100,1425
16,16,0.0,0.0,0.0,0.06660445876197704,0.9188940194790954,0.14106339134718515,True,converged,1000020,100,1425
16,16,0.0,0.0,0.0,-0.11837614096543665,0.9521428990931354,0.16067768566199517,True,converged,1000021,100,1425
16,16,0.0,0.0,0.125,-0.281404161284615,0.9675441172497116,0.27283759946013086,True,converged,1000022,100,1425
16,16,0.0,0.0,0.0,-0.029383869409225508,0.9766037061059721,0.20604879262591225,True,converged,1000023,100,1425
16,16,0.0,0.0,0.0,-0.16976856492047654,0.8749682216701826,0.18264548890171703,True,converged,1000024,100,1425
16,16,0.0,0.0,0.0625,-0.030343093312177008,0.9512237857472822,0.26509102127049033,True,converged,1000025,100,1425
16,16,0.0,0.0,0.0,-0.12300776729540885,1.0617767474434399,0.1320617460102551,True,converged,1000026,100,1425
16,16,0.0,0.0,0.0625,0.08986840429577583,0.9530011048142054,0.25924732280742036,True,converged,1000027,100,1425
16,16,0.0,0.0,0.0,0.16511181252388504,1.065750965040965,0.17372198759554314,True,converged,1000028,100,1425
16,15,0.0625,0.0,0.0,0.0789330846265009,1.080546850687642,0.1504351735938954,True,converged,1000029,100,1425
16,16,0.0,0.0,0.0,-0.13518121063711058,0.9114483654674103,0.19465166497135022,True,converged,1000030,100,1425
16,16,0.0,0.0,0.0,-0.20671696627008107,1.0822832008849654,0.17075380861426082,True,converged,1000031,100,1425
16,16,0.0,0.0,0.0,0.048764206335302575,0.911336527353289,0.22569923991935412,True,converged,1000032,100,1425
16,16,0.0,0.0,0.0,-0.014350576045425712,0.8823251861398435,0.16815423844334326,True,converged,1000033,100,1425
16,16,0.0,0.0,0.0,0.11626420403268659,0.9544429476758942,0.1752323222576689,True,converged,1000034,100,1425
16,16,0.0,0.0,0.0,0.12596156741047307,1.2027209898787004,0.16013074757543524,True,converged,1000035,100,1425
16,16,0.0,0.0,0.0,-0.0821170727290975,1.0944476842029711,0.1436603524640907,True,converged,1000036,100,1425
16,16,0.0,0.0,0.0,0.2181138408257633,0.9270931258677741,0.19296714912750873,True,converged,1000037,100,1425
16,16,0.0,0.0,0.0,-0.1448907418330042,1.0499197861136795,0.2271339096585817,True,converged,1000038,100,1425
16,16,0.0,0.0,0.0,0.12576925608718692,0.9766392436941783,0.14532427465082431,True,converged,1000039,100,1425
16,16,0.0,0.0,0.0,0.22490056580164025,1.0088848954429026,0.23649367613842137,True,converged,1000040,100,1425
16,16,0.0,0.0,0.0,-0.001269718504138655,0.7823379102888168,0.16423337805293015,True,converged,1000041,100,1425
16,16,0.0,0.0,0.0,0.09925810121554549,0.9275815419781513,0.19508319989110628,True,converged,1000042,100,1425
16,16,0.0,0.0,0.0,0.15154851811567538,0.9946522572235785,0.15622417338805225,True,converged,1000043,100,1425
16,16,0.0,0.0,0.0,0.034511739536762676,1.0686920719120843,0.15327092018114852,True,converged,1000044,100,1425
16,16,0.0,0.0,0.0,0.03631068552357776,0.9736656879726491,0.2551506467422396,True,converged,1000045,100,1425
16,16,0.0,0.0,0.0625,0.1590457483925227,1.1113974644264928,0.2290477440214804,True,converged,1000046,100,1425
16,16,0.0,0.0,0.0,0.049521972868077524,0.885404700663199,0.1440862672770718,True,converged,1000047,100,1425
16,16,0.0,0.0,0.0,0.10942176394406902,1.0046981760577502,0.13193527936949062,True,converged,1000048,100,1425
16,16,0.0,0.0,0.0,0.23184752780138101,1.0197393846852705,0.14889994930176376,True,converged,1000049,100,1425
16,16,0.0,0.0,0.0,0.10875901715227124,1.0066333402544319,0.17795363633072564,True,converged,1000050,100,1425
16,15,0.0625,0.0,0.0625,0.18210285190604264,1.1088694995712134,0.14985694417076173,True,converged,1000051,100,1425
16,16,0.0,0.0,0.0,0.09308252921017379,0.9347480382213593,0.22541693440133073,True,converged,1000052,100,1425
16,16,0.0,0.0,0.0,-0.00012070396198437211,0.91142429038246,0.21864716976555673,True,converged,1000053,100,1425
16,16,0.0,0.0,0.0,-0.004430198808342343,1.0512733985021512,0.1527809272335131,True,converged,1000054,100,1425
16,16,0.0,0.0,0.0,-0.1455896096489895,1.0134326283352042,0.201801290885458,True,converged,1000055,100,1425
16,16,0.0,0.0,0.0,0.04718209741231102,0.9580800812706852,0.24196460232584024,True,converged,1000056,100,1425
16,16,0.0,0.0,0.0,0.006542368976551957,0.8624000614373072,0.18816055388739394,True,converged,1000057,100,1425
16,16,0.0,0.0625,0.0,-0.07701795474657189,1.086249418593324,0.18751179987510325,True,converged,1000058,100,1425
16,16,0.0,0.0,0.0,0.26867342337320566,1.02540762786346,0.21894098222770617,True,converged,1000059,100,1425
16,16,0.0,0.0,0.0,0.0017708723053335004,1.1961555208545254,0.21546345853085258,True,converged,1000060,100,1425
16,16,0.0,0.0,0.0,-0.07901629650951848,1.1937782697219261,0.13839746635166755,True,converged,1000061,100,1425
16,16,0.0,0.0,0.0,-0.18589795069885073,0.9649889794330109,0.18301319327506,True,converged,1000062,100,1425
16,15,0.0625,0.0,0.0,0.03501089376064481,1.116898131473823,0.18556878144902944,True,converged,1000063,100,1425
16,16,0.0,0.0,0.0,0.07938350658916354,1.0592360128715899,0.20277804027364849,True,converged,1000064,100,1425
16,16,0.0,0.0,0.0,-0.03585852725486363,0.9561796228297642,0.09483742456849023,True,converged,1000065,100,1425
16,15,0.0625,0.0625,0.0,0.01919579963114489,1.0408982906309105,0.16863594985817465,True,converged,1000066,100,1425
16,16,0.0,0.0,0.0,0.05874710458815412,1.0106452099095502,0.24024217165267817,True,converged,1000067,100,1425
16,16,0.0,0.0625,0.0,0.030025442986904405,1.023191989895099,0.1575935920755867,True,converged,1000068,100,1425
16,16,0.0,0.0,0.125,0.08965728662169886,0.9429888131787301,0.2336662489231057,True,converged,1000069,100,1425
16,16,0.0,0.0,0.0,0.0001327534624776265,1.1396050589446192,0.18915521956525744,True,converged,1000070,100,1425
16,14,0.125,0.0,0.125,0.002573252350979605,1.03009082063364,0.20667392242109256,True,converged,1000071,100,1425
16,16,0.0,0.0,0.0,0.25592861932833544,0.9812918516975881,0.30105439684040225,True,converged,1000072,100,1425
16,16,0.0,0.0,0.0,0.03105009251686692,1.069347006106343,0.1720744105338658,True,converged,1000073,100,1425
16,16,0.0,0.0,0.0,0.07163924155483264,0.9970884570808535,0.13424558823127872,True,converged,1000074,100,1425
16,16,0.0,0.0,0.0,-0.12251350425891422,1.0409277981127274,0.18695457488080638,True,converged,1000075,100,1425
16,14,0.125,0.125,0.0625,-0.023968479375336207,0.9478912570675335,0.24555675481380415,True,converged,1000076,100,1425
16,16,0.0,0.0,0.0,0.008796341755734858,1.062905805368899,0.14703353051536916,True,converged,1000077,100,1425
16,16,0.0,0.0,0.0,-0.028263247528519973,0.8097218793438531,0.13130034529917248,True,converged,1000078,100,1425
16,14,0.125,0.0,0.1875,0.18079099564096857,0.9638910387858626,0.23598697216090003,True,converged,1000079,100,1425
16,16,0.0,0.0,0.0,0.03429010754523016,0.995795990552178,0.13407546904195616,True,converged,1150000,250,1275
16,16,0.0,0.0,0.0,-0.02147858728319995,0.9245420123892729,0.13400984755312564,True,converged,1150001,250,1275
16,16,0.0,0.0,0.0,-0.0147362899890245,0.9862948781264209,0.10462519919524862,True,converged,1150002,250,1275
16,16,0.0,0.0,0.0,-0.027236895793865155,0.9498780009211057,0.09545694037806429,True,converged,1150003,250,1275
16,16,0.0,0.0,0.0,-0.07110996686957399,1.032723824788868,0.1143636669979268,True,converged,1150004,250,1275
16,15,0.0625,0.0,0.0625,-0.027987092843756552,0.8119676216074888,0.15594427778130787,True,converged,1150005,250,1275
16,16,0.0,0.0,0.0,-0.054713164883186054,0.9739415021025778,0.09842357099396461,True,converged,1150006,250,1275
16,16,0.0,0.0,0.0,0.11741386943682719,1.1215069599100282,0.12295282623728968,True,converged,1150007,250,1275
16,16,0.0,0.0625,0.0,-0.11683185495969842,1.0385369890412701,0.10019423134434029,True,converged,1150008,250,1275
16,16,0.0,0.0,0.0,-7.397912290956214e-05,1.053791574250935,0.13270884907487113,True,converged,1150009,250,1275
16,16,0.0,0.0,0.0,0.05192653538998248,1.0505339711313146,0.1295830901438146,True,converged,1150010,250,1275
16,16,0.0,0.0625,0.0,-0.019352437680480013,1.1709140499799222,0.1422853976452581,True,converged,1150011,250,1275
16,16,0.0,0.0,0.0,-0.027386927746291836,0.8973567543213141,0.13563843487868435,True,converged,1150012,250,1275
16,15,0.0625,0.0,0.0625,-0.0794086112309149,1.0289235611569285,0.1382175406256574,True,converged,1150013,250,1275
16,16,0.0,0.0,0.0,0.020937525156972052,1.0683917083189844,0.134536547933009,True,converged,1150014,250,1275
16,15,0.0625,0.0,0.0625,0.009211294536894067,1.1060993703431201,0.14439598597808215,True,converged,1150015,250,1275
16,16,0.0,0.0,0.0,-0.02185754027083829,1.1115572008250798,0.12826041236382688,True,converged,1150016,250,1275
16,15,0.0625,0.0625,0.0,-0.04188838391353801,0.8984388012264432,0.13909860435240043,True,converged,1150017,250,1275
16,16,0.0,0.0,0.0,-0.017460868575875678,1.077058245454188,0.09178437113829217,True,converged,1150018,250,1275
16,16,0.0,0.0,0.0,-0.06963135624895686,1.0068143715723066,0.09742732726385095,True,converged,1150019,250,1275
16,16,0.0,0.0,0.0,0.04480300853740243,0.9665448254020146,0.0699651286319044,True,converged,1150020,250,1275
16,16,0.0,0.0,0.0,-0.08802785109449712,0.9772506857153276,0.1188876267011657,True,converged,1150021,250,1275
16,16,0.0,0.0625,0.0,-0.051748633288384215,0.9694422366609731,0.15325273794733524,True,converged,1150022,250,1275
16,16,0.0,0.0,0.0,0.030421547777599374,0.9516338272523241,0.11911221036842265,True,converged,1150023,250,1275
16,16,0.0,0.0,0.0,-0.029697711895115803,0.9754015771831213,0.09379934910648377,True,converged,1150024,250,1275
16,16,0.0,0.0,0.1875,0.02567420852535413,0.9456069917380929,0.15109442731719105,True,converged,1150025,250,1275
16,16,0.0,0.0,0.0,-0.06580620247441021,0.9343502326860312,0.16263354009537961,True,converged,1150026,250,1275
16,16,0.0,0.0,0.0,0.0012193872961449098,0.9583939869871367,0.11374503913726583,True,converged,1150027,250,1275
16,16,0.0,0.0,0.0,-0.035918689249908195,1.106518863303548,0.16109692862074634,True,converged,1150028,250,1275
16,16,0.0,0.0,0.0,0.031507737909558596,0.9370833726323885,0.1081733784860261,True,converged,1150029,250,1275
16,16,0.0,0.0,0.0,-0.049752611018074655,1.0094055264036073,0.08286185963327619,True,converged,1150030,250,1275
16,15,0.0625,0.0625,0.0,-0.0020865323976965713,1.0794045263425538,0.13671428738879082,True,converged,1150031,250,1275
16,16,0.0,0.0,0.0,0.04596890059098818,0.944376945024235,0.09115978244251141,True,converged,1150032,250,1275
16,16,0.0,0.0,0.0,0.01901067229196814,0.9757772393380155,0.0682975167794527,True,converged,1150033,250,1275
16,16,0.0,0.0,0.0,0.050201625699391544,1.130662171138346,0.0878353314782795,True,converged,1150034,250,1275
16,16,0.0,0.0,0.0,-0.1488335538755669,1.02160490807801,0.14069801008370897,True,converged,1150035,250,1275
16,16,0.0,0.0,0.0,0.0640798418421687,1.048090832830146,0.09389779354153503,True,converged,1150036,250,1275
16,16,0.0,0.0,0.0,-0.04511709492547309,0.938746213691979,0.11909760907051359,True,converged,1150037,250,1275
16,16,0.0,0.0,0.0,-0.07834601923716054,1.0044021019372182,0.13887889109970647,True,converged,1150038,250,1275
16,16,0.0,0.0,0.0,-0.017707218277761737,0.9925223029045835,0.19643306196618993,True,converged,1150039,250,1275
16,16,0.0,0.0,0.0,0.12881930339656744,0.9769860537944058,0.1018235899987823,True,converged,1150040,250,1275
16,16,0.0,0.0,0.0,0.020529983883588294,0.9841764889046952,0.12984989543013292,True,converged,1150041,250,1275
16,16,0.0,0.0,0.0,0.0480302566867624,0.9220053768991407,0.09584897337506312,True,converged,1150042,250,1275
16,16,0.0,0.0,0.0,-0.11804255408987957,1.0206947727759192,0.13078499702276208,True,converged,1150043,250,1275
16,16,0.0,0.0,0.0,0.0014145279107081485,0.8704499955270555,0.13109334628456845,True,converged,1150044,250,1275
16,15,0.0625,0.0625,0.0,-0.018457779309417277,0.9938067765773138,0.12222627174795367,True,converged,1150045,250,1275
16,16,0.0,0.0,0.0,-0.007575850622140213,0.9454517250077729,0.11733077461761345,True,converged,1150046,250,1275
16,16,0.0,0.0,0.0,0.05094825475929547,0.973267685465527,0.09393654226867712,True,converged,1150047,250,1275
16,16,0.0,0.0,0.0625,-0.14482183598082632,0.9691284397338543,0.16097102951488362,True,converged,1150048,250,1275
16,16,0.0,0.0,0.0,0.09664793366097352,0.984501215065455,0.08694445673959388,True,converged,1150049,250,1275
16,16,0.0,0.0,0.0,-0.0056480299808536584,1.0985001109698111,0.15602666374766638,True,converged,1150050,250,1275
16,16,0.0,0.0625,0.0,0.09531940985233747,1.0972215221385986,0.1511781747071581,True,converged,1150051,250,1275
16,14,0.125,0.125,0.0,-0.0633617162680046,1.1419024316752808,0.1584087422719516,True,converged,1150052,250,1275
16,15,0.0625,0.0,0.125,-0.04139279530175755,0.9943765075119633,0.1543269254444546,True,converged,1150053,250,1275
16,14,0.125,0.0,0.0625,-0.026600555238330638,1.0823903535186516,0.15966932129401373,True,converged,1150054,250,1275
16,16,0.0,0.0,0.0,-0.008005066321507569,0.9400486665276481,0.1176551439535283,True,converged,1150055,250,1275
16,16,0.0,0.0,0.0,0.10395867946095891,0.94761737418744,0.09759730421718238,True,converged,1150056,250,1275
16,13,0.1875,0.0,0.125,-0.09977376835910948,1.07051726814506,0.1834033004418586,True,converged,1150057,250,1275
16,15,0.0625,0.0,0.0625,0.017527221481287922,1.1548402440561933,0.11356919332940127,True,converged,1150058,250,1275
16,16,0.0,0.0,0.0,0.042514003847228116,0.962710534192207,0.14718290646249982,True,converged,1150059,250,1275
16,15,0.0625,0.0625,0.0,0.15353328412357833,1.1355280644645385,0.1463915297128086,True,converged,1150060,250,1275
16,16,0.0,0.0,0.0,-0.15585170385727132,1.0140301008601709,0.10894898793635378,True,converged,1150061,250,1275
16,16,0.0,0.0,0.0,0.05611344760060569,1.0424096946958008,0.09893183016754896,True,converged,1150062,250,1275
16,12,0.25,0.0,0.25,-0.13459827319205167,1.0898480892464593,0.3660819671349678,True,converged,1150063,250,1275
16,16,0.0,0.0,0.0,0.0637763069154032,1.0384144347544961,0.14037624472999405,True,converged,1150064,250,1275
16,16,0.0,0.0,0.0,-0.035200580668731454,1.0704314495422087,0.09584637716460347,True,converged,1150065,250,1275
16,16,0.0,0.0,0.0,-0.08317939555268433,0.9683183508394558,0.09695936180393182,True,converged,1150066,250,1275
16,15,0.0625,0.0,0.0,0.10187745947355399,0.8667973945016068,0.11242393039634407,True,converged,1150067,250,1275
16,16,0.0,0.0,0.0,-0.02041892613003669,0.9213227728717118,0.12908086846259909,True,converged,1150068,250,1275
16,14,0.125,0.0,0.1875,0.08190561364321874,1.122304195635579,0.13595651975881545,True,converged,1150069,250,1275
16,16,0.0,0.0,0.0,0.05743768028632803,0.9812933431172194,0.08168262772702754,True,converged,1150070,250,1275
16,16,0.0,0.0,0.0,0.159719739582235,1.0047572305055104,0.06848185740699955,True,converged,1150071,250,1275
16,16,0.0,0.0,0.0,0.1044531060928578,1.019082463257918,0.11025797057893509,True,converged,1150072,250,1275
16,16,0.0,0.0,0.0,-0.060003316197985504,1.0442079348977722,0.14124399959123124,True,converged,1150073,250,1275
16,16,0.0,0.0,0.0,0.06685321104648602,0.9777354846004053,0.12208269014598885,True,converged,1150074,250,1275
16,16,0.0,0.0,0.125,-0.0030881968965781083,0.9570990281304129,0.11417765576870972,True,converged,1150075,250,1275
16,16,0.0,0.0,0.0,0.006574639657430559,0.8524875988284145,0.13871045316371922,True,converged,1150076,250,1275
16,13,0.1875,0.0625,0.0625,0.03442923531080589,1.056071396936472,0.19481198132501315,True,converged,1150077,250,1275
16,16,0.0,0.125,0.0,-0.06299157784468397,1.01051804227881,0.12925724998063517,True,converged,1150078,250,1275
16,16,0.0,0.125,0.0625,-0.002875791403796433,1.0253927375454144,0.15602419715553315,True,converged,1150079,250,1275
16,16,0.0,0.0,0.0,0.060325075623172936,1.022753307403142,0.11521177169924984,True,converged,1400000,500,1025
16,16,0.0,0.0,0.0625,-0.009440124905151982,0.9629532790688456,0.08485801366320128,True,converged,1400001,500,1025
16,16,0.0,0.0,0.0,-0.030821419890790944,0.9347924314341165,0.09805604819034525,True,converged,1400002,500,1025
16,15,0.0625,0.0,0.125,0.09668151962600528,0.9961300977452662,0.08587872680413057,True,converged,1400003,500,1025
16,16,0.0,0.0,0.0,0.01005228522231301,1.0310584481459932,0.08086871102696658,True,converged,1400004,500,1025
16,16,0.0,0.0,0.0,0.05671997364055409,0.9900024227908132,0.06807562212978682,True,converged,1400005,500,1025
16,16,0.0,0.0,0.0,0.10695265816797037,1.0518036404096713,0.09982224894540023,True,converged,1400006,500,1025
16,16,0.0,0.0,0.0,0.18312144936959265,1.1086409472668444,0.09765663812744585,True,converged,1400007,500,1025
16,16,0.0,0.0,0.0,0.018536613551470155,1.0690422630898477,0.10171942655425764,True,converged,1400008,500,1025
16,16,0.0,0.0,0.0,-0.03399529302755576,0.9312148603322539,0.059362546845434586,True,converged,1400009,500,1025
16,16,0.0,0.0,0.0,-0.03689543614426127,0.9935606574722251,0.08135910812886585,True,converged,1400010,500,1025
16,16,0.0,0.0,0.0,0.12907383249099508,0.9015362726490205,0.08530825556404187,True,converged,1400011,500,1025
16,15,0.0625,0.0625,0.0,-0.037317111396694934,0.9632480898415291,0.10359848152105089,True,converged,1400012,500,1025
16,16,0.0,0.0,0.125,0.033183733033442527,0.9762293132583101,0.10310417156556544,True,converged,1400013,500,1025
16,16,0.0,0.0,0.0,-0.04841046072435563,0.9394904959583934,0.11316365799774165,True,converged,1400014,500,1025
16,16,0.0,0.0,0.0,0.02318625428316758,0.9470215149903813,0.0684521570056528,True,converged,1400015,500,1025
16,16,0.0,0.0,0.0,0.1213452953525857,0.9603162431224924,0.10117751703427441,True,converged,1400016,500,1025
16,16,0.0,0.0,0.0,-0.07479344659747134,0.9839138600122432,0.07583439023139477,True,converged,1400017,500,1025
16,13,0.1875,0.0,0.1875,-0.010309777208063397,1.077200011178292,0.0805585810045472,True,converged,1400018,500,1025
16,15,0.0625,0.0625,0.0,-0.003149942592649475,0.9736387893664066,0.1198328812766378,True,converged,1400019,500,1025
16,15,0.0625,0.0,0.0625,0.05740077999583572,1.0555853477388648,0.09477685318250804,True,converged,1400020,500,1025
16,16,0.0,0.0,0.0,-0.058210839570796494,0.9617652967259337,0.09053140805913766,True,converged,1400021,500,1025
16,16,0.0,0.0,0.0,-0.05063633003797546,0.9630207806375585,0.08047537641959236,True,converged,1400022,500,1025
16,15,0.0625,0.0,0.0625,-0.09914901202684548,1.0448284967910195,0.090245048996449,True,converged,1400023,500,1025
16,15,0.0625,0.0,0.0625,-0.01910439592130878,0.9881479995252043,0.09611908636142834,True,converged,1400024,500,1025
16,16,0.0,0.0,0.0,0.07006264460481261,0.981405245253417,0.09901355801181413,True,converged,1400025,500,1025
16,16,0.0,0.0,0.0,-0.10065266521625402,0.9568418630749642,0.11738508044126633,True,converged,1400026,500,1025
16,16,0.0,0.0,0.0,-0.02493422659285906,1.0360837207406821,0.11715148774631925,True,converged,1400027,500,1025
16,16,0.0,0.0,0.0,-0.07871166888071096,0.9594075153725963,0.08803230868628314,True,converged,1400028,500,1025
16,16,0.0,0.0,0.0,-0.04807636653493624,1.0120456708904104,0.11118406780933324,True,converged,1400029,500,1025
16,16,0.0,0.0,0.0,-0.05331295499275465,0.9510718076033516,0.058844468192375834,True,converged,1400030,500,1025
16,16,0.0,0.0,0.0,-0.10506092978050019,0.9716413289211137,0.10804562381688834,True,converged,1400031,500,1025
16,16,0.0,0.0,0.0,0.015020991003032162,0.9437962329876941,0.08052987206196591,True,converged,1400032,500,1025
16,14,0.125,0.125,0.0,0.018513211850731265,0.9711208747602647,0.1301797014035075,True,converged,1400033,500,1025
16,12,0.25,0.0625,0.125,-0.0029247962740620117,1.0132320273936823,0.10696831286316577,True,converged,1400034,500,1025
16,15,0.0625,0.0,0.0,-0.0015662185549736012,1.0023593199971936,0.10910893129852592,True,converged,1400035,500,1025
16,16,0.0,0.0,0.0625,0.0501622734732286,1.0372209584826848,0.10548371769806043,True,converged,1400036,500,1025
16,16,0.0,0.0,0.0,-0.05275989359060386,1.037501571203931,0.09534026986341199,True,converged,1400037,500,1025
16,16,0.0,0.0,0.0,-0.043558298450379625,1.0177431491549171,0.06927012244250379,True,converged,1400038,500,1025
16,16,0.0,0.0,0.0,0.025371042812768724,1.026361819139054,0.08310860917222322,True,converged,1400039,500,1025
16,14,0.125,0.0,0.0,0.10271374132994074,1.0402855500927775,0.07052395691720986,True,converged,1400040,500,1025
16,16,0.0,0.0,0.0,-0.01759322039245647,0.9743915919628576,0.10603317416294677,True,converged,1400041,500,1025
16,16,0.0,0.0,0.0625,0.05207819220329661,1.0079424165552635,0.10181077130676651,True,converged,1400042,500,1025
16,16,0.0,0.0,0.0,0.03634841941424723,0.9475536697338297,0.09052203511991608,True,converged,1400043,500,1025
16,16,0.0,0.0625,0.0,0.0377253294729612,1.0501726357210202,0.08351522104075307,True,converged,1400044,500,1025
16,16,0.0,0.0,0.0,-0.01015593135741656,1.0281633745396617,0.09820887479200523,True,converged,1400045,500,1025
16,14,0.125,0.0,0.0625,0.12978699982897735,0.9886772753660285,0.11805586999090961,True,converged,1400046,500,1025
16,16,0.0,0.0,0.0,0.003233929249863224,0.9858088009195297,0.0826147069838527,True,converged,1400047,500,1025
16,16,0.0,0.0,0.0,-0.013626410059847705,1.0037755060263787,0.07281288763279715,True,converged,1400048,500,1025
16,16,0.0,0.0,0.0,0.004913938978607553,1.0329527056374288,0.09567353401651973,True,converged,1400049,500,1025
16,16,0.0,0.0,0.0,-0.012916433824604116,0.9558269641174152,0.10228323920971086,True,converged,1400050,500,1025
16,15,0.0625,0.0,0.0,0.03552086357490959,1.0011952261937713,0.08823356627783674,True,converged,1400051,500,1025
16,13,0.1875,0.0625,0.1875,-0.038800984710100656,1.084393082069839,0.1008914571777022,True,converged,1400052,500,1025
16,16,0.0,0.0,0.0625,0.04744509829279031,0.9824362289967329,0.09472002785564337,True,converged,1400053,500,1025
16,16,0.0,0.0,0.0,-0.00747759296851456,1.0993241438306214,0.08389517479971292,True,converged,1400054,500,1025
16,16,0.0,0.0,0.0,-0.05616486515758583,1.0143440737585931,0.12717256203232957,True,converged,1400055,500,1025
16,16,0.0,0.0625,0.0,-0.08285271938168894,0.9314429067647774,0.09826948366050137,True,converged,1400056,500,1025
16,16,0.0,0.0,0.0,-0.04771334689252308,0.9684635915517642,0.09438436620041024,True,converged,1400057,500,1025
16,16,0.0,0.125,0.0,-0.014566412933653615,1.0281492737714863,0.09110639823996074,True,converged,1400058,500,1025
16,14,0.125,0.125,0.0,0.0358648062951706,1.050669240066715,0.10660432840303308,False,cycled,1400059,500,1025
16,16,0.0,0.0,0.125,0.04394595921922313,0.9877248031989754,0.04699979296852519,True,converged,1400060,500,1025
16,12,0.25,0.0625,0.0625,0.03867750723623935,1.004228086487998,0.1401379699190956,False,cycled,1400061,500,1025
16,12,0.25,0.0625,0.1875,-0.011018198824903708,1.0492250765778943,0.11968713464744606,True,converged,1400062,500,1025
16,16,0.0,0.0,0.0,0.008005067688332817,0.9749154794690119,0.07364329215995488,True,converged,1400063,500,1025
16,15,0.0625,0.0,0.125,-0.06526708305645214,0.9131213301946598,0.09091999886536672,True,converged,1400064,500,1025
16,16,0.0,0.0,0.0,0.023554236715604908,1.008051699631634,0.06480987762147641,True,converged,1400065,500,1025
16,16,0.0,0.0,0.0,0.03757861260752253,0.9443817924369912,0.09391483201728276,True,converged,1400066,500,1025
16,16,0.0,0.0625,0.0,0.036932571533754475,0.8813669405371337,0.09845610957434112,True,converged,1400067,500,1025
16,15,0.0625,0.0,0.0625,-0.0025227210043365896,0.9060637199920761,0.07935128590433593,True,converged,1400068,500,1025
16,16,0.0,0.0,0.0,0.05036251944781921,0.9636882565314163,0.06762878326684552,True,converged,1400069,500,1025
16,16,0.0,0.0,0.0,-0.032525731990647726,1.0158815652340194,0.12239826766606585,True,converged,1400070,500,1025
16,16,0.0,0.0,0.0,0.0225607062592375,0.95195676132348,0.08285539476438578,True,converged,1400071,500,1025
16,16,0.0,0.0,0.0625,0.03385613102664206,1.031768438848546,0.07858192418368776,True,converged,1400072,500,1025
16,16,0.0,0.0,0.0,0.03531271734297543,1.0037006081798558,0.07255834771324196,True,converged,1400073,500,1025
16,15,0.0625,0.0625,0.0,0.015695852570997954,1.0618506505617653,0.10217510439794156,True,converged,1400074,500,1025
16,16,0.0,0.0,0.0,0.08170925885690655,1.021918681591336,0.12929165458149383,True,converged,1400075,500,1025
16,14,0.125,0.0,0.1875,0.008478019479256799,0.9275954395111313,0.11620953649278119,True,converged,1400076,500,1025
16,16,0.0,0.0,0.0625,0.03956005366332662,0.9440537101633472,0.11978601586280299,True,converged,1400077,500,1025
16,16,0.0,0.0,0.0,-0.03144672785875795,0.9706987872395031,0.10058994908729535,True,converged,1400078,500,1025
16,13,0.1875,0.0,0.1875,-0.08032535705020066,1.0166371830906031,0.11240140544439217,True,converged,1400079,500,1025
16,12,0.25,0.0625,0.0625,-0.08567233012280953,0.9863699744399923,0.08559817394403686,False,cycled,1662000,762,763
16,16,0.0,0.0625,0.0,0.06599739759255158,1.030211476147422,0.08708205666198143,True,converged,1662001,762,763
16,16,0.0,0.1875,0.0,0.00833592007708292,1.0554389357022624,0.10930967335401043,True,converged,1662002,762,763
16,16,0.0,0.0,0.0,-0.02320935951807767,1.0693280585983869,0.11382227263646494,True,converged,1662003,762,763
16,11,0.3125,0.0625,0.25,-0.03662490431404799,1.0840731064291769,0.13977135186077314,True,converged,1662004,762,763
16,16,0.0,0.0,0.0625,0.07691945618859204,1.0640432972021439,0.08490243504422024,True,converged,1662005,762,763
16,15,0.0625,0.0,0.0625,-0.018771151545962622,1.056936685769726,0.09863241255533589,True,converged,1662006,762,763
16,14,0.125,0.125,0.0,-0.05694993206320276,1.0192015371576675,0.09725360799410837,True,converged,1662007,762,763
16,12,0.25,0.0625,0.1875,-0.01227342813401541,1.0065664861316135,0.06010162259700291,True,converged,1662008,762,763
16,13,0.1875,0.0625,0.0625,-0.08397643803635692,0.9895455655071826,0.1263042389080553,True,converged,1662009,762,763
16,14,0.125,0.125,0.0625,0.12790148581311062,1.0496932454048706,0.07118264968659019,True,converged,1662010,762,763
16,16,0.0,0.0,0.0,-0.044827697586644136,1.120014619020767,0.05821415551046272,True,converged,1662011,762,763
16,14,0.125,0.1875,0.0,0.007294604868919122,0.987358054309957,0.09592219481667506,True,converged,1662012,762,763
16,9,0.4375,0.1875,0.3125,-0.012332390472207928,0.9218651060248488,0.09144011700390352,True,converged,1662013,762,763
16,10,0.375,0.125,0.3125,-0.045415515621537395,1.0279978278618909,0.12622821093216452,True,converged,1662014,762,763
16,13,0.1875,0.0,0.1875,-0.059513356378425364,0.9238634766905056,0.07658379120769368,False,capped,1662015,762,763
16,13,0.1875,0.125,0.0625,0.048581274039678685,0.9759849977176338,0.11607370166725539,True,converged,1662016,762,763
16,15,0.0625,0.0,0.0625,0.00567361269634546,0.9906587356167506,0.08048829060363993,True,converged,1662017,762,763
16,16,0.0,0.0625,0.0,0.032792950174979046,0.9476104694005182,0.09367127753608173,True,converged,1662018,762,763
16,13,0.1875,0.0,0.25,0.02946143140238386,0.9868170618019761,0.14138030442768995,True,converged,1662019,762,763
16,16,0.0,0.0,0.0625,-0.05814353147565393,1.058228862594014,0.09460856240560057,True,converged,1662020,762,763
16,15,0.0625,0.0625,0.0,0.09505602403623634,0.9249036791059122,0.08787169079723318,True,converged,1662021,762,763
16,14,0.125,0.0625,0.125,0.0035601053504389617,0.9321568730211046,0.10331995134286065,False,capped,1662022,762,763
16,13,0.1875,0.0,0.25,0.005518443298730388,0.9716434078858573,0.09699925603017928,True,converged,1662023,762,763
16,14,0.125,0.125,0.0,0.009639379995362192,0.9719416986500182,0.10519084695959302,True,converged,1662024,762,763
16,16,0.0,0.0,0.0,-0.003155788757616046,1.0691782404266472,0.07619105991947389,True,converged,1662025,762,763
16,13,0.1875,0.125,0.0625,-0.07026674645744205,1.0029827365883848,0.09412841218620317,False,capped,1662026,762,763
16,16,0.0,0.0,0.0,0.10137035751349868,1.0876021342360869,0.08773443120835905,True,converged,1662027,762,763
16,15,0.0625,0.0,0.0625,0.071943775862424,1.1694572901358857,0.10791830291320356,True,converged,1662028,762,763
16,16,0.0,0.0625,0.0,-0.026857932428879863,0.9773182348753592,0.06623427979998153,True,converged,1662029,762,763
16,16,0.0,0.0,0.0,0.06086829619521712,0.9546331561031834,0.08596058247508728,True,converged,1662030,762,763
16,15,0.0625,0.0625,0.0625,0.015324276038204512,1.0155713962690593,0.09564186374375719,True,converged,1662031,762,763
16,13,0.125,0.0625,0.125,0.08041983923148258,0.9580812112548198,0.07065318985018945,False,cycled,1662032,762,763
16,16,0.0,0.0,0.0,-0.020335784195639292,0.9881918220305089,0.08171079829845271,True,converged,1662033,762,763
16,12,0.25,0.1875,0.0625,0.00442955653578975,0.9457378538740604,0.09981716151936101,True,converged,1662034,762,763
16,15,0.0625,0.0,0.0625,0.024976267858291983,0.9748390754801679,0.08145493282490872,True,converged,1662035,762,763
16,16,0.0,0.0,0.0,-0.003411053451242826,1.0223440333900813,0.0777923808185611,True,converged,1662036,762,763
16,16,0.0,0.0,0.0,-0.03839993770665297,1.0569234645223642,0.10676211430062191,True,converged,1662037,762,763
16,10,0.375,0.0625,0.3125,-0.06693857300853538,0.9045941881246038,0.10241277305569511,True,converged,1662038,762,763
16,16,0.0,0.0625,0.125,-0.06815576547036484,0.9648302237675609,0.09998657231766495,True,converged,1662039,762,763
16,15,0.0625,0.0625,0.125,0.05994591656527389,0.9419713339562183,0.10834577306707689,True,converged,1662040,762,763
16,13,0.1875,0.1875,0.0625,0.013714525958016957,1.017457247352721,0.09761809851127519,True,converged,1662041,762,763
16,9,0.4375,0.125,0.1875,-0.1053773859302614,1.0429386000685628,0.10112246088936916,False,capped,1662042,762,763
16,16,0.0,0.0,0.0,0.052412883045781324,1.0161257750996693,0.0610965046304693,True,converged,1662043,762,763
16,14,0.125,0.0625,0.0625,-0.07190826093781663,0.9885560122184505,0.10725503762639632,True,converged,1662044,762,763
16,15,0.0625,0.0625,0.0,-0.003993045632550293,0.9807916730622608,0.05754057518628261,True,converged,1662045,762,763
16,12,0.25,0.0,0.25,0.04041220285641734,1.0396475370071783,0.09081440832128533,True,converged,1662046,762,763
16,9,0.4375,0.1875,0.1875,0.10439518784591334,1.01407050686434,0.08713688007652144,True,converged,1662047,762,763
16,15,0.0625,0.0,0.0625,0.005246252569494779,0.9810708218683822,0.08441774311750386,True,converged,1662048,762,763
16,13,0.1875,0.125,0.0625,-0.08056587149599403,0.9319466837297459,0.08927634677985262,True,converged,1662049,762,763
16,14,0.125,0.0,0.0625,0.07512607605456695,0.9161704543703441,0.061389537351817874,True,converged,1662050,762,763
16,16,0.0,0.0,0.0,-0.0174373364312699,0.9671311075153354,0.0829601234039939,True,converged,1662051,762,763
16,16,0.0,0.0,0.0,-0.03982728006954389,0.9661732774754263,0.09255492456549266,True,converged,1662052,762,763
16,16,0.0,0.0,0.0,-0.020741998374462136,1.0166773952202866,0.08182512761581509,True,converged,1662053,762,763
16,16,0.0,0.0,0.0,0.09279685574822467,1.0233735814245821,0.09016335323658742,True,converged,1662054,762,763
16,15,0.0625,0.0,0.0625,-0.007401716953591426,0.9834063590302503,0.0646103696547202,True,converged,1662055,762,763
16,14,0.125,0.125,0.0,-0.031048181513501593,1.0166823657445934,0.11672625852365215,True,converged,1662056,762,763
16,14,0.125,0.0625,0.0625,0.08103265121002007,1.008945103697907,0.057407460449430334,True,converged,1662057,762,763
16,16,0.0,0.0,0.0,0.01766589524161076,1.0075009890317554,0.06045088510329222,True,converged,1662058,762,763
16,16,0.0,0.0,0.25,-0.02842515664265514,0.9590322828523532,0.062548466327355,True,converged,1662059,762,763
16,12,0.25,0.125,0.0625,-0.003700694005566504,0.9138049642263936,0.0958425686288264,True,converged,1662060,762,763
16,16,0.0,0.0,0.0625,0.10659259660130521,0.935984853895725,0.05774101684127324,True,converged,1662061,762,763
16,13,0.1875,0.25,0.0,0.07184938218949385,0.9402228015283289,0.13701729469200358,True,converged,1662062,762,763
16,12,0.25,0.0625,0.0625,-0.08047842193534042,1.0448961943832333,0.10031867265039673,True,converged,1662063,762,763
16,16,0.0,0.0,0.0,0.04829519415407441,0.9842079823948904,0.07637705808945805,True,converged,1662064,762,763
16,16,0.0,0.0,0.0,-0.07528193524641635,0.9245417901465037,0.09950162319445177,True,converged,1662065,762,763
16,16,0.0,0.0625,0.0,0.028055840214362176,0.9521032837758536,0.09735807671833897,True,converged,1662066,762,763
16,15,0.0625,0.0,0.0625,0.041987910933164375,0.9333373491968212,0.07132860240709675,True,converged,1662067,762,763
16,13,0.1875,0.0625,0.125,-0.008905610493708036,1.0499851892927816,0.09640523811151336,True,converged,1662068,762,763
16,15,0.0625,0.0625,0.125,0.021317461667162592,1.0659210913183401,0.07678291254768688,True,converged,1662069,762,763
16,15,0.0625,0.0625,0.125,-0.00438655187954727,1.049524836067902,0.08728958194468214,True,converged,1662070,762,763
16,9,0.375,0.1875,0.0,0.0722775764668023,0.9968213743080607,0.1005564883287442,False,cycled,1662071,762,763
16,16,0.0,0.0,0.0,-0.05959702663747081,1.0411561829749825,0.08923497775165573,True,converged,1662072,762,763
16,13,0.1875,0.125,0.0625,-0.03615756565403484,0.9812702002811161,0.07182572241652699,True,converged,1662073,762,763
16,12,0.25,0.0,0.1875,-0.027603940163795283,0.925903067800476,0.06002406092832227,True,converged,1662074,762,763
16,16,0.0,0.125,0.0,-0.03644177183871246,1.0188899758463799,0.06988852253735427,True,converged,1662075,762,763
16,16,0.0,0.0,0.0,0.09143536179709913,1.0747516015711482,0.0712273349438735,True,converged,1662076,762,763
16,16,0.0,0.25,0.0625,0.04496048483496638,0.9904542054762422,0.11160558685616329,True,converged,1662077,762,763
16,12,0.25,0.0625,0.1875,-0.04331738890637672,0.9027342969202496,0.10397603060377619,True,converged,1662078,762,763
16,16,0.0,0.0,0.0625,0.130086168773639,1.0772715545945917,0.07417177440101005,True,converged,1662079,762,763
