rep,dif_rate,rmsd_min,G2_min,a_sd,b0
0,0.84,0.2955590554896432,741.5521837431312,0.321454966605432,-0.6737365204481305
1,0.8,0.2945144610477558,737.4506438817782,0.31831360498098826,-0.6550576338124278
2,0.84,0.29440434834560375,736.7330570161756,0.315304690814516,-0.66268176403365
3,0.84,0.2947176679574369,738.3177627241323,0.3260531791400091,-0.63373713057577
4,0.84,0.29397066429261126,734.91846458022,0.3181200449846714,-0.659512706311996
5,0.84,0.29450650338170165,737.14496297501,0.3176129672279036,-0.6576629620768365
6,0.88,0.29599954207681123,743.1602603948093,0.3212790909108585,-0.6738100699752598
7,0.84,0.29430412271155937,736.2530302573787,0.3297252816281419,-0.6409841526411497
8,0.84,0.29516521098141707,740.1726480730036,0.3214174181546621,-0.6512962127506619
9,0.84,0.29461442914812047,737.2027514898331,0.3300610332361117,-0.6706096764856841
10,0.8,0.29332479259733896,731.7656811751439,0.3270984125958419,-0.6648066303778908
11,0.8,0.29452199789760397,737.2688619134339,0.3234855885156053,-0.6751793382745338
12,0.84,0.292846974815318,729.4914336585703,0.32569222347675086,-0.6659201120247752
13,0.84,0.2949277116681142,739.3042104637651,0.324726112463903,-0.6750600966358338
14,0.84,0.2950415227263265,739.4237479562312,0.32830877597265246,-0.6639978954641123
15,0.84,0.29436698087517643,737.0927392491915,0.31192230686193834,-0.6514927738185484
16,0.88,0.2941587305208387,735.0992281399211,0.33439046090165675,-0.6413069543419375
17,0.84,0.29441071973544686,737.0932748796426,0.31933182464442783,-0.6393776270548772
18,0.88,0.29521089071492157,740.663913662009,0.322938833723095,-0.658921274976535
19,0.8,0.294315018389545,736.7628330632422,0.33153432293457447,-0.6323042233106226
20,0.8,0.2942051452604568,735.9075124020778,0.302597972918212,-0.6693820393236747
21,0.84,0.2949029481848011,738.9421298238144,0.3061308444391,-0.6712003652158901
22,0.8,0.29553060546197085,742.3271327629911,0.31461708473887173,-0.681607980109652
23,0.84,0.2948052965739809,738.3141022933618,0.3244737709057094,-0.6709769498576567
24,0.8,0.29491940705940484,739.37552670889,0.3265545885086087,-0.6629346514947454
25,0.84,0.2948657524997214,738.6650580692922,0.323672727854012,-0.6578031900644645
26,0.84,0.29413646772892627,735.418748811253,0.3155393134951832,-0.6689231117056937
27,0.88,0.2945324960672347,736.7445931659438,0.33508993403226117,-0.667025906853998
28,0.88,0.295237172336386,740.1132066754068,0.31869250372211033,-0.6639431987278949
29,0.84,0.29448715745858084,737.4876432668306,0.32607805110150545,-0.6866646719058714
30,0.8,0.29397773757907836,733.9284693883479,0.33227650729914476,-0.6686722298425304
31,0.84,0.29377650795797094,734.1742835524486,0.31681631305089947,-0.6721252734462242
32,0.8,0.2947215717838615,738.1260581326319,0.31702407640722846,-0.6758669769566362
33,0.88,0.2940621310993866,735.0509592200378,0.32927969323558465,-0.6426900867835338
34,0.88,0.2943276073347996,736.49478773686,0.3222975357693372,-0.6715973134457681
35,0.84,0.294985800840605,739.131034976838,0.3189914177237558,-0.6702938024030333
36,0.84,0.2944976321841546,737.1268597890211,0.3245819515855217,-0.6604822850115402
37,0.84,0.29609432025598464,744.6143594179358,0.317728891914526,-0.6662811700766038
38,0.8,0.2937321990058438,734.08225603713,0.32862762812339247,-0.6542085191433088
39,0.8,0.29559573546042617,742.3445549371748,0.3086588673515829,-0.6393701230003438
40,0.84,0.29475162820665934,737.7289904104452,0.3223313471766849,-0.6372673547874607
41,0.84,0.2932851754147296,731.9452538368449,0.33276540928033027,-0.6636296046957869
42,0.84,0.29467979314131976,737.612801938495,0.3245771481544981,-0.6687404625561549
43,0.84,0.2954271362146235,741.9249133734929,0.3018435522228992,-0.6944629997744534
44,0.88,0.2944234940979349,736.2831945867059,0.3235119089182946,-0.6630874012779072
45,0.88,0.2938311780034271,734.5926248409069,0.3212223763877678,-0.6648633608447028
46,0.84,0.2953542308482163,741.0610773153735,0.3331525906304013,-0.652645343420028
47,0.84,0.29479132646281336,738.5958258233479,0.3185812398334325,-0.6657794861590135
48,0.84,0.2948554552997384,738.8007462036691,0.3292531786206447,-0.659837881332128
49,0.84,0.2952631919486502,740.563170738865,0.32247228328490846,-0.6380309926129688
