item,N,p,a,b
VR.04,29975,0.6744954128440367,1.6506755817146122,-0.6622046194381566
VR.09,25402,0.7031336115266514,0.7767503605294575,-1.2397617056475794
VR.11,26644,0.8564029425011259,1.1338124817728672,-1.9338543346701622
VR.13,24147,0.2439226404936431,0.7675071438329816,1.6315064895106437
VR.14,26100,0.7397701149425288,1.5859075441338009,-0.9606025435257619
VR.16,31727,0.6946134207457371,1.2020923589502037,-0.8919153727047336
VR.17,31552,0.72920892494929,1.6356416053001106,-0.9068674116603144
VR.18,26474,0.9602628994485155,1.0361603925523826,-3.528365675862158
VR.19,30556,0.6142492472836759,1.1669903328142757,-0.5230185118091278
VR.23,24928,0.2699775353016688,0.9631427773940496,1.2487166542680301
VR.26,13108,0.3843454379005188,0.5827337166196238,0.8687868614617242
VR.31,26272,0.8964296589524969,1.4476488646450272,-1.982415278222162
VR.32,25419,0.548408670679413,1.0573894902093492,-0.2283478261427328
VR.36,25076,0.39914659435316635,0.9109068694080026,0.5249621394501724
VR.39,26433,0.9115499564937767,1.0366587975100363,-2.6540514515001465
VR.42,25108,0.6566433009399395,0.720901838751702,-0.98563991803204
LN.01,31239,0.7894939018534524,1.8034676466994586,-1.1404336705752491
LN.03,31173,0.5853142142238476,1.4891831284267067,-0.3565001686846067
LN.05,31486,0.7486184335895318,1.295822005790146,-1.0805205138743252
LN.06,34097,0.45787019385869726,1.1484223668278983,0.19146599565709987
LN.07,36346,0.6202608265008529,1.503510188004496,-0.44531003402897057
LN.33,39384,0.5867103392240504,1.2454920086270926,-0.3696559271926588
LN.34,36655,0.6246351111717364,1.503927762335715,-0.4769687768202365
LN.35,34372,0.46648434772489233,0.958124873453172,0.16027550527522214
LN.58,39047,0.4201859297769355,1.4442557137438727,0.28998952964020125
