item,a,b
VR.04,1.9738771370665484,-0.43593318629300803
VR.09,0.8309524020668253,-0.9080748766676344
VR.11,1.1960128173679692,-1.7115069743892832
VR.13,1.4836364149661676,1.643162490733365
VR.14,1.8085811591488983,-0.7443364954154963
VR.16,1.3324624616375795,-0.6399431113288334
VR.17,1.8549044879916516,-0.6984081474317007
VR.18,1.0838706926282538,-3.283471584632518
VR.19,1.3219949359310712,-0.2564545185218877
VR.23,1.691502198094843,1.379747533457258
VR.26,0.7571072612732627,1.2739553895536342
VR.31,1.5612752115845443,-1.7849489364999405
VR.32,1.2237749069556747,0.06382214162433988
VR.36,1.2950863835687676,0.7975560385694119
VR.39,1.074624484403439,-2.4403823772667006
VR.42,0.7912928956988282,-0.6105620653725395
LN.01,2.0444453303886574,-0.9474180534305578
LN.03,1.8144491082267489,-0.1174617674656811
LN.05,1.460487195436267,-0.8324289746093188
LN.06,1.6771077535505512,0.451072574265809
LN.07,1.8317792633306766,-0.20440672598728898
LN.33,1.551848350113327,-0.09639012946727146
LN.34,1.7999864939087329,-0.23891441945346478
LN.35,1.288337660695997,0.4575983923156667
LN.58,2.261715415483835,0.5090459105780657
