mode,grp,rep,rate,flags,inj,typeI,power,mu,sigma,status
null,-1,0,0.0,0000000000000000000000000,0000000000000000000000000,0.0,,-1.2012852072788838,0.13758217878918852,converged
null,-1,1,0.0,0000000000000000000000000,0000000000000000000000000,0.0,,-1.1975490651276548,0.1830499022756893,converged
null,-1,2,0.0,0000000000000000000000000,0000000000000000000000000,0.0,,-1.1911305137622445,0.21718176586987856,converged
null,-1,3,0.0,0000000000000000000000000,0000000000000000000000000,0.0,,-1.197070005390688,0.18245603457863338,converged
null,-1,4,0.0,0000000000000000000000000,0000000000000000000000000,0.0,,-1.1939401118572706,0.1826010024518968,converged
null,-1,5,0.0,0000000000000000000000000,0000000000000000000000000,0.0,,-1.2066659195405016,0.18409924672505654,converged
null,-1,6,0.0,0000000000000000000000000,0000000000000000000000000,0.0,,-1.1841736288280575,0.2314123822538775,converged
null,-1,7,0.0,0000000000000000000000000,0000000000000000000000000,0.0,,-1.20155280977291,0.14009868926031468,converged
null,-1,8,0.0,0000000000000000000000000,0000000000000000000000000,0.0,,-1.2479803584251346,0.25537277066780534,converged
null,-1,9,0.0,0000000000000000000000000,0000000000000000000000000,0.0,,-1.189177716159191,0.1585183736743322,converged
null,-1,10,0.0,0000000000000000000000000,0000000000000000000000000,0.0,,-1.2093686387135256,0.2106648807566721,converged
null,-1,11,0.0,0000000000000000000000000,0000000000000000000000000,0.0,,-1.1709989797501361,0.1743685848163836,converged
null,-1,12,0.0,0000000000000000000000000,0000000000000000000000000,0.0,,-1.2064285143190003,0.20693778210477343,converged
null,-1,13,0.0,0000000000000000000000000,0000000000000000000000000,0.0,,-1.192332768919298,0.12632980417184805,converged
null,-1,14,0.0,0000000000000000000000000,0000000000000000000000000,0.0,,-1.1955345055986795,0.21754179025688997,converged
null,-1,15,0.0,0000000000000000000000000,0000000000000000000000000,0.0,,-1.2139193917024582,0.18249533203105625,converged
null,-1,16,0.0,0000000000000000000000000,0000000000000000000000000,0.0,,-1.210800968327153,0.13797895040589792,converged
null,-1,17,0.0,0000000000000000000000000,0000000000000000000000000,0.0,,-1.1992471238780777,0.1985154288815523,converged
null,-1,18,0.0,0000000000000000000000000,0000000000000000000000000,0.0,,-1.2059627269641426,0.13170690683358546,converged
null,-1,19,0.0,0000000000000000000000000,0000000000000000000000000,0.0,,-1.2070897213303524,0.14011974988181702,converged
null,-1,20,0.0,0000000000000000000000000,0000000000000000000000000,0.0,,-1.2013791175799142,0.24369470762739143,converged
null,-1,21,0.0,0000000000000000000000000,0000000000000000000000000,0.0,,-1.215271256170803,0.19995754315706324,converged
null,-1,22,0.0,0000000000000000000000000,0000000000000000000000000,0.0,,-1.1781642749161514,0.18542056715574176,converged
null,-1,23,0.04,0000000000000000000010000,0000000000000000000000000,0.04,,-1.194716363346692,0.1652033232356296,converged
null,-1,24,0.0,0000000000000000000000000,0000000000000000000000000,0.0,,-1.1971430495181492,0.18742122159365412,converged
null,-1,25,0.0,0000000000000000000000000,0000000000000000000000000,0.0,,-1.2093949401567634,0.17893700676267624,converged
null,-1,26,0.0,0000000000000000000000000,0000000000000000000000000,0.0,,-1.1961274933388166,0.1745202929158548,converged
null,-1,27,0.0,0000000000000000000000000,0000000000000000000000000,0.0,,-1.2281698044997063,0.18668900004559785,converged
null,-1,28,0.0,0000000000000000000000000,0000000000000000000000000,0.0,,-1.1920827325582972,0.19011971054263518,converged
null,-1,29,0.0,0000000000000000000000000,0000000000000000000000000,0.0,,-1.1799100698972262,0.14699108262832056,converged
null,-1,30,0.0,0000000000000000000000000,0000000000000000000000000,0.0,,-1.2418751176598313,0.2619103682343477,converged
null,-1,31,0.0,0000000000000000000000000,0000000000000000000000000,0.0,,-1.2209880531584805,0.15210116010521446,converged
null,-1,32,0.0,0000000000000000000000000,0000000000000000000000000,0.0,,-1.1935576094456986,0.18377455857544192,converged
null,-1,33,0.0,0000000000000000000000000,0000000000000000000000000,0.0,,-1.1774670998452184,0.2042346117176683,converged
null,-1,34,0.0,0000000000000000000000000,0000000000000000000000000,0.0,,-1.1993243822474446,0.1663293153206937,converged
null,-1,35,0.0,0000000000000000000000000,0000000000000000000000000,0.0,,-1.2044411736365834,0.18856671202885178,converged
null,-1,36,0.0,0000000000000000000000000,0000000000000000000000000,0.0,,-1.1982324425823867,0.23861558459973145,converged
null,-1,37,0.0,0000000000000000000000000,0000000000000000000000000,0.0,,-1.2026215328915635,0.19650288891959286,converged
null,-1,38,0.0,0000000000000000000000000,0000000000000000000000000,0.0,,-1.2072284072343655,0.15663146313327397,converged
null,-1,39,0.0,0000000000000000000000000,0000000000000000000000000,0.0,,-1.1885630834798508,0.1605114450973561,converged
null,-1,40,0.0,0000000000000000000000000,0000000000000000000000000,0.0,,-1.1619175606495893,0.1437193295448849,converged
null,-1,41,0.0,0000000000000000000000000,0000000000000000000000000,0.0,,-1.2047823357413274,0.1714778116783167,converged
null,-1,42,0.0,0000000000000000000000000,0000000000000000000000000,0.0,,-1.2042713041449704,0.19706242070313876,converged
null,-1,43,0.0,0000000000000000000000000,0000000000000000000000000,0.0,,-1.2205948244981146,0.19397448708455237,converged
null,-1,44,0.0,0000000000000000000000000,0000000000000000000000000,0.0,,-1.200183548287656,0.15738875343074338,converged
null,-1,45,0.0,0000000000000000000000000,0000000000000000000000000,0.0,,-1.2113285458178051,0.20545232556677478,converged
null,-1,46,0.0,0000000000000000000000000,0000000000000000000000000,0.0,,-1.2051820593781033,0.206175099693713,converged
null,-1,47,0.0,0000000000000000000000000,0000000000000000000000000,0.0,,-1.2465702736314648,0.16197914733863295,converged
null,-1,48,0.0,0000000000000000000000000,0000000000000000000000000,0.0,,-1.226210697679157,0.1921162501816743,converged
null,-1,49,0.0,0000000000000000000000000,0000000000000000000000000,0.0,,-1.2056139630920961,0.21214181354368988,converged
null,-1,50,0.0,0000000000000000000000000,0000000000000000000000000,0.0,,-1.211400916977945,0.14994608711303611,converged
null,-1,51,0.0,0000000000000000000000000,0000000000000000000000000,0.0,,-1.1985602008554368,0.1702499113834252,converged
null,-1,52,0.0,0000000000000000000000000,0000000000000000000000000,0.0,,-1.1909511159865183,0.15666778964974806,converged
null,-1,53,0.0,0000000000000000000000000,0000000000000000000000000,0.0,,-1.1994544237336038,0.1719951745398299,converged
null,-1,54,0.0,0000000000000000000000000,0000000000000000000000000,0.0,,-1.1943089348929379,0.18070162230077713,converged
null,-1,55,0.0,0000000000000000000000000,0000000000000000000000000,0.0,,-1.1931895765750853,0.17583058575846205,converged
null,-1,56,0.0,0000000000000000000000000,0000000000000000000000000,0.0,,-1.2183602259759534,0.1749016488293747,converged
null,-1,57,0.0,0000000000000000000000000,0000000000000000000000000,0.0,,-1.2109389461536768,0.16739491217031718,converged
null,-1,58,0.0,0000000000000000000000000,0000000000000000000000000,0.0,,-1.1779252546095162,0.12953867486620577,converged
null,-1,59,0.0,0000000000000000000000000,0000000000000000000000000,0.0,,-1.2112915797791226,0.1968885996336449,converged
null,-1,60,0.0,0000000000000000000000000,0000000000000000000000000,0.0,,-1.1836927436368732,0.17853573585531954,converged
null,-1,61,0.0,0000000000000000000000000,0000000000000000000000000,0.0,,-1.2094210628926818,0.21914247321028457,converged
null,-1,62,0.0,0000000000000000000000000,0000000000000000000000000,0.0,,-1.2018496470141682,0.19872912457898934,converged
null,-1,63,0.0,0000000000000000000000000,0000000000000000000000000,0.0,,-1.1936403914637814,0.15125886145160178,converged
null,-1,64,0.0,0000000000000000000000000,0000000000000000000000000,0.0,,-1.1781695636098286,0.19178916170551644,converged
null,-1,65,0.0,0000000000000000000000000,0000000000000000000000000,0.0,,-1.1938926733786515,0.17601164926077617,converged
null,-1,66,0.0,0000000000000000000000000,0000000000000000000000000,0.0,,-1.2027566451785772,0.1708950223758042,converged
null,-1,67,0.0,0000000000000000000000000,0000000000000000000000000,0.0,,-1.190203019430455,0.22785458524733423,converged
null,-1,68,0.0,0000000000000000000000000,0000000000000000000000000,0.0,,-1.1811385590918773,0.15311861829805873,converged
null,-1,69,0.0,0000000000000000000000000,0000000000000000000000000,0.0,,-1.1963257345932279,0.20609082468550852,converged
null,-1,70,0.0,0000000000000000000000000,0000000000000000000000000,0.0,,-1.2191334572662316,0.2578621381277704,converged
null,-1,71,0.0,0000000000000000000000000,0000000000000000000000000,0.0,,-1.2001531930678229,0.19531748390232526,converged
null,-1,72,0.0,0000000000000000000000000,0000000000000000000000000,0.0,,-1.2142935710707692,0.1883011409737042,converged
null,-1,73,0.0,0000000000000000000000000,0000000000000000000000000,0.0,,-1.214277111508135,0.13654576562494852,converged
null,-1,74,0.0,0000000000000000000000000,0000000000000000000000000,0.0,,-1.2362190994098594,0.13553016965238265,converged
null,-1,75,0.0,0000000000000000000000000,0000000000000000000000000,0.0,,-1.2069115843102771,0.1866808106492312,converged
null,-1,76,0.0,0000000000000000000000000,0000000000000000000000000,0.0,,-1.2418723770530469,0.19256589475079516,converged
null,-1,77,0.0,0000000000000000000000000,0000000000000000000000000,0.0,,-1.1803669713091356,0.20658504315255857,converged
null,-1,78,0.0,0000000000000000000000000,0000000000000000000000000,0.0,,-1.2178413163416337,0.17047190280273294,converged
null,-1,79,0.0,0000000000000000000000000,0000000000000000000000000,0.0,,-1.2031140222194596,0.13494357409934227,converged
null,-1,80,0.0,0000000000000000000000000,0000000000000000000000000,0.0,,-1.186561331771712,0.19964944900739023,converged
null,-1,81,0.0,0000000000000000000000000,0000000000000000000000000,0.0,,-1.2159237490093917,0.16450586843297266,converged
null,-1,82,0.0,0000000000000000000000000,0000000000000000000000000,0.0,,-1.241181964500293,0.163198661973779,converged
null,-1,83,0.0,0000000000000000000000000,0000000000000000000000000,0.0,,-1.215634487989898,0.2031461057496534,converged
null,-1,84,0.0,0000000000000000000000000,0000000000000000000000000,0.0,,-1.2037557441834688,0.11317499764627627,converged
null,-1,85,0.0,0000000000000000000000000,0000000000000000000000000,0.0,,-1.2152813113732388,0.18373849827888958,converged
null,-1,86,0.0,0000000000000000000000000,0000000000000000000000000,0.0,,-1.2151957379711407,0.19084275996402733,converged
null,-1,87,0.0,0000000000000000000000000,0000000000000000000000000,0.0,,-1.1916201460855735,0.15679845784335986,converged
null,-1,88,0.0,0000000000000000000000000,0000000000000000000000000,0.0,,-1.2201593331297873,0.14729446687636344,converged
null,-1,89,0.0,0000000000000000000000000,0000000000000000000000000,0.0,,-1.2231503386825726,0.21622119878176557,converged
null,-1,90,0.0,0000000000000000000000000,0000000000000000000000000,0.0,,-1.1982220953008023,0.13891468831141468,converged
null,-1,91,0.0,0000000000000000000000000,0000000000000000000000000,0.0,,-1.1655640866387316,0.18215295483141908,converged
null,-1,92,0.0,0000000000000000000000000,0000000000000000000000000,0.0,,-1.1850823784417381,0.15697055960790068,converged
null,-1,93,0.0,0000000000000000000000000,0000000000000000000000000,0.0,,-1.2153028058085429,0.19724544765914737,converged
null,-1,94,0.0,0000000000000000000000000,0000000000000000000000000,0.0,,-1.1997666680617245,0.1876382549414524,converged
null,-1,95,0.0,0000000000000000000000000,0000000000000000000000000,0.0,,-1.2014388335437327,0.11172878974441071,converged
null,-1,96,0.0,0000000000000000000000000,0000000000000000000000000,0.0,,-1.1861420884966845,0.2255832376092992,converged
null,-1,97,0.0,0000000000000000000000000,0000000000000000000000000,0.0,,-1.2066902525318266,0.13367447230055113,converged
null,-1,98,0.0,0000000000000000000000000,0000000000000000000000000,0.0,,-1.1971054839826003,0.21111832649496023,converged
null,-1,99,0.0,0000000000000000000000000,0000000000000000000000000,0.0,,-1.2150948419587577,0.22128229210725173,converged
null,-1,100,0.0,0000000000000000000000000,0000000000000000000000000,0.0,,-1.2352320750134953,0.18354997859440036,converged
null,-1,101,0.0,0000000000000000000000000,0000000000000000000000000,0.0,,-1.2204715854174306,0.20247843567619472,converged
null,-1,102,0.0,0000000000000000000000000,0000000000000000000000000,0.0,,-1.2063809130816794,0.17106770299115637,converged
null,-1,103,0.0,0000000000000000000000000,0000000000000000000000000,0.0,,-1.2048273758437764,0.16900101579311969,converged
null,-1,104,0.0,0000000000000000000000000,0000000000000000000000000,0.0,,-1.2021600238843768,0.17885585910176088,converged
null,-1,105,0.0,0000000000000000000000000,0000000000000000000000000,0.0,,-1.210369392513575,0.15368226262696236,converged
null,-1,106,0.0,0000000000000000000000000,0000000000000000000000000,0.0,,-1.2069090927580386,0.21850269103238196,converged
null,-1,107,0.04,0000000000000100000000000,0000000000000000000000000,0.04,,-1.230301046513441,0.24521516573779964,converged
null,-1,108,0.0,0000000000000000000000000,0000000000000000000000000,0.0,,-1.2175104849139622,0.1837468978225719,converged
null,-1,109,0.0,0000000000000000000000000,0000000000000000000000000,0.0,,-1.210438796872183,0.19722168051800137,converged
null,-1,110,0.0,0000000000000000000000000,0000000000000000000000000,0.0,,-1.2009551594607981,0.14187669965906952,converged
null,-1,111,0.0,0000000000000000000000000,0000000000000000000000000,0.0,,-1.198477254867186,0.203289017452247,converged
null,-1,112,0.0,0000000000000000000000000,0000000000000000000000000,0.0,,-1.1908612962539733,0.12762172412643033,converged
null,-1,113,0.0,0000000000000000000000000,0000000000000000000000000,0.0,,-1.2031021172649312,0.18107302402355419,converged
null,-1,114,0.0,0000000000000000000000000,0000000000000000000000000,0.0,,-1.2003748093847877,0.18558895240420203,converged
null,-1,115,0.0,0000000000000000000000000,0000000000000000000000000,0.0,,-1.1919017265670926,0.1715404475449502,converged
null,-1,116,0.0,0000000000000000000000000,0000000000000000000000000,0.0,,-1.2082187220072047,0.1714029032658084,converged
null,-1,117,0.04,0000000000000000000000010,0000000000000000000000000,0.04,,-1.220971521728519,0.2036016464207103,converged
null,-1,118,0.0,0000000000000000000000000,0000000000000000000000000,0.0,,-1.2170100929952736,0.16732386457990964,converged
null,-1,119,0.0,0000000000000000000000000,0000000000000000000000000,0.0,,-1.2017166990012593,0.1278872052467276,converged
null,-1,120,0.0,0000000000000000000000000,0000000000000000000000000,0.0,,-1.2294732277088651,0.17820823171425934,converged
null,-1,121,0.0,0000000000000000000000000,0000000000000000000000000,0.0,,-1.1976592101433792,0.17463711575491128,converged
null,-1,122,0.0,0000000000000000000000000,0000000000000000000000000,0.0,,-1.2128250553915119,0.13329041941872516,converged
null,-1,123,0.0,0000000000000000000000000,0000000000000000000000000,0.0,,-1.198482490135719,0.18962076505256545,converged
null,-1,124,0.0,0000000000000000000000000,0000000000000000000000000,0.0,,-1.2108107326954465,0.17971788143951392,converged
null,-1,125,0.0,0000000000000000000000000,0000000000000000000000000,0.0,,-1.1965139433995102,0.2285734552688699,converged
null,-1,126,0.0,0000000000000000000000000,0000000000000000000000000,0.0,,-1.1895728921499722,0.17450705625350132,converged
null,-1,127,0.0,0000000000000000000000000,0000000000000000000000000,0.0,,-1.2130867171636974,0.17410222858544866,converged
null,-1,128,0.0,0000000000000000000000000,0000000000000000000000000,0.0,,-1.2019457877932855,0.16369543743544232,converged
null,-1,129,0.0,0000000000000000000000000,0000000000000000000000000,0.0,,-1.220749197967903,0.18838278365691,converged
null,-1,130,0.0,0000000000000000000000000,0000000000000000000000000,0.0,,-1.2192004576370123,0.21414260322285628,converged
null,-1,131,0.0,0000000000000000000000000,0000000000000000000000000,0.0,,-1.1915396269625909,0.1859777469028829,converged
null,-1,132,0.0,0000000000000000000000000,0000000000000000000000000,0.0,,-1.226905066627147,0.2003881562096576,converged
null,-1,133,0.0,0000000000000000000000000,0000000000000000000000000,0.0,,-1.2093403509117417,0.1549037591265213,converged
null,-1,134,0.0,0000000000000000000000000,0000000000000000000000000,0.0,,-1.184981632860852,0.23340786224775428,converged
null,-1,135,0.0,0000000000000000000000000,0000000000000000000000000,0.0,,-1.2038398681828946,0.1470216932431433,converged
null,-1,136,0.0,0000000000000000000000000,0000000000000000000000000,0.0,,-1.231457269519022,0.14811056838978529,converged
null,-1,137,0.0,0000000000000000000000000,0000000000000000000000000,0.0,,-1.1999944151908726,0.17149094125532027,converged
null,-1,138,0.0,0000000000000000000000000,0000000000000000000000000,0.0,,-1.203977214096105,0.19914213871963013,converged
null,-1,139,0.0,0000000000000000000000000,0000000000000000000000000,0.0,,-1.203842753659638,0.18494604469412426,converged
null,-1,140,0.0,0000000000000000000000000,0000000000000000000000000,0.0,,-1.2136642758944687,0.17590563535625206,converged
null,-1,141,0.0,0000000000000000000000000,0000000000000000000000000,0.0,,-1.2184705303210155,0.13034605642208866,converged
null,-1,142,0.0,0000000000000000000000000,0000000000000000000000000,0.0,,-1.2106036784800016,0.23401671169186544,converged
null,-1,143,0.0,0000000000000000000000000,0000000000000000000000000,0.0,,-1.176780505060823,0.1850026032072025,converged
null,-1,144,0.0,0000000000000000000000000,0000000000000000000000000,0.0,,-1.214346775474951,0.1846777597778964,converged
null,-1,145,0.0,0000000000000000000000000,0000000000000000000000000,0.0,,-1.2131519206633348,0.1345884038448572,converged
null,-1,146,0.0,0000000000000000000000000,0000000000000000000000000,0.0,,-1.2172112777259994,0.18626197792184016,converged
null,-1,147,0.0,0000000000000000000000000,0000000000000000000000000,0.0,,-1.1823054097335732,0.2071829681815017,converged
null,-1,148,0.0,0000000000000000000000000,0000000000000000000000000,0.0,,-1.2154245772737196,0.20033010706460397,converged
null,-1,149,0.0,0000000000000000000000000,0000000000000000000000000,0.0,,-1.2103852145015863,0.18151099111567948,converged
null,-1,150,0.0,0000000000000000000000000,0000000000000000000000000,0.0,,-1.1884083524446885,0.1636424024291008,converged
null,-1,151,0.0,0000000000000000000000000,0000000000000000000000000,0.0,,-1.1996233741038744,0.1744474664096866,converged
null,-1,152,0.0,0000000000000000000000000,0000000000000000000000000,0.0,,-1.2098159617608302,0.15898721195783774,converged
null,-1,153,0.0,0000000000000000000000000,0000000000000000000000000,0.0,,-1.197860850512201,0.13829724824096234,converged
null,-1,154,0.0,0000000000000000000000000,0000000000000000000000000,0.0,,-1.1881534351348124,0.17334265504160218,converged
null,-1,155,0.0,0000000000000000000000000,0000000000000000000000000,0.0,,-1.2122200438406459,0.18112262737311666,converged
null,-1,156,0.0,0000000000000000000000000,0000000000000000000000000,0.0,,-1.185637485940606,0.14776008371015173,converged
null,-1,157,0.0,0000000000000000000000000,0000000000000000000000000,0.0,,-1.192952167458888,0.21885519442219467,converged
null,-1,158,0.0,0000000000000000000000000,0000000000000000000000000,0.0,,-1.173197081758103,0.21023166871987797,converged
null,-1,159,0.0,0000000000000000000000000,0000000000000000000000000,0.0,,-1.197687223400474,0.13266884377087837,converged
null,-1,160,0.08,0100000000000000000010000,0000000000000000000000000,0.08,,-1.1562482395534606,0.1436149090598062,converged
null,-1,161,0.0,0000000000000000000000000,0000000000000000000000000,0.0,,-1.2068723123615248,0.17383483725218538,converged
null,-1,162,0.0,0000000000000000000000000,0000000000000000000000000,0.0,,-1.1908494825226439,0.20994318044171703,converged
null,-1,163,0.0,0000000000000000000000000,0000000000000000000000000,0.0,,-1.1984147699928471,0.2076316152211499,converged
null,-1,164,0.0,0000000000000000000000000,0000000000000000000000000,0.0,,-1.2039052141266482,0.14298303570325827,converged
null,-1,165,0.0,0000000000000000000000000,0000000000000000000000000,0.0,,-1.2047311404616217,0.18615399396519497,converged
null,-1,166,0.0,0000000000000000000000000,0000000000000000000000000,0.0,,-1.172111425581666,0.1670622713228909,converged
null,-1,167,0.0,0000000000000000000000000,0000000000000000000000000,0.0,,-1.2147172499000827,0.11943783865674436,converged
null,-1,168,0.04,0000000000000000000010000,0000000000000000000000000,0.04,,-1.188462410661681,0.16507760908526226,converged
null,-1,169,0.0,0000000000000000000000000,0000000000000000000000000,0.0,,-1.1922830238490472,0.176044067672564,converged
null,-1,170,0.0,0000000000000000000000000,0000000000000000000000000,0.0,,-1.2267401084187537,0.13767082400134736,converged
null,-1,171,0.0,0000000000000000000000000,0000000000000000000000000,0.0,,-1.2188916486397607,0.1462631340717131,converged
null,-1,172,0.0,0000000000000000000000000,0000000000000000000000000,0.0,,-1.1953569642884716,0.15414982258940804,converged
null,-1,173,0.0,0000000000000000000000000,0000000000000000000000000,0.0,,-1.1877976350166992,0.17154839861751967,converged
null,-1,174,0.0,0000000000000000000000000,0000000000000000000000000,0.0,,-1.191081531082955,0.16818999046483457,converged
null,-1,175,0.0,0000000000000000000000000,0000000000000000000000000,0.0,,-1.1793695042653667,0.1996219894259782,converged
null,-1,176,0.0,0000000000000000000000000,0000000000000000000000000,0.0,,-1.1829583943952626,0.1698460238193476,converged
null,-1,177,0.0,0000000000000000000000000,0000000000000000000000000,0.0,,-1.1915599089310505,0.2070212368920792,converged
null,-1,178,0.0,0000000000000000000000000,0000000000000000000000000,0.0,,-1.2189791739127585,0.22949044313741637,converged
null,-1,179,0.0,0000000000000000000000000,0000000000000000000000000,0.0,,-1.1824452356067514,0.21858178153896682,converged
null,-1,180,0.0,0000000000000000000000000,0000000000000000000000000,0.0,,-1.2108489572542656,0.2018078784552333,converged
null,-1,181,0.0,0000000000000000000000000,0000000000000000000000000,0.0,,-1.195887457326784,0.18004593928907037,converged
null,-1,182,0.0,0000000000000000000000000,0000000000000000000000000,0.0,,-1.2032868922360018,0.21484600932489195,converged
null,-1,183,0.0,0000000000000000000000000,0000000000000000000000000,0.0,,-1.194396005480706,0.18668729574108314,converged
null,-1,184,0.0,0000000000000000000000000,0000000000000000000000000,0.0,,-1.183838096661137,0.17086412408291798,converged
null,-1,185,0.0,0000000000000000000000000,0000000000000000000000000,0.0,,-1.200043535053036,0.14748637132625184,converged
null,-1,186,0.0,0000000000000000000000000,0000000000000000000000000,0.0,,-1.1735604054456765,0.19591028599795146,converged
null,-1,187,0.0,0000000000000000000000000,0000000000000000000000000,0.0,,-1.1968960360378214,0.16709258291965962,converged
null,-1,188,0.0,0000000000000000000000000,0000000000000000000000000,0.0,,-1.2023509241193935,0.1508749799248913,converged
null,-1,189,0.0,0000000000000000000000000,0000000000000000000000000,0.0,,-1.201109821333129,0.15919746277202337,converged
null,-1,190,0.0,0000000000000000000000000,0000000000000000000000000,0.0,,-1.1879989437989789,0.21071390234073994,converged
null,-1,191,0.0,0000000000000000000000000,0000000000000000000000000,0.0,,-1.1916863545460066,0.19486368731360637,converged
null,-1,192,0.0,0000000000000000000000000,0000000000000000000000000,0.0,,-1.1836028232309728,0.14733912988337183,converged
null,-1,193,0.0,0000000000000000000000000,0000000000000000000000000,0.0,,-1.2215203350526571,0.2014563800904107,converged
null,-1,194,0.0,0000000000000000000000000,0000000000000000000000000,0.0,,-1.1971101285661112,0.18650488182627392,converged
null,-1,195,0.0,0000000000000000000000000,0000000000000000000000000,0.0,,-1.2215947594065155,0.16710496897621802,converged
null,-1,196,0.0,0000000000000000000000000,0000000000000000000000000,0.0,,-1.2170003370930151,0.14787687678898076,converged
null,-1,197,0.0,0000000000000000000000000,0000000000000000000000000,0.0,,-1.1955392006195367,0.12076247125214079,converged
null,-1,198,0.0,0000000000000000000000000,0000000000000000000000000,0.0,,-1.2189215976195014,0.1872717379009158,converged
null,-1,199,0.0,0000000000000000000000000,0000000000000000000000000,0.0,,-1.2339227700688855,0.17903857590784208,converged
