power,ui_uniform,ui_nonuniform,ui_none,auc_kind,type1,kind_acc,n_detected,mu_hat,sigma_hat,mu_true,sigma_true,n_foc,purified,I,n_ref,prop_dif,b_shift,seed
0.0,,,0.4749690403855927,,0.0,0.0,0,-2.0312893482151333,1.0366779723307262,-2.0,1.0,400,True,20,2000,0.0,0.8,706800
0.0,,,0.6133440319596049,,0.0,0.0,0,-2.07745604813742,1.0041207497136284,-2.0,1.0,400,True,20,2000,0.0,0.8,706801
0.0,,,0.4015194578067353,,0.05,0.0,1,-2.049524925874504,0.901937648000995,-2.0,1.0,400,True,20,2000,0.0,0.8,706802
0.0,,,0.6513604686696108,,0.0,0.0,0,-1.9777863747160933,0.8799750278927594,-2.0,1.0,400,True,20,2000,0.0,0.8,706803
0.0,,,0.5423394986203202,,0.0,0.0,0,-1.9795813130592945,1.006172471654649,-2.0,1.0,400,True,20,2000,0.0,0.8,706804
0.0,,,0.5554808616964325,,0.0,0.0,0,-1.731418179528538,0.9305503801837449,-2.0,1.0,400,True,20,2000,0.0,0.8,706805
0.0,,,0.5442637976396576,,0.0,0.0,0,-2.043132028784602,1.0394406694210905,-2.0,1.0,400,True,20,2000,0.0,0.8,706806
0.0,,,0.6009335748915189,,0.0,0.0,0,-1.918747818601081,0.9505352761788556,-2.0,1.0,400,True,20,2000,0.0,0.8,706807
0.0,,,0.4560802560116929,,0.0,0.0,0,-2.0659517564160623,1.0185673705527343,-2.0,1.0,400,True,20,2000,0.0,0.8,706808
0.0,,,0.5859450604057873,,0.0,0.0,0,-1.9439500711575777,1.044317392005105,-2.0,1.0,400,True,20,2000,0.0,0.8,706809
0.0,,,0.48167558101260954,,0.0,0.0,0,-2.0046280355538917,1.046656076573526,-2.0,1.0,400,True,20,2000,0.0,0.8,706810
0.0,,,0.5707200259636568,,0.0,0.0,0,-2.0869357470163123,0.9913824628030525,-2.0,1.0,400,True,20,2000,0.0,0.8,706811
0.0,,,0.5726308544289342,,0.05,0.0,1,-1.865476147773306,0.8420381412846785,-2.0,1.0,400,True,20,2000,0.0,0.8,706812
0.0,,,0.5760363078850727,,0.0,0.0,0,-1.9431703192652687,1.0423569790132936,-2.0,1.0,400,True,20,2000,0.0,0.8,706813
0.0,,,0.4625565452065669,,0.05,0.0,1,-2.049068526932769,0.9654678971009472,-2.0,1.0,400,True,20,2000,0.0,0.8,706814
0.0,,,0.6352442675534751,,0.0,0.0,0,-1.8499901200996227,1.038370937870448,-2.0,1.0,400,True,20,2000,0.0,0.8,706815
0.0,,,0.49480433090018366,,0.0,0.0,0,-1.9364030897658049,1.0272789480512647,-2.0,1.0,400,True,20,2000,0.0,0.8,706816
0.0,,,0.5450345445688949,,0.0,0.0,0,-2.0474572191893476,1.0026394121983198,-2.0,1.0,400,True,20,2000,0.0,0.8,706817
0.0,,,0.4573211253337718,,0.0,0.0,0,-2.0128274777107587,1.0224731746467353,-2.0,1.0,400,True,20,2000,0.0,0.8,706818
0.0,,,0.5705254391062776,,0.0,0.0,0,-1.938382007574977,0.9445620327410406,-2.0,1.0,400,True,20,2000,0.0,0.8,706819
0.0,,,0.4523025104602242,,0.0,0.0,0,-1.9795884964556327,1.0607894126029664,-2.0,1.0,400,True,20,2000,0.0,0.8,706820
0.0,,,0.5561063535307886,,0.0,0.0,0,-2.0824021861250035,1.00477698669275,-2.0,1.0,400,True,20,2000,0.0,0.8,706821
0.0,,,0.5509503662305895,,0.0,0.0,0,-1.9005711794841686,0.896162441437256,-2.0,1.0,400,True,20,2000,0.0,0.8,706822
0.0,,,0.5249257639408411,,0.0,0.0,0,-2.124496901241766,0.9977733513481045,-2.0,1.0,400,True,20,2000,0.0,0.8,706823
0.0,,,0.3198088355274292,,0.0,0.0,0,-2.0552221337836105,0.9930711971060574,-2.0,1.0,400,True,20,2000,0.0,0.8,706824
0.0,,,0.39096622971736666,,0.0,0.0,0,-2.142101169596882,1.0413120710159727,-2.0,1.0,400,True,20,2000,0.0,0.8,706825
0.0,,,0.551135521025266,,0.0,0.0,0,-2.0445531139729924,1.0334859623497759,-2.0,1.0,400,True,20,2000,0.0,0.8,706826
0.0,,,0.5300045272387913,,0.0,0.0,0,-2.0375112736472847,1.0043894932922788,-2.0,1.0,400,True,20,2000,0.0,0.8,706827
0.0,,,0.537542198169973,,0.0,0.0,0,-2.0127044527977427,1.1078570832031893,-2.0,1.0,400,True,20,2000,0.0,0.8,706828
0.0,,,0.49408274481711933,,0.0,0.0,0,-1.985106917980639,0.9449693384618139,-2.0,1.0,400,True,20,2000,0.0,0.8,706829
0.0,,,0.5807929364588875,,0.0,0.0,0,-1.9234594325161698,1.02988764585927,-2.0,1.0,400,True,20,2000,0.0,0.8,706830
0.0,,,0.46203698338827826,,0.0,0.0,0,-1.940053383132907,0.9427112887449898,-2.0,1.0,400,True,20,2000,0.0,0.8,706831
0.0,,,0.5162761443434107,,0.1,0.0,2,-2.134120453147482,1.0495413665121662,-2.0,1.0,400,True,20,2000,0.0,0.8,706832
0.0,,,0.4871201599855489,,0.05,0.0,1,-1.973363279119714,0.9871523279777566,-2.0,1.0,400,True,20,2000,0.0,0.8,706833
0.0,,,0.5685894425275364,,0.05,0.0,1,-1.9398397652147268,1.044539123755088,-2.0,1.0,400,True,20,2000,0.0,0.8,706834
0.0,,,0.4309196675157908,,0.0,0.0,0,-2.0429450393477007,0.9738952146541725,-2.0,1.0,400,True,20,2000,0.0,0.8,706835
0.0,,,0.4558452275407582,,0.05,0.0,1,-1.9905577474382115,1.0724541805210328,-2.0,1.0,400,True,20,2000,0.0,0.8,706836
0.0,,,0.4763474814604683,,0.0,0.0,0,-2.1342434905424534,1.1607126318740486,-2.0,1.0,400,True,20,2000,0.0,0.8,706837
0.0,,,0.5790797943040118,,0.0,0.0,0,-2.03066333628083,1.0612234527559654,-2.0,1.0,400,True,20,2000,0.0,0.8,706838
0.0,,,0.615260396440416,,0.0,0.0,0,-1.9373541940899774,0.9483377754943955,-2.0,1.0,400,True,20,2000,0.0,0.8,706839
0.0,,,0.4687701393322903,,0.05,0.0,1,-1.9993103317493535,0.970005961217391,-2.0,1.0,400,True,20,2000,0.0,0.8,706840
0.0,,,0.7068629042743833,,0.0,0.0,0,-1.8848022454720172,0.9712784216345072,-2.0,1.0,400,True,20,2000,0.0,0.8,706841
0.0,,,0.5976571661708829,,0.0,0.0,0,-2.2079274485538134,1.0679676730502716,-2.0,1.0,400,True,20,2000,0.0,0.8,706842
0.0,,,0.5791871432800201,,0.15,0.0,3,-1.9948550236033777,0.9618048916089599,-2.0,1.0,400,True,20,2000,0.0,0.8,706843
0.0,,,0.6441590378427469,,0.0,0.0,0,-1.8934673379656068,0.9855041813749529,-2.0,1.0,400,True,20,2000,0.0,0.8,706844
0.0,,,0.6617904073906596,,0.0,0.0,0,-2.0990651819719375,1.036696124337475,-2.0,1.0,400,True,20,2000,0.0,0.8,706845
0.0,,,0.49183521320874546,,0.0,0.0,0,-2.0525902241862193,0.9996262042585667,-2.0,1.0,400,True,20,2000,0.0,0.8,706846
0.0,,,0.5785015779183962,,0.0,0.0,0,-2.006596824857633,1.0116874264378066,-2.0,1.0,400,True,20,2000,0.0,0.8,706847
0.0,,,0.3615392287651539,,0.0,0.0,0,-2.0063997876526347,1.0859555450046512,-2.0,1.0,400,True,20,2000,0.0,0.8,706848
0.0,,,0.5365640814335312,,0.05,0.0,1,-2.0978361290255556,0.99534837319282,-2.0,1.0,400,True,20,2000,0.0,0.8,706849
0.0,,,0.6417802668284638,,0.0,0.0,0,-1.938754773545473,0.9712201906722673,-2.0,1.0,400,True,20,2000,0.0,0.8,706850
0.0,,,0.5760230917727569,,0.05,0.0,1,-1.9040387338221743,0.9713509929043286,-2.0,1.0,400,True,20,2000,0.0,0.8,706851
0.0,,,0.5001195030857358,,0.0,0.0,0,-2.1213303546105458,1.1160547377737555,-2.0,1.0,400,True,20,2000,0.0,0.8,706852
0.0,,,0.6464065522181885,,0.0,0.0,0,-2.0715140293479726,0.9400468092599518,-2.0,1.0,400,True,20,2000,0.0,0.8,706853
0.0,,,0.6458158941185506,,0.0,0.0,0,-2.1490017578322838,0.9934321827712087,-2.0,1.0,400,True,20,2000,0.0,0.8,706854
0.0,,,0.44506264705609155,,0.1,0.0,2,-2.060108461251755,0.9446116184072839,-2.0,1.0,400,True,20,2000,0.0,0.8,706855
0.0,,,0.5275226943963992,,0.05,0.0,1,-1.8585880087841002,0.9120497002503624,-2.0,1.0,400,True,20,2000,0.0,0.8,706856
0.0,,,0.6514448174010522,,0.05,0.0,1,-1.9272181839938232,0.9754090027375083,-2.0,1.0,400,True,20,2000,0.0,0.8,706857
0.0,,,0.5457430528565373,,0.05,0.0,1,-2.0882351166122697,1.0952827558301503,-2.0,1.0,400,True,20,2000,0.0,0.8,706858
0.0,,,0.4766485482399487,,0.0,0.0,0,-2.115610580406612,1.1029862024567005,-2.0,1.0,400,True,20,2000,0.0,0.8,706859
0.0,,,0.5705191189464036,,0.0,0.0,0,-1.9118572048065303,1.0125675872993074,-2.0,1.0,400,True,20,2000,0.0,0.8,706860
0.0,,,0.5508570960705984,,0.05,0.0,1,-1.8881708619285111,1.0170890019626802,-2.0,1.0,400,True,20,2000,0.0,0.8,706861
0.0,,,0.5344766545613334,,0.0,0.0,0,-1.9727882981914804,1.0559245607220669,-2.0,1.0,400,True,20,2000,0.0,0.8,706862
0.0,,,0.5426072809805923,,0.0,0.0,0,-1.9638842133566565,1.1142584808969787,-2.0,1.0,400,True,20,2000,0.0,0.8,706863
0.0,,,0.5406379007294128,,0.0,0.0,0,-2.0317334862948515,0.9726343981113339,-2.0,1.0,400,True,20,2000,0.0,0.8,706864
0.0,,,0.5733729553000757,,0.0,0.0,0,-1.9059681481984638,0.9010547853840651,-2.0,1.0,400,True,20,2000,0.0,0.8,706865
0.0,,,0.590890245503143,,0.0,0.0,0,-1.8164517085063654,1.023749879908844,-2.0,1.0,400,True,20,2000,0.0,0.8,706866
0.0,,,0.5164572543046196,,0.0,0.0,0,-2.050461998238509,1.0430002353788765,-2.0,1.0,400,True,20,2000,0.0,0.8,706867
0.0,,,0.5461692413152192,,0.0,0.0,0,-2.0577567362467177,1.0006733433153394,-2.0,1.0,400,True,20,2000,0.0,0.8,706868
0.0,,,0.5047335842729775,,0.05,0.0,1,-1.8887637859270967,0.9842737050000214,-2.0,1.0,400,True,20,2000,0.0,0.8,706869
0.0,,,0.5852411911321037,,0.0,0.0,0,-1.9537226775485972,1.0128370873454111,-2.0,1.0,400,True,20,2000,0.0,0.8,706870
0.0,,,0.4339702960146356,,0.0,0.0,0,-1.9412784703621144,0.9480989922050755,-2.0,1.0,400,True,20,2000,0.0,0.8,706871
0.0,,,0.5737809013867182,,0.1,0.0,2,-2.1476514863640097,1.0456190596898485,-2.0,1.0,400,True,20,2000,0.0,0.8,706872
0.0,,,0.5116006790528351,,0.0,0.0,0,-2.08812325132713,1.103283573301286,-2.0,1.0,400,True,20,2000,0.0,0.8,706873
0.0,,,0.505554329491994,,0.0,0.0,0,-1.988754174094881,0.9805521304022132,-2.0,1.0,400,True,20,2000,0.0,0.8,706874
0.0,,,0.5040607049131802,,0.05,0.0,1,-2.1152117087041784,0.9075232502379446,-2.0,1.0,400,True,20,2000,0.0,0.8,706875
0.0,,,0.5732096850749836,,0.05,0.0,1,-2.1222547792621294,1.1822140998538266,-2.0,1.0,400,True,20,2000,0.0,0.8,706876
0.0,,,0.5864740029518414,,0.0,0.0,0,-2.0089206356910507,0.989757228387869,-2.0,1.0,400,True,20,2000,0.0,0.8,706877
0.0,,,0.651802682415339,,0.0,0.0,0,-2.0047945649971317,1.0071837897941187,-2.0,1.0,400,True,20,2000,0.0,0.8,706878
0.0,,,0.6607491230580547,,0.0,0.0,0,-1.9191122634200626,0.9439727522207826,-2.0,1.0,400,True,20,2000,0.0,0.8,706879
0.0,,,0.5189172904823625,,0.0,0.0,0,-1.9236451259790424,0.9854592056121234,-2.0,1.0,400,True,20,2000,0.0,0.8,706880
0.0,,,0.5356123022222146,,0.0,0.0,0,-2.0106698126884983,1.0373306937343318,-2.0,1.0,400,True,20,2000,0.0,0.8,706881
0.0,,,0.4855530627531223,,0.0,0.0,0,-1.8876004120620857,0.8534295327267309,-2.0,1.0,400,True,20,2000,0.0,0.8,706882
0.0,,,0.5889168428932507,,0.0,0.0,0,-2.0199707034185033,1.0313038795561604,-2.0,1.0,400,True,20,2000,0.0,0.8,706883
0.0,,,0.5606575052879249,,0.0,0.0,0,-1.7716333929268147,0.913415680013218,-2.0,1.0,400,True,20,2000,0.0,0.8,706884
0.0,,,0.5863474516853654,,0.0,0.0,0,-1.914892474679395,0.9955295463951711,-2.0,1.0,400,True,20,2000,0.0,0.8,706885
0.0,,,0.5406398971295043,,0.0,0.0,0,-2.018451754983664,0.9624219312043589,-2.0,1.0,400,True,20,2000,0.0,0.8,706886
0.0,,,0.480159441513152,,0.05,0.0,1,-1.8442480074917786,0.9037599130094811,-2.0,1.0,400,True,20,2000,0.0,0.8,706887
0.0,,,0.6114040835901725,,0.05,0.0,1,-1.9737589118049548,0.9406641963640864,-2.0,1.0,400,True,20,2000,0.0,0.8,706888
0.0,,,0.5267588617413573,,0.0,0.0,0,-1.9605248102574924,0.9584466294749279,-2.0,1.0,400,True,20,2000,0.0,0.8,706889
0.0,,,0.46391228263905715,,0.0,0.0,0,-1.8993263769381916,0.9081774824783745,-2.0,1.0,400,True,20,2000,0.0,0.8,706890
0.0,,,0.3701078490201434,,0.0,0.0,0,-2.1015311417074516,1.076805416574923,-2.0,1.0,400,True,20,2000,0.0,0.8,706891
0.0,,,0.5159322610427325,,0.0,0.0,0,-1.988510079231833,1.0403763387812903,-2.0,1.0,400,True,20,2000,0.0,0.8,706892
0.0,,,0.48600506982343117,,0.0,0.0,0,-1.8482283880824673,0.9900474629119802,-2.0,1.0,400,True,20,2000,0.0,0.8,706893
0.0,,,0.5113622674411176,,0.05,0.0,1,-2.085241175793988,1.1474947506816169,-2.0,1.0,400,True,20,2000,0.0,0.8,706894
0.0,,,0.6258804283529228,,0.0,0.0,0,-2.061576668318179,0.9969945785554181,-2.0,1.0,400,True,20,2000,0.0,0.8,706895
0.0,,,0.3701965327994402,,0.05,0.0,1,-2.089713737548229,1.0457195092799427,-2.0,1.0,400,True,20,2000,0.0,0.8,706896
0.0,,,0.5732947939183299,,0.0,0.0,0,-2.0346022013321208,0.9524488696593905,-2.0,1.0,400,True,20,2000,0.0,0.8,706897
0.0,,,0.5412200394432187,,0.0,0.0,0,-1.9695120270479627,0.9488778559182435,-2.0,1.0,400,True,20,2000,0.0,0.8,706898
0.0,,,0.5386789945505902,,0.0,0.0,0,-2.101747504519527,1.0558298915161994,-2.0,1.0,400,True,20,2000,0.0,0.8,706899
0.0,,,0.645103504637229,,0.0,0.0,0,-1.0655014243212446,1.0864594601507631,-1.0,1.0,400,True,20,2000,0.0,0.8,942300
0.0,,,0.6478377932763093,,0.0,0.0,0,-1.0156655171288178,0.947067323434208,-1.0,1.0,400,True,20,2000,0.0,0.8,942301
0.0,,,0.318911533097299,,0.0,0.0,0,-0.8245261498611064,0.9752488832639693,-1.0,1.0,400,True,20,2000,0.0,0.8,942302
0.0,,,0.45203266986178503,,0.1,0.0,2,-0.93864992762964,0.9162442546167932,-1.0,1.0,400,True,20,2000,0.0,0.8,942303
0.0,,,0.4907989086379648,,0.05,0.0,1,-0.944260388530984,1.0433295789291799,-1.0,1.0,400,True,20,2000,0.0,0.8,942304
0.0,,,0.48352280260131836,,0.0,0.0,0,-1.0150687807275345,1.0536758458795616,-1.0,1.0,400,True,20,2000,0.0,0.8,942305
0.0,,,0.42894762221457805,,0.0,0.0,0,-0.9949078526503354,0.9726294953998114,-1.0,1.0,400,True,20,2000,0.0,0.8,942306
0.0,,,0.5401888558831234,,0.0,0.0,0,-0.8975839521544107,0.9549548266731595,-1.0,1.0,400,True,20,2000,0.0,0.8,942307
0.0,,,0.5927279426793012,,0.0,0.0,0,-0.9970705481318929,0.956713516792641,-1.0,1.0,400,True,20,2000,0.0,0.8,942308
0.0,,,0.379005488719429,,0.0,0.0,0,-1.0207009785850358,1.010416143987021,-1.0,1.0,400,True,20,2000,0.0,0.8,942309
0.0,,,0.5698666037061887,,0.0,0.0,0,-0.9506098966711144,0.9129575208043265,-1.0,1.0,400,True,20,2000,0.0,0.8,942310
0.0,,,0.47730315318783756,,0.0,0.0,0,-1.039504586741017,0.9703438328975121,-1.0,1.0,400,True,20,2000,0.0,0.8,942311
0.0,,,0.36263330957813544,,0.0,0.0,0,-1.0301775049673432,1.040421132333178,-1.0,1.0,400,True,20,2000,0.0,0.8,942312
0.0,,,0.5740985142651767,,0.0,0.0,0,-1.0404644386275976,0.9472671842803461,-1.0,1.0,400,True,20,2000,0.0,0.8,942313
0.0,,,0.5066297198108829,,0.0,0.0,0,-1.0660626069262307,0.9942090939771432,-1.0,1.0,400,True,20,2000,0.0,0.8,942314
0.0,,,0.6810283116966167,,0.0,0.0,0,-0.9832606373991679,1.0047261931720464,-1.0,1.0,400,True,20,2000,0.0,0.8,942315
0.0,,,0.3919387484105744,,0.0,0.0,0,-0.9841718229314077,1.0342504328336655,-1.0,1.0,400,True,20,2000,0.0,0.8,942316
0.0,,,0.4884046248008345,,0.0,0.0,0,-1.0028297856243822,0.9636933251055839,-1.0,1.0,400,True,20,2000,0.0,0.8,942317
0.0,,,0.5210280557792182,,0.0,0.0,0,-1.0015865669389834,1.0476816363894557,-1.0,1.0,400,True,20,2000,0.0,0.8,942318
0.0,,,0.3849330460761413,,0.0,0.0,0,-0.973677306583682,1.0036364739578847,-1.0,1.0,400,True,20,2000,0.0,0.8,942319
0.0,,,0.4191886815313756,,0.0,0.0,0,-1.0172986136526438,0.9566845575587599,-1.0,1.0,400,True,20,2000,0.0,0.8,942320
0.0,,,0.41362320789838114,,0.0,0.0,0,-0.9508188065002927,0.9930795129136814,-1.0,1.0,400,True,20,2000,0.0,0.8,942321
0.0,,,0.5396469675915588,,0.05,0.0,1,-1.0098932598662227,1.0152259637204537,-1.0,1.0,400,True,20,2000,0.0,0.8,942322
0.0,,,0.6498712979817859,,0.0,0.0,0,-0.925259317584131,0.9544592407395722,-1.0,1.0,400,True,20,2000,0.0,0.8,942323
0.0,,,0.47790144311278143,,0.0,0.0,0,-0.9888317009218331,0.9953990098616281,-1.0,1.0,400,True,20,2000,0.0,0.8,942324
0.0,,,0.579512828940558,,0.1,0.0,2,-0.9037112234437956,0.9701238134748921,-1.0,1.0,400,True,20,2000,0.0,0.8,942325
0.0,,,0.5675997905146059,,0.0,0.0,0,-1.012934209743485,0.9968228801659476,-1.0,1.0,400,True,20,2000,0.0,0.8,942326
0.0,,,0.6840002693697743,,0.0,0.0,0,-0.9056327222870807,0.9861915024216212,-1.0,1.0,400,True,20,2000,0.0,0.8,942327
0.0,,,0.5485368121787305,,0.0,0.0,0,-1.0642443455431283,1.0323741154522241,-1.0,1.0,400,True,20,2000,0.0,0.8,942328
0.0,,,0.412677270080512,,0.0,0.0,0,-1.0345943770694754,1.0017877887346949,-1.0,1.0,400,True,20,2000,0.0,0.8,942329
0.0,,,0.5277099376006523,,0.05,0.0,1,-1.017731923230181,1.0465285698760654,-1.0,1.0,400,True,20,2000,0.0,0.8,942330
0.0,,,0.4925279897338514,,0.0,0.0,0,-0.9469834435089606,0.8983086834824597,-1.0,1.0,400,True,20,2000,0.0,0.8,942331
0.0,,,0.4206554782338568,,0.0,0.0,0,-0.9844165656285129,1.0104965418274674,-1.0,1.0,400,True,20,2000,0.0,0.8,942332
0.0,,,0.6201150964157358,,0.0,0.0,0,-0.9707539433017017,0.9507709298989963,-1.0,1.0,400,True,20,2000,0.0,0.8,942333
0.0,,,0.5443119460966998,,0.0,0.0,0,-0.8899496685440688,0.9550342649074723,-1.0,1.0,400,True,20,2000,0.0,0.8,942334
0.0,,,0.48024434569695246,,0.0,0.0,0,-0.9420264890121393,1.0823851746774256,-1.0,1.0,400,True,20,2000,0.0,0.8,942335
0.0,,,0.588385524693973,,0.0,0.0,0,-1.032581121787651,1.025849097536848,-1.0,1.0,400,True,20,2000,0.0,0.8,942336
0.0,,,0.5317305324769097,,0.0,0.0,0,-0.9291710087272214,0.9492376427073631,-1.0,1.0,400,True,20,2000,0.0,0.8,942337
0.0,,,0.5878473981539105,,0.0,0.0,0,-1.0253151932115894,1.0374944521454386,-1.0,1.0,400,True,20,2000,0.0,0.8,942338
0.0,,,0.4259882905435398,,0.0,0.0,0,-1.1195120905284321,1.005582572344596,-1.0,1.0,400,True,20,2000,0.0,0.8,942339
0.0,,,0.48750258008295033,,0.0,0.0,0,-1.1060846217723523,1.1015499147383718,-1.0,1.0,400,True,20,2000,0.0,0.8,942340
0.0,,,0.44902803250136103,,0.0,0.0,0,-1.0664298428577412,0.9543986212926001,-1.0,1.0,400,True,20,2000,0.0,0.8,942341
0.0,,,0.5887673577922765,,0.0,0.0,0,-0.9672425491756057,1.03208205771189,-1.0,1.0,400,True,20,2000,0.0,0.8,942342
0.0,,,0.5310729802999717,,0.05,0.0,1,-0.9018110597755005,0.9130865254565207,-1.0,1.0,400,True,20,2000,0.0,0.8,942343
0.0,,,0.4727600483770521,,0.0,0.0,0,-0.9130730272561709,1.0409976478926906,-1.0,1.0,400,True,20,2000,0.0,0.8,942344
0.0,,,0.381730766519574,,0.0,0.0,0,-0.9565645837916379,1.023685285518371,-1.0,1.0,400,True,20,2000,0.0,0.8,942345
0.0,,,0.48334723142946184,,0.0,0.0,0,-1.0808681853912796,1.0241660022964556,-1.0,1.0,400,True,20,2000,0.0,0.8,942346
0.0,,,0.6435625602344806,,0.0,0.0,0,-1.1300482396207872,0.9272358900632094,-1.0,1.0,400,True,20,2000,0.0,0.8,942347
0.0,,,0.5454423299738078,,0.0,0.0,0,-0.9568551013528167,1.0692981425090198,-1.0,1.0,400,True,20,2000,0.0,0.8,942348
0.0,,,0.4530168963353046,,0.0,0.0,0,-1.0310787017628473,1.040239468182627,-1.0,1.0,400,True,20,2000,0.0,0.8,942349
0.0,,,0.6953691190851081,,0.15,0.0,3,-1.0792811505801798,1.1300433561716228,-1.0,1.0,400,True,20,2000,0.0,0.8,942350
0.0,,,0.6397697863679077,,0.0,0.0,0,-1.0390774237245382,1.0524268256632867,-1.0,1.0,400,True,20,2000,0.0,0.8,942351
0.0,,,0.4674841639895737,,0.0,0.0,0,-1.014802553114904,1.0371205170374869,-1.0,1.0,400,True,20,2000,0.0,0.8,942352
0.0,,,0.47228072049624237,,0.0,0.0,0,-1.003284086238641,1.1156638510759165,-1.0,1.0,400,True,20,2000,0.0,0.8,942353
0.0,,,0.67157872014068,,0.05,0.0,1,-0.8906340466810284,0.939213958715797,-1.0,1.0,400,True,20,2000,0.0,0.8,942354
0.0,,,0.35193722821863427,,0.05,0.0,1,-0.9888780030407089,1.082645054722049,-1.0,1.0,400,True,20,2000,0.0,0.8,942355
0.0,,,0.43003772343959284,,0.0,0.0,0,-0.9639692714442432,1.0167535099681928,-1.0,1.0,400,True,20,2000,0.0,0.8,942356
0.0,,,0.42347618465357784,,0.0,0.0,0,-1.0992299916869506,1.0736599661048072,-1.0,1.0,400,True,20,2000,0.0,0.8,942357
0.0,,,0.5904711743874109,,0.0,0.0,0,-1.0305943464579288,0.9952579589378551,-1.0,1.0,400,True,20,2000,0.0,0.8,942358
0.0,,,0.4541629459384714,,0.0,0.0,0,-1.0217349407900362,0.8737947298002756,-1.0,1.0,400,True,20,2000,0.0,0.8,942359
0.0,,,0.4595586697745251,,0.0,0.0,0,-0.9814572070010431,0.953168614013822,-1.0,1.0,400,True,20,2000,0.0,0.8,942360
0.0,,,0.35818600835251996,,0.0,0.0,0,-0.9891687778241605,1.0791018382907767,-1.0,1.0,400,True,20,2000,0.0,0.8,942361
0.0,,,0.44576532259548457,,0.0,0.0,0,-0.967735926378489,0.9606380357969896,-1.0,1.0,400,True,20,2000,0.0,0.8,942362
0.0,,,0.47154984025131236,,0.0,0.0,0,-0.9886556268030834,0.9044765827207084,-1.0,1.0,400,True,20,2000,0.0,0.8,942363
0.0,,,0.5050221618590119,,0.0,0.0,0,-0.9176789819833417,1.029195798141252,-1.0,1.0,400,True,20,2000,0.0,0.8,942364
0.0,,,0.48175742219770656,,0.05,0.0,1,-1.0007504452826264,1.0382596989989417,-1.0,1.0,400,True,20,2000,0.0,0.8,942365
0.0,,,0.4809172960328582,,0.0,0.0,0,-1.0219159717250017,0.966936037627211,-1.0,1.0,400,True,20,2000,0.0,0.8,942366
0.0,,,0.5928975418028904,,0.0,0.0,0,-1.1042139434591545,1.0895905572589235,-1.0,1.0,400,True,20,2000,0.0,0.8,942367
0.0,,,0.5628737970264243,,0.1,0.0,2,-0.9675022539029485,0.9553225534167029,-1.0,1.0,400,True,20,2000,0.0,0.8,942368
0.0,,,0.3623240401565016,,0.0,0.0,0,-0.9015965646377457,0.9580845612032001,-1.0,1.0,400,True,20,2000,0.0,0.8,942369
0.0,,,0.6003257044911666,,0.05,0.0,1,-1.0262031026993725,1.1164774975571232,-1.0,1.0,400,True,20,2000,0.0,0.8,942370
0.0,,,0.5715146672627933,,0.1,0.0,2,-0.9069499227030804,0.9490207874868727,-1.0,1.0,400,True,20,2000,0.0,0.8,942371
0.0,,,0.470468580523451,,0.0,0.0,0,-0.9821756303879392,0.9893760853351263,-1.0,1.0,400,True,20,2000,0.0,0.8,942372
0.0,,,0.7069164704702126,,0.0,0.0,0,-0.963382524087537,0.965729971160426,-1.0,1.0,400,True,20,2000,0.0,0.8,942373
0.0,,,0.4447166608603309,,0.05,0.0,1,-1.099665913688065,1.0336854530627941,-1.0,1.0,400,True,20,2000,0.0,0.8,942374
0.0,,,0.5560085479573889,,0.0,0.0,0,-1.0845523767543863,0.9603139171175223,-1.0,1.0,400,True,20,2000,0.0,0.8,942375
0.0,,,0.5459917152905069,,0.0,0.0,0,-0.9508296272579009,0.9415652247693761,-1.0,1.0,400,True,20,2000,0.0,0.8,942376
0.0,,,0.37507499319387844,,0.0,0.0,0,-0.925827324713739,0.9543184592715303,-1.0,1.0,400,True,20,2000,0.0,0.8,942377
0.0,,,0.4597247461815641,,0.0,0.0,0,-1.073047714483613,0.9657544497914319,-1.0,1.0,400,True,20,2000,0.0,0.8,942378
0.0,,,0.4883985711117845,,0.0,0.0,0,-0.9383782690266866,0.9495664591623466,-1.0,1.0,400,True,20,2000,0.0,0.8,942379
0.0,,,0.6505273944842845,,0.0,0.0,0,-0.9764553233440072,0.9140726208017007,-1.0,1.0,400,True,20,2000,0.0,0.8,942380
0.0,,,0.4353275098154029,,0.1,0.0,2,-0.9607699976429989,1.052082488992165,-1.0,1.0,400,True,20,2000,0.0,0.8,942381
0.0,,,0.5263607218736188,,0.0,0.0,0,-1.0670738965094302,1.0195946785467733,-1.0,1.0,400,True,20,2000,0.0,0.8,942382
0.0,,,0.5621945733958127,,0.0,0.0,0,-1.003266922192351,1.0355524270119214,-1.0,1.0,400,True,20,2000,0.0,0.8,942383
0.0,,,0.4056798593190251,,0.0,0.0,0,-1.0846337228314835,1.030779387312206,-1.0,1.0,400,True,20,2000,0.0,0.8,942384
0.0,,,0.5056947096930743,,0.0,0.0,0,-1.0108779136491024,1.0739029586095672,-1.0,1.0,400,True,20,2000,0.0,0.8,942385
0.0,,,0.5945016501226644,,0.0,0.0,0,-1.023172291030787,1.0090338128997192,-1.0,1.0,400,True,20,2000,0.0,0.8,942386
0.0,,,0.514712764442686,,0.0,0.0,0,-1.0826835934384753,1.0103512851264151,-1.0,1.0,400,True,20,2000,0.0,0.8,942387
0.0,,,0.4329465387724352,,0.0,0.0,0,-0.9255213018937511,0.9415791770954514,-1.0,1.0,400,True,20,2000,0.0,0.8,942388
0.0,,,0.48697872197024666,,0.0,0.0,0,-0.9189644922369087,1.0649011441695604,-1.0,1.0,400,True,20,2000,0.0,0.8,942389
0.0,,,0.5317520351440171,,0.0,0.0,0,-1.075983965996922,1.0383903226202804,-1.0,1.0,400,True,20,2000,0.0,0.8,942390
0.0,,,0.592592707484721,,0.0,0.0,0,-1.126973443855609,0.9895668458492486,-1.0,1.0,400,True,20,2000,0.0,0.8,942391
0.0,,,0.41869342256757686,,0.05,0.0,1,-1.0057832110064773,0.9983252503156933,-1.0,1.0,400,True,20,2000,0.0,0.8,942392
0.0,,,0.4126068922609207,,0.0,0.0,0,-0.9703863513810562,1.0628492421321634,-1.0,1.0,400,True,20,2000,0.0,0.8,942393
0.0,,,0.5239683676293725,,0.0,0.0,0,-1.0033919978181567,0.9724612124747846,-1.0,1.0,400,True,20,2000,0.0,0.8,942394
0.0,,,0.49875315954541516,,0.0,0.0,0,-0.9032798752190123,0.92257389136811,-1.0,1.0,400,True,20,2000,0.0,0.8,942395
0.0,,,0.5162398943317046,,0.0,0.0,0,-1.0480831340031158,0.9844893130983025,-1.0,1.0,400,True,20,2000,0.0,0.8,942396
0.0,,,0.4566219357069342,,0.0,0.0,0,-1.0243503790651447,1.0225837700461442,-1.0,1.0,400,True,20,2000,0.0,0.8,942397
0.0,,,0.603034403319201,,0.0,0.0,0,-0.9580827059764829,0.9721022103594735,-1.0,1.0,400,True,20,2000,0.0,0.8,942398
0.0,,,0.5043841718582869,,0.0,0.0,0,-1.004356043645635,1.0461712993005716,-1.0,1.0,400,True,20,2000,0.0,0.8,942399
0.0,,,0.586111038706675,,0.0,0.0,0,0.03851789470441367,0.9965177868294668,0.0,1.0,400,True,20,2000,0.0,0.8,725900
0.0,,,0.5153932256530338,,0.0,0.0,0,-0.002991428392007947,1.0036644645001822,0.0,1.0,400,True,20,2000,0.0,0.8,725901
0.0,,,0.3758968125852525,,0.0,0.0,0,-0.1260714442970971,0.9778309067345009,0.0,1.0,400,True,20,2000,0.0,0.8,725902
0.0,,,0.40737040924321494,,0.0,0.0,0,0.02088864087128179,0.9517037524949865,0.0,1.0,400,True,20,2000,0.0,0.8,725903
0.0,,,0.32931910140411313,,0.0,0.0,0,-0.08201693341160794,0.9316854171466276,0.0,1.0,400,True,20,2000,0.0,0.8,725904
0.0,,,0.6113848263192255,,0.0,0.0,0,0.1290695113294924,0.9326824189265827,0.0,1.0,400,True,20,2000,0.0,0.8,725905
0.0,,,0.595976424650339,,0.0,0.0,0,-0.07849379399097228,0.9695369273681897,0.0,1.0,400,True,20,2000,0.0,0.8,725906
0.0,,,0.4553204690467799,,0.0,0.0,0,0.024765846389586982,1.0022324883322262,0.0,1.0,400,True,20,2000,0.0,0.8,725907
0.0,,,0.4901709512200202,,0.0,0.0,0,-0.10519506195250063,0.9083752653445596,0.0,1.0,400,True,20,2000,0.0,0.8,725908
0.0,,,0.4474571766533903,,0.0,0.0,0,-0.05106409142918668,0.9481468349445349,0.0,1.0,400,True,20,2000,0.0,0.8,725909
0.0,,,0.41651942616108845,,0.0,0.0,0,-0.026043569178577773,1.0709395797685068,0.0,1.0,400,True,20,2000,0.0,0.8,725910
0.0,,,0.5237735268541577,,0.0,0.0,0,-0.06304225875231823,0.9898021056505183,0.0,1.0,400,True,20,2000,0.0,0.8,725911
0.0,,,0.538747999428013,,0.05,0.0,1,-0.13898612500110613,1.01302859036697,0.0,1.0,400,True,20,2000,0.0,0.8,725912
0.0,,,0.46720562926585274,,0.0,0.0,0,0.0973462106789821,0.8841916533486256,0.0,1.0,400,True,20,2000,0.0,0.8,725913
0.0,,,0.6654277929721409,,0.0,0.0,0,0.09629994319674332,1.0122505010256515,0.0,1.0,400,True,20,2000,0.0,0.8,725914
0.0,,,0.4174849819963463,,0.0,0.0,0,0.058722890245972395,1.0547176701432333,0.0,1.0,400,True,20,2000,0.0,0.8,725915
0.0,,,0.4106180347795565,,0.0,0.0,0,-0.012312400482370523,1.0749157952344,0.0,1.0,400,True,20,2000,0.0,0.8,725916
0.0,,,0.3806564093455044,,0.05,0.0,1,-0.03547747009339377,0.9937647273700717,0.0,1.0,400,True,20,2000,0.0,0.8,725917
0.0,,,0.4445928993737146,,0.0,0.0,0,0.0806606151960513,0.9774059970134286,0.0,1.0,400,True,20,2000,0.0,0.8,725918
0.0,,,0.663151942583253,,0.0,0.0,0,-0.030694882877054498,0.9073218630915636,0.0,1.0,400,True,20,2000,0.0,0.8,725919
0.0,,,0.6026099887801389,,0.0,0.0,0,-0.05182174449230917,0.990899400077061,0.0,1.0,400,True,20,2000,0.0,0.8,725920
0.0,,,0.48739181276334387,,0.0,0.0,0,0.05201085880493091,0.958347039310149,0.0,1.0,400,True,20,2000,0.0,0.8,725921
0.0,,,0.4915317436716234,,0.05,0.0,1,-0.012693786334782738,1.0445773704297492,0.0,1.0,400,True,20,2000,0.0,0.8,725922
0.0,,,0.39968473882504785,,0.0,0.0,0,-0.06524724699881759,0.9480002311268675,0.0,1.0,400,True,20,2000,0.0,0.8,725923
0.0,,,0.3958749764082845,,0.05,0.0,1,0.02931378339938656,1.0537249103876327,0.0,1.0,400,True,20,2000,0.0,0.8,725924
0.0,,,0.5349605424500152,,0.0,0.0,0,-0.007735685902827994,1.0386348800419116,0.0,1.0,400,True,20,2000,0.0,0.8,725925
0.0,,,0.5756223413454856,,0.0,0.0,0,-0.04714178810763617,1.0476694309705394,0.0,1.0,400,True,20,2000,0.0,0.8,725926
0.0,,,0.6252465529947169,,0.0,0.0,0,-0.11792380946775113,1.0525918162556254,0.0,1.0,400,True,20,2000,0.0,0.8,725927
0.0,,,0.6120010328025036,,0.0,0.0,0,0.09944008306312392,1.061132177953309,0.0,1.0,400,True,20,2000,0.0,0.8,725928
0.0,,,0.5021137859640407,,0.0,0.0,0,-0.011717097573228925,0.9180608264706575,0.0,1.0,400,True,20,2000,0.0,0.8,725929
0.0,,,0.4158681025969302,,0.0,0.0,0,0.019544539985035442,0.942037731964074,0.0,1.0,400,True,20,2000,0.0,0.8,725930
0.0,,,0.5120117008087945,,0.05,0.0,1,0.010534174952674228,1.0034674685738116,0.0,1.0,400,True,20,2000,0.0,0.8,725931
0.0,,,0.3897576632537601,,0.0,0.0,0,-0.006912375071035492,1.0118165044995804,0.0,1.0,400,True,20,2000,0.0,0.8,725932
0.0,,,0.49296646276991074,,0.05,0.0,1,0.019428277140880718,1.003190055423097,0.0,1.0,400,True,20,2000,0.0,0.8,725933
0.0,,,0.5689262028685901,,0.0,0.0,0,-0.11029460322812326,1.0423100696729848,0.0,1.0,400,True,20,2000,0.0,0.8,725934
0.0,,,0.5198821873872348,,0.0,0.0,0,-0.027250891255475494,0.975055954332715,0.0,1.0,400,True,20,2000,0.0,0.8,725935
0.0,,,0.5829179374626703,,0.0,0.0,0,-0.009104105690062618,0.9064340883692886,0.0,1.0,400,True,20,2000,0.0,0.8,725936
0.0,,,0.5537294249803939,,0.0,0.0,0,0.010146930138096658,1.0255258001084882,0.0,1.0,400,True,20,2000,0.0,0.8,725937
0.0,,,0.5687586948242936,,0.0,0.0,0,-0.08025503827852909,1.010400229916623,0.0,1.0,400,True,20,2000,0.0,0.8,725938
0.0,,,0.5067127876852202,,0.0,0.0,0,0.0845645621900678,0.999606358275495,0.0,1.0,400,True,20,2000,0.0,0.8,725939
0.0,,,0.45880885693368983,,0.05,0.0,1,0.009303297455608126,1.0069303357385664,0.0,1.0,400,True,20,2000,0.0,0.8,725940
0.0,,,0.45974757660964516,,0.0,0.0,0,-0.04297407058005119,0.9969114391805619,0.0,1.0,400,True,20,2000,0.0,0.8,725941
0.0,,,0.33949226419041023,,0.0,0.0,0,-0.06913943527034977,0.9593532955386956,0.0,1.0,400,True,20,2000,0.0,0.8,725942
0.0,,,0.40208613353367817,,0.0,0.0,0,-0.007055812223349825,1.0190987030603011,0.0,1.0,400,True,20,2000,0.0,0.8,725943
0.0,,,0.46763433802218773,,0.0,0.0,0,-0.06109248053411216,1.0367029148478935,0.0,1.0,400,True,20,2000,0.0,0.8,725944
0.0,,,0.48174726971242154,,0.0,0.0,0,0.04629084067226692,1.0528065483483184,0.0,1.0,400,True,20,2000,0.0,0.8,725945
0.0,,,0.5200155119922474,,0.0,0.0,0,0.12700165612759873,0.9655572646204454,0.0,1.0,400,True,20,2000,0.0,0.8,725946
0.0,,,0.41935920597824994,,0.0,0.0,0,-0.06979700299000961,1.08552961266758,0.0,1.0,400,True,20,2000,0.0,0.8,725947
0.0,,,0.43641681770663815,,0.0,0.0,0,-0.007787676221526607,0.9266151029923064,0.0,1.0,400,True,20,2000,0.0,0.8,725948
0.0,,,0.5241708324461933,,0.0,0.0,0,-0.08424154994562238,0.9701529040561132,0.0,1.0,400,True,20,2000,0.0,0.8,725949
0.0,,,0.4736538675515991,,0.0,0.0,0,-0.14305107265662076,0.9680905005977254,0.0,1.0,400,True,20,2000,0.0,0.8,725950
0.0,,,0.3743231342981104,,0.0,0.0,0,-0.0549350756507357,0.9809272849591194,0.0,1.0,400,True,20,2000,0.0,0.8,725951
0.0,,,0.5210893781239021,,0.0,0.0,0,-0.09289689317252495,1.0110893912368801,0.0,1.0,400,True,20,2000,0.0,0.8,725952
0.0,,,0.43926389959276835,,0.05,0.0,1,0.014720793418204575,1.0074551481152896,0.0,1.0,400,True,20,2000,0.0,0.8,725953
0.0,,,0.44811450519512974,,0.05,0.0,1,0.15380988583238142,1.0501183639858405,0.0,1.0,400,True,20,2000,0.0,0.8,725954
0.0,,,0.5703513304612249,,0.0,0.0,0,0.028269776289338064,0.9625527674032667,0.0,1.0,400,True,20,2000,0.0,0.8,725955
0.0,,,0.512522273681667,,0.0,0.0,0,0.03499185263344723,1.0247886656849134,0.0,1.0,400,True,20,2000,0.0,0.8,725956
0.0,,,0.5260029516436108,,0.0,0.0,0,-0.07394415083789915,1.0253336091471712,0.0,1.0,400,True,20,2000,0.0,0.8,725957
0.0,,,0.38718823135153296,,0.0,0.0,0,-0.09216328253255009,0.9394241898532875,0.0,1.0,400,True,20,2000,0.0,0.8,725958
0.0,,,0.3369637790742586,,0.0,0.0,0,0.06533174511831157,1.001054634799564,0.0,1.0,400,True,20,2000,0.0,0.8,725959
0.0,,,0.3801045731854928,,0.0,0.0,0,-0.10819577183315124,1.0147688006709084,0.0,1.0,400,True,20,2000,0.0,0.8,725960
0.0,,,0.45327978172668526,,0.05,0.0,1,-0.02938297783101769,0.9356124412149441,0.0,1.0,400,True,20,2000,0.0,0.8,725961
0.0,,,0.46902144024063597,,0.05,0.0,1,-0.07125433833624525,0.9409085218320294,0.0,1.0,400,True,20,2000,0.0,0.8,725962
0.0,,,0.7255241099155324,,0.0,0.0,0,-0.01662677477573677,0.9878304936034629,0.0,1.0,400,True,20,2000,0.0,0.8,725963
0.0,,,0.4207127411476911,,0.0,0.0,0,-0.008786048463918335,1.0220137735323336,0.0,1.0,400,True,20,2000,0.0,0.8,725964
0.0,,,0.39314700833889626,,0.05,0.0,1,-0.055081896334181896,1.0900212978093162,0.0,1.0,400,True,20,2000,0.0,0.8,725965
0.0,,,0.5583251455587687,,0.0,0.0,0,-0.07820389750619139,1.0929550322986452,0.0,1.0,400,True,20,2000,0.0,0.8,725966
0.0,,,0.3349084880417591,,0.0,0.0,0,0.043429652115365217,1.0724959669750245,0.0,1.0,400,True,20,2000,0.0,0.8,725967
0.0,,,0.5586219565140047,,0.0,0.0,0,0.03921708378697531,0.9763495351187759,0.0,1.0,400,True,20,2000,0.0,0.8,725968
0.0,,,0.5389077445186607,,0.0,0.0,0,0.08562432419038808,0.9675834678132962,0.0,1.0,400,True,20,2000,0.0,0.8,725969
0.0,,,0.5905205087551741,,0.0,0.0,0,-0.007603974758630047,1.0539725887792089,0.0,1.0,400,True,20,2000,0.0,0.8,725970
0.0,,,0.5789025716012406,,0.0,0.0,0,0.03157648274572908,0.950117768635832,0.0,1.0,400,True,20,2000,0.0,0.8,725971
0.0,,,0.5633781728377135,,0.0,0.0,0,0.006528085072033949,1.047041731959082,0.0,1.0,400,True,20,2000,0.0,0.8,725972
0.0,,,0.5737356573581802,,0.0,0.0,0,-0.11255860700838324,1.0095122412219175,0.0,1.0,400,True,20,2000,0.0,0.8,725973
0.0,,,0.6438425104528014,,0.0,0.0,0,0.09676382442636158,1.0002742441305479,0.0,1.0,400,True,20,2000,0.0,0.8,725974
0.0,,,0.6251347230637619,,0.0,0.0,0,-0.16687378145365553,0.9625214612702916,0.0,1.0,400,True,20,2000,0.0,0.8,725975
0.0,,,0.50937763442593,,0.0,0.0,0,-0.036134191699558116,0.9738867525392156,0.0,1.0,400,True,20,2000,0.0,0.8,725976
0.0,,,0.37997197274131866,,0.05,0.0,1,0.09501417154730432,1.0268604670531747,0.0,1.0,400,True,20,2000,0.0,0.8,725977
0.0,,,0.5224832953827182,,0.0,0.0,0,0.036379412865252654,1.0378172566187216,0.0,1.0,400,True,20,2000,0.0,0.8,725978
0.0,,,0.3998859654983712,,0.0,0.0,0,-0.00364795380989685,0.9050161338574252,0.0,1.0,400,True,20,2000,0.0,0.8,725979
0.0,,,0.45232940713961545,,0.05,0.0,1,0.00365087466919795,0.9947175023262372,0.0,1.0,400,True,20,2000,0.0,0.8,725980
0.0,,,0.4066723630541273,,0.0,0.0,0,0.018323402335465425,0.9947693178085464,0.0,1.0,400,True,20,2000,0.0,0.8,725981
0.0,,,0.674885587591898,,0.0,0.0,0,0.019735238124418963,0.9687603420238312,0.0,1.0,400,True,20,2000,0.0,0.8,725982
0.0,,,0.376596842019404,,0.0,0.0,0,-0.1457548493941005,0.9595785782361886,0.0,1.0,400,True,20,2000,0.0,0.8,725983
0.0,,,0.4774356015047269,,0.0,0.0,0,0.07241195386362556,1.019883384671205,0.0,1.0,400,True,20,2000,0.0,0.8,725984
0.0,,,0.4582586450781084,,0.0,0.0,0,0.06633069669025701,0.9937004401022029,0.0,1.0,400,True,20,2000,0.0,0.8,725985
0.0,,,0.558667422853631,,0.0,0.0,0,0.004594506845617298,0.9043830110497815,0.0,1.0,400,True,20,2000,0.0,0.8,725986
0.0,,,0.5247809805844887,,0.0,0.0,0,-0.0019853677877684755,1.016053682165458,0.0,1.0,400,True,20,2000,0.0,0.8,725987
0.0,,,0.4124359252877122,,0.0,0.0,0,0.03640662118718428,0.9705310821932263,0.0,1.0,400,True,20,2000,0.0,0.8,725988
0.0,,,0.43384043001778405,,0.0,0.0,0,0.04210252186167682,0.9185726130493987,0.0,1.0,400,True,20,2000,0.0,0.8,725989
0.0,,,0.4541291257651897,,0.0,0.0,0,-0.11805387200708972,1.0230334481923002,0.0,1.0,400,True,20,2000,0.0,0.8,725990
0.0,,,0.5159249197132214,,0.0,0.0,0,0.012289248344080985,0.9843550934282632,0.0,1.0,400,True,20,2000,0.0,0.8,725991
0.0,,,0.5754225705891071,,0.0,0.0,0,0.05513090450663409,1.027586585157156,0.0,1.0,400,True,20,2000,0.0,0.8,725992
0.0,,,0.5013841350904318,,0.0,0.0,0,0.0036764934366801693,0.9931114390677119,0.0,1.0,400,True,20,2000,0.0,0.8,725993
0.0,,,0.5155493997085718,,0.05,0.0,1,-0.11191144042419524,0.8839448466742513,0.0,1.0,400,True,20,2000,0.0,0.8,725994
0.0,,,0.5415456723331677,,0.0,0.0,0,-0.00718889915943146,1.0059945812143196,0.0,1.0,400,True,20,2000,0.0,0.8,725995
0.0,,,0.46667050857186865,,0.0,0.0,0,-0.027852435004874106,1.0410411319076347,0.0,1.0,400,True,20,2000,0.0,0.8,725996
0.0,,,0.5118618377261346,,0.0,0.0,0,9.308048514501425e-05,0.9458357044472961,0.0,1.0,400,True,20,2000,0.0,0.8,725997
0.0,,,0.6235306189309114,,0.0,0.0,0,0.01384992783685253,0.9889909635944312,0.0,1.0,400,True,20,2000,0.0,0.8,725998
0.0,,,0.38692403046255114,,0.0,0.0,0,0.02311622632128264,0.9949536534792985,0.0,1.0,400,True,20,2000,0.0,0.8,725999
