n_foc,oracle,seed,power,type1
200,True,776200,0.75,0.0625
200,True,776201,0.75,0.0
200,True,776202,1.0,0.0
200,True,776203,1.0,0.0
200,True,776204,1.0,0.0625
200,True,776205,1.0,0.0
200,True,776206,1.0,0.0
200,True,776207,1.0,0.0
200,True,776208,0.5,0.0
200,True,776209,0.75,0.0
200,True,776210,0.75,0.0
200,True,776211,0.5,0.0
200,True,776212,1.0,0.0
200,True,776213,0.75,0.0
200,True,776214,0.75,0.0
200,True,776215,1.0,0.0
200,True,776216,1.0,0.0
200,True,776217,1.0,0.0
200,True,776218,0.75,0.0
200,True,776219,0.75,0.0
200,True,776220,1.0,0.0
200,True,776221,1.0,0.0
200,True,776222,0.75,0.0
200,True,776223,1.0,0.0
200,True,776224,1.0,0.0
200,True,776225,1.0,0.0625
200,True,776226,1.0,0.0
200,True,776227,1.0,0.0
200,True,776228,0.5,0.0
200,True,776229,1.0,0.0
200,True,776230,1.0,0.125
200,True,776231,1.0,0.0
200,True,776232,1.0,0.0
200,True,776233,1.0,0.0
200,True,776234,1.0,0.0625
200,True,776235,0.5,0.0
200,True,776236,0.5,0.0625
200,True,776237,1.0,0.0
200,True,776238,1.0,0.0
200,True,776239,0.75,0.0
200,False,776200,0.75,0.0
200,False,776201,0.75,0.0
200,False,776202,1.0,0.0
200,False,776203,1.0,0.0
200,False,776204,1.0,0.0625
200,False,776205,1.0,0.0
200,False,776206,1.0,0.0
200,False,776207,0.75,0.0
200,False,776208,0.5,0.0
200,False,776209,0.75,0.0
200,False,776210,0.75,0.0
200,False,776211,0.75,0.0
200,False,776212,0.75,0.125
200,False,776213,1.0,0.0
200,False,776214,0.75,0.0
200,False,776215,1.0,0.0
200,False,776216,1.0,0.0
200,False,776217,1.0,0.0
200,False,776218,0.75,0.0
200,False,776219,0.75,0.0
200,False,776220,1.0,0.0
200,False,776221,1.0,0.0
200,False,776222,0.75,0.0
200,False,776223,1.0,0.0625
200,False,776224,1.0,0.0
200,False,776225,1.0,0.0625
200,False,776226,1.0,0.0
200,False,776227,1.0,0.0
200,False,776228,0.5,0.0
200,False,776229,1.0,0.0
200,False,776230,1.0,0.0625
200,False,776231,1.0,0.0
200,False,776232,1.0,0.0
200,False,776233,1.0,0.0
200,False,776234,1.0,0.0625
200,False,776235,0.75,0.125
200,False,776236,0.5,0.0625
200,False,776237,1.0,0.0
200,False,776238,1.0,0.0
200,False,776239,0.75,0.0
400,True,782400,1.0,0.0
400,True,782401,1.0,0.0625
400,True,782402,1.0,0.0625
400,True,782403,1.0,0.0
400,True,782404,1.0,0.0
400,True,782405,1.0,0.0625
400,True,782406,1.0,0.0
400,True,782407,1.0,0.0625
400,True,782408,1.0,0.0
400,True,782409,1.0,0.0
400,True,782410,1.0,0.0
400,True,782411,1.0,0.0
400,True,782412,1.0,0.0
400,True,782413,1.0,0.0
400,True,782414,1.0,0.0
400,True,782415,1.0,0.0
400,True,782416,1.0,0.0
400,True,782417,1.0,0.0
400,True,782418,1.0,0.0
400,True,782419,1.0,0.0
400,True,782420,1.0,0.0
400,True,782421,0.75,0.0
400,True,782422,1.0,0.0
400,True,782423,1.0,0.0
400,True,782424,1.0,0.0
400,True,782425,1.0,0.0
400,True,782426,1.0,0.0
400,True,782427,1.0,0.0
400,True,782428,1.0,0.0625
400,True,782429,1.0,0.0
400,True,782430,1.0,0.0625
400,True,782431,1.0,0.0
400,True,782432,1.0,0.0625
400,True,782433,1.0,0.0
400,True,782434,1.0,0.0
400,True,782435,1.0,0.0
400,True,782436,1.0,0.0
400,True,782437,1.0,0.0625
400,True,782438,1.0,0.0625
400,True,782439,1.0,0.0
400,False,782400,1.0,0.0
400,False,782401,1.0,0.0625
400,False,782402,1.0,0.0
400,False,782403,1.0,0.0
400,False,782404,1.0,0.0
400,False,782405,1.0,0.0625
400,False,782406,1.0,0.0
400,False,782407,1.0,0.0
400,False,782408,1.0,0.0
400,False,782409,1.0,0.0
400,False,782410,1.0,0.0
400,False,782411,1.0,0.0
400,False,782412,1.0,0.0625
400,False,782413,1.0,0.0625
400,False,782414,1.0,0.125
400,False,782415,1.0,0.0
400,False,782416,1.0,0.0
400,False,782417,1.0,0.0
400,False,782418,1.0,0.0
400,False,782419,1.0,0.0
400,False,782420,1.0,0.0
400,False,782421,0.75,0.0
400,False,782422,1.0,0.0625
400,False,782423,1.0,0.0
400,False,782424,1.0,0.0
400,False,782425,1.0,0.1875
400,False,782426,1.0,0.0
400,False,782427,1.0,0.0
400,False,782428,1.0,0.0625
400,False,782429,1.0,0.0
400,False,782430,1.0,0.0
400,False,782431,1.0,0.0625
400,False,782432,1.0,0.0625
400,False,782433,1.0,0.0
400,False,782434,1.0,0.0
400,False,782435,1.0,0.0
400,False,782436,1.0,0.0
400,False,782437,1.0,0.0625
400,False,782438,1.0,0.0625
400,False,782439,1.0,0.0625
800,True,794800,1.0,0.125
800,True,794801,1.0,0.0
800,True,794802,1.0,0.0
800,True,794803,1.0,0.0625
800,True,794804,1.0,0.0
800,True,794805,1.0,0.0
800,True,794806,1.0,0.0
800,True,794807,1.0,0.0625
800,True,794808,1.0,0.0
800,True,794809,1.0,0.0
800,True,794810,1.0,0.0
800,True,794811,1.0,0.0
800,True,794812,1.0,0.0
800,True,794813,1.0,0.125
800,True,794814,1.0,0.0
800,True,794815,1.0,0.125
800,True,794816,1.0,0.0
800,True,794817,1.0,0.0
800,True,794818,1.0,0.0
800,True,794819,1.0,0.0
800,True,794820,1.0,0.0
800,True,794821,1.0,0.0
800,True,794822,1.0,0.0
800,True,794823,1.0,0.0
800,True,794824,1.0,0.0
800,True,794825,1.0,0.0
800,True,794826,1.0,0.125
800,True,794827,1.0,0.0625
800,True,794828,1.0,0.0625
800,True,794829,1.0,0.0
800,True,794830,1.0,0.0
800,True,794831,1.0,0.0625
800,True,794832,1.0,0.0
800,True,794833,1.0,0.0625
800,True,794834,1.0,0.0
800,True,794835,1.0,0.0
800,True,794836,1.0,0.0625
800,True,794837,1.0,0.0
800,True,794838,1.0,0.0625
800,True,794839,1.0,0.0
800,False,794800,1.0,0.0625
800,False,794801,1.0,0.0625
800,False,794802,1.0,0.0
800,False,794803,1.0,0.1875
800,False,794804,1.0,0.0625
800,False,794805,1.0,0.0
800,False,794806,1.0,0.125
800,False,794807,1.0,0.0625
800,False,794808,1.0,0.0
800,False,794809,1.0,0.0625
800,False,794810,1.0,0.0
800,False,794811,1.0,0.0
800,False,794812,1.0,0.0
800,False,794813,1.0,0.1875
800,False,794814,1.0,0.1875
800,False,794815,1.0,0.1875
800,False,794816,1.0,0.0625
800,False,794817,1.0,0.0
800,False,794818,1.0,0.0625
800,False,794819,1.0,0.125
800,False,794820,1.0,0.125
800,False,794821,1.0,0.0
800,False,794822,1.0,0.0
800,False,794823,1.0,0.125
800,False,794824,1.0,0.0
800,False,794825,1.0,0.0
800,False,794826,1.0,0.0
800,False,794827,1.0,0.0625
800,False,794828,1.0,0.0625
800,False,794829,1.0,0.0
800,False,794830,1.0,0.125
800,False,794831,1.0,0.0
800,False,794832,1.0,0.0
800,False,794833,1.0,0.0
800,False,794834,1.0,0.0
800,False,794835,1.0,0.0625
800,False,794836,1.0,0.0625
800,False,794837,1.0,0.0
800,False,794838,1.0,0.0
800,False,794839,1.0,0.0
1600,True,819600,1.0,0.0
1600,True,819601,1.0,0.0
1600,True,819602,1.0,0.0
1600,True,819603,1.0,0.0
1600,True,819604,1.0,0.0
1600,True,819605,1.0,0.0
1600,True,819606,1.0,0.0
1600,True,819607,1.0,0.0
1600,True,819608,1.0,0.0
1600,True,819609,1.0,0.0
1600,True,819610,1.0,0.0
1600,True,819611,1.0,0.0
1600,True,819612,1.0,0.0
1600,True,819613,1.0,0.0
1600,True,819614,1.0,0.0
1600,True,819615,1.0,0.0
1600,True,819616,1.0,0.0
1600,True,819617,1.0,0.0
1600,True,819618,1.0,0.0
1600,True,819619,1.0,0.0
1600,True,819620,1.0,0.0
1600,True,819621,1.0,0.0625
1600,True,819622,1.0,0.0
1600,True,819623,1.0,0.0
1600,True,819624,1.0,0.0
1600,True,819625,1.0,0.0
1600,True,819626,1.0,0.0
1600,True,819627,1.0,0.0
1600,True,819628,1.0,0.0
1600,True,819629,1.0,0.0
1600,True,819630,1.0,0.0625
1600,True,819631,1.0,0.0625
1600,True,819632,1.0,0.0
1600,True,819633,1.0,0.0625
1600,True,819634,1.0,0.0625
1600,True,819635,1.0,0.0
1600,True,819636,1.0,0.0
1600,True,819637,1.0,0.0
1600,True,819638,1.0,0.0
1600,True,819639,1.0,0.0625
1600,False,819600,1.0,0.0
1600,False,819601,1.0,0.125
1600,False,819602,1.0,0.0
1600,False,819603,1.0,0.0
1600,False,819604,1.0,0.0
1600,False,819605,1.0,0.0625
1600,False,819606,1.0,0.0
1600,False,819607,1.0,0.0
1600,False,819608,1.0,0.125
1600,False,819609,1.0,0.0
1600,False,819610,1.0,0.3125
1600,False,819611,1.0,0.0625
1600,False,819612,1.0,0.0
1600,False,819613,1.0,0.0
1600,False,819614,1.0,0.125
1600,False,819615,1.0,0.125
1600,False,819616,1.0,0.0625
1600,False,819617,1.0,0.0
1600,False,819618,1.0,0.0
1600,False,819619,1.0,0.0625
1600,False,819620,1.0,0.3125
1600,False,819621,1.0,0.0625
1600,False,819622,1.0,0.0625
1600,False,819623,1.0,0.125
1600,False,819624,1.0,0.0625
1600,False,819625,1.0,0.0
1600,False,819626,1.0,0.125
1600,False,819627,1.0,0.0625
1600,False,819628,1.0,0.0625
1600,False,819629,1.0,0.0
1600,False,819630,1.0,0.0625
1600,False,819631,1.0,0.0625
1600,False,819632,1.0,0.0
1600,False,819633,1.0,0.0
1600,False,819634,1.0,0.1875
1600,False,819635,1.0,0.0
1600,False,819636,1.0,0.125
1600,False,819637,1.0,0.125
1600,False,819638,1.0,0.0625
1600,False,819639,1.0,0.25
3200,True,869200,1.0,0.125
3200,True,869201,1.0,0.0
3200,True,869202,1.0,0.0
3200,True,869203,1.0,0.0625
3200,True,869204,1.0,0.0
3200,True,869205,1.0,0.0
3200,True,869206,1.0,0.0
3200,True,869207,1.0,0.0
3200,True,869208,1.0,0.0
3200,True,869209,1.0,0.0
3200,True,869210,1.0,0.0
3200,True,869211,1.0,0.0
3200,True,869212,1.0,0.0
3200,True,869213,1.0,0.0
3200,True,869214,1.0,0.0
3200,True,869215,1.0,0.0
3200,True,869216,1.0,0.0
3200,True,869217,1.0,0.0625
3200,True,869218,1.0,0.0
3200,True,869219,1.0,0.0
3200,True,869220,1.0,0.0
3200,True,869221,1.0,0.0
3200,True,869222,1.0,0.0625
3200,True,869223,1.0,0.0
3200,True,869224,1.0,0.0
3200,True,869225,1.0,0.0
3200,True,869226,1.0,0.0
3200,True,869227,1.0,0.0
3200,True,869228,1.0,0.0
3200,True,869229,1.0,0.0625
3200,True,869230,1.0,0.0
3200,True,869231,1.0,0.0625
3200,True,869232,1.0,0.0
3200,True,869233,1.0,0.0
3200,True,869234,1.0,0.0
3200,True,869235,1.0,0.0625
3200,True,869236,1.0,0.0
3200,True,869237,1.0,0.0
3200,True,869238,1.0,0.0
3200,True,869239,1.0,0.0
3200,False,869200,1.0,0.75
3200,False,869201,1.0,0.375
3200,False,869202,1.0,0.0
3200,False,869203,1.0,0.125
3200,False,869204,1.0,0.3125
3200,False,869205,1.0,0.25
3200,False,869206,1.0,0.25
3200,False,869207,1.0,0.1875
3200,False,869208,1.0,0.0
3200,False,869209,1.0,0.375
3200,False,869210,1.0,0.4375
3200,False,869211,1.0,0.1875
3200,False,869212,1.0,0.6875
3200,False,869213,1.0,0.25
3200,False,869214,1.0,0.0625
3200,False,869215,1.0,0.4375
3200,False,869216,1.0,0.375
3200,False,869217,1.0,0.25
3200,False,869218,1.0,0.3125
3200,False,869219,1.0,0.0625
3200,False,869220,1.0,0.125
3200,False,869221,1.0,0.3125
3200,False,869222,1.0,0.3125
3200,False,869223,1.0,0.1875
3200,False,869224,1.0,0.25
3200,False,869225,1.0,0.0625
3200,False,869226,1.0,0.3125
3200,False,869227,1.0,0.1875
3200,False,869228,1.0,0.125
3200,False,869229,1.0,0.6875
3200,False,869230,1.0,0.0
3200,False,869231,1.0,0.25
3200,False,869232,1.0,0.1875
3200,False,869233,1.0,0.0625
3200,False,869234,1.0,0.125
3200,False,869235,1.0,0.0625
3200,False,869236,1.0,0.0
3200,False,869237,1.0,0.125
3200,False,869238,1.0,0.25
3200,False,869239,1.0,0.375
