item,a_ref,b_ref,a_foc,b_foc,lr_total,p_total,lr_uniform,p_uniform,lr_nonuniform,p_nonuniform,flag_total,flag_uniform,flag_nonuniform,signed_area,unsigned_area,ets,delta_mh
spi0,1.3545265990778739,1.2111199910386607,1.7820377388407809,1.0001534275447008,8.501549853368488,0.014253184455324072,0.9610232738996274,0.32692919926558445,7.54052657946886,0.006032640940670209,True,False,True,0.21096656349395992,0.3049536275650602,A,0.7225621726213753
spi1,0.05,4.323125533103514,0.09183127578352548,6.0,39.41082635067869,2.7672461654892816e-09,17.903438840854506,2.3240080282660197e-05,21.507387509824184,3.524682083010255e-06,True,True,True,-1.6768744668964857,12.706837440713448,A,-0.748451787091233
spi2,0.43155578323707416,-0.26480673362991985,0.6481039495718579,0.4827181794156913,59.70569140605221,1.0841112272268941e-13,53.94286052269308,2.0640566743890502e-13,5.762830883359129,0.01636867865032065,True,True,False,-0.7475249130456112,1.247150479003675,A,-0.6653407859486585
spi3,0.05,6.0,0.1100362582367657,6.0,43.45453191910201,3.6641081759850734e-10,0.0,1.0,43.45453191910201,4.339255344001301e-11,True,False,True,0.0,15.127363941671629,A,-0.830989364026519
spi4,0.422876690018384,1.0892730579244019,0.4426620129119672,2.0826157966017083,67.61273513612832,2.0800851426598275e-15,67.56771190491418,2.035742156907218e-16,0.0450232312141452,0.831961317003299,True,True,False,-0.9933427386773064,0.9933602576300653,A,-0.8374402957329533
spi5,0.2575035816496016,3.7073999837480813,0.2836738141109344,4.689758053360705,37.180824696450145,8.438912830183763e-09,37.11260018838948,1.1150089685388181e-09,0.06822450806066627,0.7939396537774968,True,True,False,-0.9823580696126233,1.027106242067242,A,-0.7011349799995795
spi6,0.0741581102597529,6.0,0.1605710779625178,6.0,82.87686242654308,1.0081333581207268e-18,0.0,1.0,82.87686242654308,8.732740485760252e-20,True,False,True,0.0,10.060241353379574,B,-1.1411008561070917
spi7,0.13113467416948887,6.0,0.1705884952382142,6.0,16.227248485360178,0.0002994316911607366,0.0,1.0,16.227248485360178,5.6180213659542154e-05,True,False,True,0.0,2.444990902691311,A,-0.40672424629519954
spi8,1.486074840085558,0.8472877109671012,1.546697129637784,0.6048256483353623,29.55259939437383,3.8259084937085887e-07,29.354805867413233,6.026687010894874e-08,0.19779352696059505,0.6565077732338496,True,True,False,0.24246206263173886,0.24246742953314115,B,1.3443587206116823
spi9,2.0130744237629283,0.8463896420276196,1.9279163775476942,0.7136583466906585,17.127485455814167,0.00019090345519250405,16.881924091256224,3.9778597939474095e-05,0.2455613645579433,0.6202179451001775,True,True,False,0.13273129533696104,0.1328347321953075,B,1.2451424145869656
spi10,0.16907756816102637,2.308684812172306,0.14759664583384738,6.0,88.22720553100226,6.945535606367029e-20,87.17258764966391,9.945270122096277e-21,1.0546178813383449,0.304445939342755,True,True,False,-3.691315187827694,3.714787060469487,B,-1.108966900424858
spi11,0.051947208736099725,6.0,0.05,6.0,0.20069573679211317,0.9045227084365909,0.0,1.0,0.20069573679211317,0.654159852460761,False,False,False,0.0,1.0392875984894,A,0.13905451958539009
spi12,0.482189817421098,1.511702443382355,0.6674600249241653,0.9545244015834237,10.183806103203096,0.0061463120014490355,6.188371318465215,0.012859248127584596,3.9954347847378813,0.04562368008740793,True,True,False,0.5571780417989313,0.9278949892197781,A,0.5703668153155562
spi13,0.7698430863040329,1.9817932205773519,1.021339971652512,1.997482190036805,34.81708176531538,2.7514825109079966e-08,30.87388617126271,2.7535206716041047e-08,3.9431955940526677,0.047061299033027346,True,True,False,-0.015688969459453084,0.4436126169687991,A,-0.528676811795371
spi14,1.30066367931526,0.5540648562145908,1.408644585050336,0.6164613699003466,4.213332655657723,0.1216428084985994,3.5319488700988586,0.06019699287939875,0.6813837855588645,0.40911062947804766,False,False,False,-0.06239651368575583,0.09749950975447458,A,0.34116526959218874
spi15,0.5409918933125771,1.6808519082442301,0.6039754106903293,1.3356918315974227,4.932380447004107,0.08490772303886701,4.486359291840927,0.034166366050604045,0.4460211551631801,0.5042305257107842,False,False,False,0.3451600766468075,0.40465097745715156,A,0.5994335633182326
spi16,1.2479215062521507,0.6220726932885787,1.5409876486337455,0.9495115146413732,84.75736185837741,3.937066243482146e-19,80.01770146878698,3.7107047547466647e-19,4.739660389590426,0.029474889187751183,True,True,False,-0.32743882135279445,0.3610679198904536,A,-0.6910002116268378
spi17,0.9335186476226253,0.8266417119699538,1.1183916416051263,0.48564686126526296,25.979688689709292,2.2834014907171236e-06,23.06259914252587,1.5681154069523181e-06,2.917089547183423,0.0876458190162968,True,True,False,0.3409948507046909,0.3891870213548956,B,1.068942060351116
spi18,0.14245092933346706,6.0,0.18761798897792822,6.0,20.382491983633372,3.749713635326605e-05,0.0,1.0,20.382491983633372,6.340725788772374e-06,True,False,True,0.0,2.3428123912350194,A,-0.5815693391890819
spi19,1.158799407718172,0.5261470710287098,1.728886817297266,0.32782654522012045,27.265416787435242,1.2005768675555565e-06,8.706381810821767,0.003170979574037019,18.559034976613475,1.6472260964482443e-05,True,True,True,0.1983205258085894,0.428354668498131,A,0.9807220929132933
spi20,0.8042300486103537,0.3702236172377474,1.0915167708493798,0.5293376380801444,21.990853433380835,1.677825732363843e-05,14.551734207649133,0.00013636308272543715,7.439119225731702,0.006382111659325853,True,True,True,-0.15911402084239706,0.4728434177093184,A,-0.05804153433242368
spi21,0.46334455228628507,2.1282443285316974,0.839278787327196,1.3216797450993776,14.068553480923583,0.0008811552384453639,0.012796636583516374,0.9099336593097305,14.055756844340067,0.00017746974532366206,True,False,True,0.8065645834323198,1.5037318656350758,A,0.22456934504364165
spi22,0.13952035971985857,6.0,0.15234093596832982,6.0,1.7557953785653808,0.4156558314950016,0.0,1.0,1.7557953785653808,0.18514982818209613,False,False,False,0.0,0.8361973671342525,A,-0.016599311487306513
spi23,0.05,-0.7990957666927202,0.05,4.287941717618782,24.253463561566605,5.412866351248812e-06,24.25346360815456,8.445507379657827e-07,0.0,1.0,True,True,False,-5.0870374843115025,5.0870374843115025,A,-0.5604287092858792
spi24,0.6193849595968319,2.3185308953397215,0.7436644873034342,2.436803080758967,23.914953667350346,6.411118343561863e-06,22.794494848429167,1.8028138402931892e-06,1.120458818921179,0.28981967982017864,True,True,False,-0.11827218541924545,0.38689808535311176,A,-0.43070341218423175
spi25,0.16826882024549772,2.5274985534991212,0.3112082745959624,2.777049999427762,58.43060412169871,2.0509521486423364e-13,55.91095204754674,7.582895754148327e-14,2.5196520741519635,0.11243538959704637,True,True,False,-0.24955144592864098,3.789716288088705,A,-0.8462951574529254
spi26,0.05,1.4169744473393853,0.06342030970787964,5.941207804070646,35.4657041125829,1.9893912504883174e-08,33.40052147048118,7.500385166826601e-09,2.0651826421017176,0.15069687308586438,True,True,False,-4.52423335673126,7.022623180929415,A,-0.7082988849382568
spi27,1.1563749355087423,0.899928192867863,2.133297462451903,0.8167565810770142,57.77202879275137,2.850777638131221e-13,17.180216054075572,3.3995844924678626e-05,40.5918127386758,1.875910301209459e-10,True,True,True,0.08317161179084875,0.553350308230724,A,-0.03301329645300361
spi28,0.05526232012577769,6.0,0.08103009909414628,6.0,8.224568007462949,0.01637034187248272,0.0,1.0,8.224568007462949,0.004132704177507492,True,False,True,0.0,7.977318995616177,A,-0.3088432425566145
spi29,0.05,1.5455860034093125,0.05,-0.3998752364718629,3.563065093672776,0.16837989934856662,3.563065093672776,0.05907855501906288,0.0,1.0,False,False,False,1.9454612398811755,1.9454612398811755,A,0.2592002529619916
spi30,0.05,-1.0881997652379385,0.05,5.6353851062754865,42.213962968489795,6.813251362804996e-10,42.213962968489795,8.18137903340594e-11,0.0,1.0,True,True,False,-6.723584871513425,6.723584871513425,A,-0.7375695740020264
spi31,0.17478147650706005,0.3478569480151649,0.06443106393544455,6.0,48.211782838450745,3.3958177594330446e-11,44.65923708914488,2.3448871204586085e-11,3.552545749305864,0.05945416827583182,True,True,False,-5.652143051984835,14.388338668303886,A,-0.7172834533351609
spi32,0.2589530672286101,2.9798948270958054,0.28977778950640126,3.9048947032727743,37.19759473231534,8.368448231089249e-09,37.093083380263124,1.126224952149509e-09,0.10451135205221362,0.7464815669216174,True,True,False,-0.9249998761769689,1.0071858627857793,A,-0.6763044350007362
spi33,0.8878552569557532,1.4330726186535934,0.8871641257872722,1.1101623386787975,23.00914884830854,1.0083860080270721e-05,23.009106964462262,1.6123579829805893e-06,4.1883846279233694e-05,0.994836308256393,True,True,False,0.3229102799747958,0.32291027997479593,B,1.0725324273428198
spi34,0.40733410462939346,0.33774112024222896,0.6398410195558235,0.014742032963740964,16.272216926859983,0.0002927743262101709,9.542549012396194,0.0020076273487521314,6.729667914463789,0.00948222518326748,True,True,True,0.32299908727848803,1.2657901924500115,A,0.5949348844062723
spi35,0.05,0.4852758830420951,0.07544792489932471,6.0,77.34457167400251,1.6026535814800042e-17,69.26744769286597,8.597697093353066e-17,8.077123981136538,0.004482753386436855,True,True,True,-5.514724116957905,10.448719664699468,B,-1.1591746482569136
spi36,1.8235066419995454,0.6412628751736239,1.6990148284208342,0.5643236582641477,7.18671547168924,0.027505817923122833,6.520926342200255,0.010661245853168444,0.665789129488985,0.41452357173615817,True,True,False,0.07693921690947625,0.0879878007748442,B,1.026311251506381
spi37,0.25799257597769354,1.3728310811858746,0.1277941608468897,6.0,72.74738572351635,1.596268353439944e-16,67.30330838859663,2.3279042048987563e-16,5.444077334919712,0.019634783264892347,True,True,False,-4.627168918814125,6.758821134825831,A,-0.9064179821982977
spi38,0.07469469998188474,6.0,0.06284359487567585,6.0,1.7524424879011349,0.41635324019392284,0.4848901962832315,0.48621556864566917,1.2675522916179034,0.26022637102453283,False,False,False,0.0,3.499963369675728,A,0.23327167458940443
spi39,0.05,4.941516227920089,0.1273774740698173,4.955316652927282,49.51953261662857,1.765916315549123e-11,13.128288154883194,0.000290870416568933,36.39124446174537,1.6142675439576786e-09,True,True,True,-0.013800425007192807,16.84253542056879,A,-0.8283191111668566
spi40,0.6570654513982915,2.2759314019564445,1.0201143787843887,1.8076250677365708,16.79707022527873,0.0002251969708685432,7.6349821009062,0.005724695366267102,9.16208812437253,0.0024708047255466935,True,True,True,0.46830633421987367,0.8490889601845018,A,-0.05865611789698121
spi41,1.21043624360126,0.4052891534446778,1.4390927216616276,0.3452541353895837,3.7339864968089387,0.15458777076171076,0.5617920420118026,0.4535391014559792,3.172194454797136,0.07490174459654494,False,False,False,0.06003501805509409,0.18877885037442962,A,0.6012562082241103
spi42,0.5345846968981557,0.9138728576466683,0.5370766865079781,0.8742077983031881,0.13247235040034866,0.9359097995033933,0.13171219763171393,0.7166633377030709,0.0007601527686347254,0.9780044167053744,False,False,False,0.03966505934348019,0.03984394061039925,A,0.3588133126353748
spi43,1.295487169714625,0.5504861094357582,1.3303218906026042,0.7118312642389962,13.435652770356683,0.0012091636155750665,13.356960252051067,0.0002574652836180652,0.07869251830561552,0.7790771506257319,True,True,False,-0.16134515480323808,0.1613589544000016,A,0.09032791575414288
spi44,0.08505508488529405,6.0,0.17360027766712677,6.0,84.50665795460372,4.462850955863491e-19,0.0,1.0,84.50665795460372,3.829231690166017e-20,True,False,True,0.0,8.313229053179889,B,-1.1376356751068226
spi45,0.9134128323895563,0.5672720909213131,1.0690159361417175,0.5205711121703404,2.039477116173657,0.36068922712886103,0.000328735368384514,0.9855342990272983,2.0391483808052726,0.1532954483070983,False,False,False,0.04670097875097279,0.22432297739133966,A,0.4521548366556835
spi46,1.0908834652993327,0.41141326078940604,0.8448520689838291,0.36917202359285606,7.886073100838985,0.019389248832534223,2.4080920650521875,0.12070940537570451,5.477981035786797,0.019257489062433894,True,False,False,0.042241237196549986,0.37174190191337425,A,0.7805948297556541
spi47,0.5862056287193175,-0.028319644395887793,0.6905176154659495,0.36560748180980845,23.244312570655893,8.965234577486726e-06,21.97243553835142,2.7659450789416045e-06,1.2718770323044737,0.2594148450772047,True,True,False,-0.39392712620569625,0.49507253232220505,A,-0.23708635052233618
spi48,0.1860681084056175,0.8297857272113283,0.2515678366058132,0.5253787170579176,1.0192873965934268,0.6007095745310684,0.4052311008053948,0.5243999890369959,0.614056295788032,0.43326461805715666,False,False,False,0.30440701015341065,1.9563716245840215,A,0.17991665058305437
spi49,0.12393170521151417,6.0,0.3503550001385223,2.323445009874809,6.633286878808576,0.036274384810512164,0.0,1.0,6.633286878808576,0.010009040564829354,False,False,True,3.676554990125191,7.864158522024309,A,0.08125162489947153
spi50,0.05,3.6744173724459217,0.0878898610646648,6.0,44.87165074429504,1.8040345219494253e-10,27.162123503709154,1.8708829390349184e-07,17.709527240585885,2.573345139552914e-05,True,True,True,-2.3255826275540783,12.109143515073235,A,-0.8596909039862358
spi51,0.21868093642292555,0.27031648244165385,0.30710516667621696,-0.0052370098922279494,3.16056754096644,0.20591665684409335,2.0567746109809377,0.15153061697916329,1.1037929299855023,0.29343521902738035,False,False,False,0.2755534923338818,1.8396675331127947,A,0.35454447144333107
spi52,0.09653803329173458,5.678214899066771,0.09892049832147452,5.678344860978815,0.061055244725139346,0.9699336398385118,0.060584836472116876,0.8055739591056181,0.0004704082530224696,0.9826961206024336,False,False,False,-0.00012996191204450724,0.3458575575857853,A,-0.0024080697934832037
spi53,0.09241847764466408,6.0,0.0763501604471524,6.0,3.156949465199432,0.2062895050237272,2.7021166443955735,0.10021512022191435,0.45483282080385834,0.5000488148502622,False,False,False,0.0,3.156872839662074,A,0.28156170013203596
spi54,1.1427123893722555,0.8716198350004063,1.4126656810381875,0.8191594993944511,5.44884626725252,0.06558402502645883,1.0425477738681366,0.3072296665799602,4.406298493384384,0.03580645566847665,False,False,False,0.0524603356059552,0.23592647736521835,A,0.4220822242818718
spi55,0.36427444289998695,2.268893826564144,0.449645520060735,1.4590518166127509,12.895121553126955,0.0015843821211815436,11.980405148075079,0.0005376289371280856,0.9147164050518768,0.3388661068809232,True,True,False,0.8098420099513932,1.0097947222900256,A,0.6413774439363338
spi56,0.09841900665917502,6.0,0.1065579467890843,6.0,0.7804251364505035,0.6769129690153666,0.0,1.0,0.7804251364505035,0.37701114948956727,False,False,False,0.0,1.0758667591968822,A,-0.015085596617769391
spi57,0.7256344768540088,0.29974164707921663,0.8671025955734143,0.10185326608982354,9.793803906839457,0.007469688704826526,7.708124189230148,0.005497284654139532,2.0856797176093096,0.14868602760359434,True,True,False,0.1978883809893931,0.3538973582604227,A,0.6772522282235371
spi58,1.1914637905732348,0.7772976038560264,1.30404761460549,0.8231718331454786,3.956872062801267,0.1382853422091737,3.1112253857936594,0.07775444116318697,0.8456466770076077,0.35778679605493713,False,False,False,-0.04587422928945217,0.10759421453349619,A,0.3035452428457396
spi59,0.07300563925389925,6.0,0.15990718850609462,6.0,83.98004968038003,5.8071616709128805e-19,0.0,1.0,83.98004968038003,4.99792935921992e-20,True,False,True,0.0,10.319498209418919,B,-1.1246571977676605
spi60,0.12800878926974893,6.0,0.23030293247296074,6.0,97.32050257491937,7.364128834590379e-22,0.0,1.0,97.32050257491937,5.896658331503139e-23,True,False,True,0.0,4.810242464836287,B,-1.316957909224481
spi61,0.07867514920410676,6.0,0.12979776988607228,6.0,30.2525638310035,2.6961200890024575e-07,0.0,1.0,30.2525638310035,3.7928954805053095e-08,True,False,True,0.0,6.9400685405845675,A,-0.6130548098672755
spi62,1.5036079799479032,0.8119072657590375,1.6342617748148986,0.5221718037282879,42.47487671812269,5.979952177632326e-10,41.597800995259604,1.121193116301474e-10,0.8770757228630828,0.34900386814591833,True,True,False,0.2897354620307496,0.29019169777090786,B,1.4789810563346129
spi63,1.9779907421385745,0.9697343540018866,1.6060887655294829,0.9850452765672196,9.91238015498675,0.0070396975069833435,4.508964487722551,0.03371764778259027,5.403415667264198,0.02009738256668605,True,False,False,-0.015310922565333063,0.16278965962485842,A,0.9591307333124336
spi64,0.24047177490391755,1.2928898281593706,0.1231161874613006,6.0,74.17190437041427,7.830249668924728e-17,70.82051960360695,3.912465246870912e-17,3.351384766807314,0.06714850334566973,True,True,False,-4.707110171840629,6.817437824153734,A,-0.9254125632704189
spi65,0.29344949400680176,0.9440122238101262,0.4081816469025657,0.9816486401290548,5.50596285899519,0.06373754863831309,3.7413019105079,0.05308306947257591,1.7646609484872897,0.18404421131087872,False,False,False,-0.03763641631892867,1.3282341859977476,A,-0.07773393137896499
spi66,0.19623674372372016,3.67016403853413,0.21147726239280482,4.872880930644207,29.15404237099574,4.6696049056648947e-07,29.1264534729562,6.78048166046377e-08,0.027588898039539345,0.8680789931662366,True,True,False,-1.2027168921100775,1.2299814016004196,A,-0.5865392133414219
spi67,0.2503314393482146,0.7662449864708303,0.05960271566118703,-1.5591410374132337,29.554120559012517,3.822999681688564e-07,24.257020678269328,8.4299247468649e-07,5.29709988074319,0.02136096145422634,True,True,False,2.325386023884064,17.826685276117686,A,0.7524027465942875
spi68,0.1299059206303352,6.0,0.14663453962847667,6.0,3.0413832562044263,0.21856067196320628,0.0,1.0,3.0413832562044263,0.08116672622688129,False,False,False,0.0,1.2174477227338776,A,-0.12973545547394041
spi69,0.6885380184450562,0.9172166060046208,0.8181361265125138,0.6075243243885912,10.695579444000032,0.00475865733979534,8.911262401015847,0.0028341727543800483,1.7843170429841848,0.18162011073039902,True,True,False,0.3096922816160297,0.4161225542777931,A,0.7680956437771932
spi70,0.9650393817572688,0.38066085600763155,1.0623161611439536,0.7326142755284715,45.7503512975818,1.162619072451841e-10,44.951339995954186,2.0199193817564294e-11,0.7990113016276155,0.3713891385589799,True,True,False,-0.3519534195208399,0.3565465539677082,A,-0.39015848219353727
spi71,1.2764347674139827,0.5850386745035008,1.5158057216558203,0.26912331579694476,46.14009527362214,9.567657365675313e-11,42.65215304867888,6.539241163928263e-11,3.4879422249432537,0.06181738093267478,True,True,False,0.315915358706556,0.33445503256984743,B,1.3460086576565666
spi72,0.05,2.2536074017699073,0.05104091232080986,6.0,21.389687431204948,2.2661486244764036e-05,21.37593036104954,3.7748052849421627e-06,0.013757070155406836,0.9066298233623304,True,True,False,-3.7463925982300927,3.746476247351484,A,-0.5823109916080946
spi73,1.3243251223487018,0.6112029339405782,1.4897508157117079,0.49922191700040175,5.0693002870175405,0.07928945434308803,3.424183867216925,0.06424799191734683,1.6451164198006154,0.19962491792812892,False,False,False,0.11198101694017648,0.15113942332989844,A,0.8358721418860683
spi74,0.8126247281126722,1.913441161509539,0.7681436262100756,2.1085901424833757,1.7120009946956998,0.42485790915970434,1.5625233450628002,0.21129613620286147,0.14947764963289956,0.6990350355457089,False,False,False,-0.1951489809738367,0.20407898863851595,A,0.22818013764668338
spi75,0.13168903444833643,3.2235721173979255,0.2951424471621043,1.472004717309941,3.8627106713029207,0.14495160720914896,0.14272315317793982,0.7055886982548283,3.719987518124981,0.053764772888389205,False,False,False,1.7515674000879844,6.011073119168886,A,0.11229689974758059
spi76,0.05,-1.3452716904885529,0.05,2.3110151183774783,12.570950405919575,0.001863171374824384,12.570950381028524,0.0003917892879760224,2.48910509981215e-08,0.9998741185673384,True,True,False,-3.656286808866031,3.656286808866031,A,-0.4099453038955842
spi77,1.132426981366075,0.15719147119901783,1.191745846684039,0.14792138529554508,0.2931849919477827,0.863645844876666,0.03713029163191095,0.8472000168436726,0.25605470031587174,0.6128436778426751,False,False,False,0.009270085903472752,0.06142113444053668,A,0.5437952593404407
spi78,0.18926277220005128,6.0,0.16430969855577926,6.0,6.2198287803912535,0.04460477378278179,4.9521753126973636,0.026057861485449706,1.26765346769389,0.26020734974091253,False,True,False,0.0,1.1123747164862114,A,0.5150262466664073
spi79,0.7259437814525104,1.3872169414786262,1.0571574924905793,1.3280919630626387,28.319310454862716,7.088263750976082e-07,19.573394318162173,9.680798136832182e-06,8.745916136700544,0.003102961725903565,True,True,True,0.05912497841598752,0.6003262423036512,A,-0.22946369375960582
spi80,0.05,3.7715913304902657,0.05,3.859292605837972,0.007180527369200718,0.996416173605901,0.007180527369200718,0.9324696909474288,0.0,1.0,False,False,False,-0.08770127534770644,0.08770127534770644,A,0.024330255256292593
spi81,0.9382194473927566,0.9009070819331462,1.6257863946386502,0.7435783614667598,33.53327670597355,5.228071076207651e-08,3.937880911878892,0.047210212096424814,29.595395794094657,5.323123139925161e-08,True,False,True,0.15732872046638635,0.6385474319868475,A,0.21884517454313432
spi82,0.27798390311748217,1.9767959572960825,0.4452715760170511,1.0620443785814941,7.989118830919324,0.0184155582338736,4.289077452274796,0.038357973631077145,3.700041378644528,0.05441111860943731,True,False,False,0.9147515787145883,2.0255079823726714,A,0.39699685861857614
spi83,0.43439053524736393,-0.38259425186952367,0.5934590390961573,0.580819364845652,86.34686508412415,1.7783468998262733e-19,83.19163167518855,7.447231233795939e-20,3.155233408935601,0.07568386722933529,True,True,False,-0.9634136167151757,1.1985043508734015,A,-0.8838786975008204
spi84,0.8083278248387021,0.2695545459873829,1.2283264007250851,0.006183919284840871,37.673150173366594,6.597499741825135e-09,22.705783510566107,1.8879876648782797e-06,14.967366662800487,0.00010938661291719967,True,True,True,0.263370626702542,0.6267600140834197,A,0.9521109563810622
spi85,0.975090304046069,1.0295734288444998,0.9108732435767575,1.738154911286571,90.06795030939975,2.766897635002622e-20,89.77021344726381,2.6749137138863388e-21,0.29773686213593464,0.5853046957037271,True,True,False,-0.7085814824420713,0.708589497783897,A,-0.9455504532025024
spi86,0.05,-1.4095556227448764,0.051693519941623974,6.0,60.347076305282826,7.866813978551886e-14,60.31067272496148,8.10069789537897e-15,0.03640358032134827,0.8486844644095052,True,True,False,-7.409555622744876,7.409571698040632,A,-0.9023340721709973
spi87,0.23294805596242663,0.33516653201489754,0.14939427878796097,-0.1184052020617533,3.5624033492495073,0.16843562079608987,2.550308095815126,0.11027274953665502,1.0120952534343814,0.31440140390729765,False,False,False,0.45357173407665086,3.3497363240097675,A,0.34284936385711934
spi88,0.05,-2.6649122086877415,0.05,5.7436271535998715,66.07688197342213,4.483192517720601e-15,66.07688186215091,4.336726315191319e-16,1.1127121979370713e-07,0.9997338469312806,True,True,False,-8.408539362287613,8.408539362287613,A,-0.9804727680598727
spi89,1.5834594180070272,1.036328634537778,1.4913303498225092,0.7512583127297614,54.55298039945046,1.4255118129289972e-12,54.11188103674067,1.893926160445059e-13,0.44109936270979233,0.5065923165621846,True,True,False,0.2850703218080166,0.28512264958528843,C,1.6183627026409553
spi90,2.0738515093756873,0.8392736063059897,1.9031189744054187,0.8691561756651337,0.94719439803157,0.6227580496089585,0.0031207538704620674,0.9554503824878442,0.944073644161108,0.33123240190911385,False,False,False,-0.029882569359144018,0.06503036298518666,A,0.7065813271849501
spi91,0.7256131569186507,1.197008117955818,0.7941121619003076,1.7874542725749771,74.32724462178885,7.245091970292475e-17,73.93027690931922,8.092550082907886e-18,0.3969677124696318,0.5286594260374731,True,True,False,-0.5904461546191591,0.5920963440735536,A,-0.8685799129467927
spi92,0.5744595038755719,1.0224515519374426,0.6528710384495274,1.3580745594807546,25.238351722866355,3.307969961411192e-06,24.575365295953816,7.145945873628074e-07,0.6629864269125392,0.41550759795985814,True,True,False,-0.335623007543312,0.41214744352206245,A,-0.34710172934433314
spi93,0.805489669398247,1.8628928470479673,0.9055164322220423,1.886825421364782,6.694756167686137,0.03517646303390096,5.983950911708234,0.014436626760059383,0.7108052559779026,0.3991766159879304,True,True,False,-0.023932574316814614,0.1911573699889218,A,0.047189418480002965
spi94,0.4247397089937661,1.2296972635889123,0.42968069286350374,1.2190156485936778,0.003172001503116917,0.9984152562829931,6.477996794274077e-05,0.9935782153612862,0.003107221535174176,0.9555469761055395,False,False,False,0.010681614995234456,0.03857868915308764,A,0.25873332487792366
spi95,0.08588442295944962,6.0,0.13254538867826351,6.0,24.986457719562168,3.7519724868320013e-06,0.0,1.0,24.986457719562168,5.773440697500523e-07,True,False,True,0.0,5.682378449149323,A,-0.5543761711943793
spi96,0.6157822601527936,1.4007264037224894,0.5991021678236751,1.2825117277442053,2.574561290384736,0.2760203607390199,2.5434925371591817,0.11074956864091379,0.031068753225554246,0.8600870878126026,False,False,False,0.11821467597828406,0.12460282020374716,A,0.5476978782967322
spi97,1.4775385457423629,0.8785781309371617,1.802486356360647,1.097800347273045,57.90695523186878,2.6647988943503806e-13,53.63559969540802,2.4134623998996427e-13,4.27135553646076,0.038759998558095345,True,True,False,-0.21922221633588335,0.2566659505975772,A,-0.5102635799241171
spi98,0.07879183786821081,6.0,0.10222303049136447,6.0,6.578278970446263,0.03728592068104472,0.0,1.0,6.578278970446263,0.010323065609524344,False,False,True,0.0,4.03292242612735,A,-0.25520599419860185
spi99,0.10782436822395142,6.0,0.12114174585029948,6.0,2.0370760554869776,0.3611225055204338,0.0,1.0,2.0370760554869776,0.15350446624562136,False,False,False,0.0,1.4133945781847543,A,-0.12475388333198816
spi100,1.023530062713555,0.694159867556814,1.8037841412473008,0.583771117700836,36.96648455551622,9.393552589310197e-09,2.360637512356334,0.12443132914362638,34.60584704315988,4.036918920331589e-09,True,False,True,0.11038874985597802,0.5930648476537733,A,0.32315761765958845
spi101,0.10443484467151098,6.0,0.12006179527742213,6.0,2.816019990328641,0.24462961320659565,0.0,1.0,2.816019990328641,0.09332755663497572,False,False,False,0.0,1.7277441770009343,A,-0.1468744368540509
spi102,0.10998590084157565,6.0,0.09902779670390957,6.0,1.4184021054315963,0.49203715221148303,0.8649669889491634,0.35235243770602565,0.5534351164824329,0.45691749450222663,False,False,False,0.0,1.394751211637199,A,0.27266759760894743
spi103,0.8186612373502806,0.7496037338360013,1.0237274581465414,0.5541309931462689,6.844193773926236,0.03264391252764726,2.947383505634207,0.08601671823449097,3.896810268292029,0.048377876020941804,True,False,False,0.19547274068973242,0.37724775978034986,A,0.6314322347618198
spi104,0.07106516539542344,6.0,0.14063548770303266,6.0,55.46109775784862,9.052648166563559e-13,0.0,1.0,55.46109775784862,9.532699975512947e-14,True,False,True,0.0,9.650010310237146,A,-0.8787113300795728
spi105,0.08996322597704501,6.0,0.0729848786896664,5.583492226519514,5.768217340671981,0.05590459676130646,5.417635209705622,0.019934341637591384,0.3505821309663588,0.5537837847110425,False,True,False,0.41650777348048607,3.601455227744432,A,0.36935296654496064
spi106,0.16374387766872667,2.629684941670607,0.357245272265456,0.831127620785688,15.557965042156866,0.0004184377096373864,10.324715093862324,0.0013126052093829462,5.233249948294542,0.022159090920474633,True,True,False,1.7985573208849188,4.827247415488253,A,0.48078560209998994
spi107,0.6358736395117824,0.0365580461028991,1.1025508701774829,0.2825026039481914,35.11702973721549,2.3682845520038404e-08,14.162150539013965,0.00016771047329307049,20.954879198201525,4.702286707926804e-06,True,True,True,-0.2459445578452923,0.9453792245368904,A,-0.1059680979830801
spi108,0.2572789778870464,1.3636141792328647,0.4617615198964501,0.303171382638516,27.774089716680464,9.30964344620184e-07,22.088973247344256,2.603006820607595e-06,5.685116469336208,0.01710940382946294,True,True,False,1.0604427965943486,2.54692119090764,A,0.7096057869900512
spi109,0.05,4.160747404592383,0.05,-0.9840461543282693,24.890307989284338,3.93675414738297e-06,24.890307989284338,6.0686760354575e-07,0.0,1.0,True,True,False,5.144793558920653,5.144793558920653,A,0.655190758902485
spi110,1.3044852110650824,1.1187157985776661,1.741202425452579,1.0118454425914911,10.644486373421387,0.004881790665796022,1.7965513392118737,0.18012998093447835,8.847935034209513,0.002934206696247118,True,False,True,0.106870355986175,0.28120626831525797,A,0.33222957377689627
spi111,0.8999590831103401,-0.1917403804750627,1.1255485398032135,0.3719171977740412,100.1490714232641,1.7902160917903145e-22,95.74864306872769,1.30435872404259e-22,4.400428354536416,0.035929904847682825,True,True,False,-0.5636575782491039,0.597765089585432,A,-0.7495217517793703
spi112,0.05,4.485646907991167,0.09555117128205383,6.0,42.55964207825309,5.731801566455477e-10,17.15121323055064,3.4518886384555825e-05,25.408428847702453,4.638868335678137e-07,True,True,True,-1.5143530920088333,13.277558088690071,A,-0.7823491706644393
spi113,0.05,1.031309870886691,0.07682276966481913,6.0,65.35166206485883,6.442684895554052e-15,56.38774993610423,5.949990799782061e-14,8.9639121287546,0.0027536461382109663,True,True,True,-4.968690129113309,10.546343724009825,A,-0.9940378821065209
spi114,1.0768657126429098,0.933388440432022,1.4997976604121632,0.6993065306784834,14.156063811431522,0.0008434314686305254,2.7570899244819884,0.09682421756825806,11.398973886949534,0.0007348468443209526,True,False,True,0.2340819097535386,0.4136785605621385,A,0.7219352999562445
spi115,1.6673285090591081,0.9659067923035443,1.7012771181695263,0.7951644991024301,16.155017685356142,0.0003104434363725935,16.1047914524097,5.993221182756853e-05,0.050226232946442906,0.822670078227391,True,True,False,0.17074229320111411,0.17074230844947097,B,1.2234096914773505
spi116,1.1642167619715955,0.4376764415304285,1.564897096948436,0.5203771170341841,20.28761542369466,3.93188027571769e-05,10.491689589529415,0.0011991266615901555,9.795925834165246,0.001748989317877264,True,True,True,-0.0827006755037556,0.3126127018134621,A,0.1342880886292515
spi117,0.35514353748208166,0.36214321552327616,0.4995620926782747,-0.14315964466477993,20.53436466657149,3.475516606416864e-05,17.78761154571839,2.4698618518193375e-05,2.7467531208531,0.09745214169392481,True,True,False,0.505302860188056,1.205647150249718,A,0.725678089692114
spi118,0.15996916218462054,1.9825254718925738,0.14251776029154306,4.01598854136349,23.757384032527625,6.936647174404256e-06,23.71598448815348,1.116513479998955e-06,0.04139954437414417,0.8387686453452005,True,True,False,-2.0334630694709164,2.13731957959619,A,-0.5015131046481597
spi119,0.07378577217736414,1.7066372528906573,0.05,4.288476264070251,4.2137751574700815,0.12161589789409649,3.1853354185222997,0.0743017469534899,1.0284397389477817,0.3105254100184126,False,False,False,-2.5818390111795937,9.194557843653323,A,-0.16755443555552393
spi120,0.3889798929129673,0.06916369428601599,0.31595195994836406,0.3431619970271056,3.9358622710351483,0.1397456722092654,3.2032396713693743,0.0734925554359723,0.732622599665774,0.39203442051571924,False,False,False,-0.2739983027410896,0.8550616711984855,A,0.022919766618470123
spi121,0.7838174505868887,0.17624301570543977,0.9073180292561859,0.07785788224597963,3.903418284324289,0.14203111265700383,2.4283633165687206,0.11915725100502005,1.4750549677555682,0.22454982412583457,False,False,False,0.09838513345946014,0.25449340322997216,A,0.5554969681412111
spi122,0.175559345983357,5.264397262950858,0.2672461615931346,5.275926627335751,58.179785357824585,2.3249848665567847e-13,28.193102514604107,1.0979513924776056e-07,29.98668284322048,4.350237160021654e-08,True,True,True,-0.011529364384892382,2.709128728339984,A,-0.9843092124055489
spi123,0.09757587621588033,6.0,0.12302437816083914,6.0,7.4718253266692045,0.023851392840438815,0.0,1.0,7.4718253266692045,0.006267197796820677,True,False,True,0.0,2.9388948003843294,A,-0.2754947146730732
spi124,0.22496573340288442,1.2650435866347813,0.2629569596865781,-0.3068131684403588,51.40216808082914,6.889076736329576e-12,51.19749257317744,8.352524934430514e-13,0.20467550765170017,0.6509730873779924,True,True,False,1.57185675507514,1.6784221987002346,B,1.0454409889615623
spi125,0.6472187717202315,1.5874482980843312,0.6352997605713899,1.0943722975849965,33.99150117608224,4.157567451105003e-08,33.97569383212249,5.58048605659788e-09,0.015807343959750142,0.8999478225617632,True,True,False,0.49307600049933464,0.4930760028756618,B,1.0737382704242466
spi126,0.8049847445383439,0.6347439673930473,0.9319201658265185,0.9123219505368003,29.956489846132172,3.126301660715633e-07,28.460774356855836,9.561617264016234e-08,1.4957154892763356,0.22133178256898223,True,True,False,-0.27757798314375304,0.33755003467606837,A,-0.2690086219192772
spi127,0.22273890413376432,4.225762113350897,0.35488694476490357,2.7174329109713433,2.0701078433557996,0.35520722703886726,0.016938142871367745,0.8964504257993116,2.053169700484432,0.1518896796072816,False,False,False,1.5083292023795538,2.646823846729515,A,0.17422008970598082
spi128,0.22179590206184296,0.7426986974684101,0.2161452097797321,1.5471409407352879,10.7073413170001,0.0047307541071446215,10.702767996612238,0.0010697536515918151,0.004573320387862623,0.9460830957803714,True,True,False,-0.8044422432668777,0.8046982239816534,A,-0.2608075992474473
spi129,0.07658645284957313,6.0,0.1116670186138182,6.0,14.600049917360593,0.0006755219148479336,0.0,1.0,14.600049917360593,0.0001329110232442982,True,False,True,0.0,5.686501644806382,A,-0.3581841437957512
spi130,1.864993032660537,0.8464580032258823,1.6171017781439303,0.8685700812240681,3.1908088622658397,0.202826482568566,0.8731845827205689,0.3500751876452143,2.317624279545271,0.12791525723999977,False,False,False,-0.02211207799818582,0.11542946887066655,A,0.8189563773527089
spi131,0.33229030397913145,1.715894411465328,0.7042982524467369,1.211900015621884,27.514705913039506,1.059882021485798e-06,11.767247344832867,0.0006028205713631878,15.747458568206639,7.238511788450437e-05,True,True,True,0.5039943958434441,2.2433866794242316,A,-0.23936257801722344
spi132,0.3969644787100456,2.112886154046807,0.4538700177617643,1.254146606678162,27.172731564154674,1.257524084996338e-06,26.761470006262243,2.3018137943064604e-07,0.4112615578924306,0.5213298819740912,True,True,False,0.858739547368645,0.8990822344124523,A,0.8735704388045009
spi133,0.38904965107587525,0.5299842992142776,0.537818898323308,0.6520293571362128,7.6879360808379715,0.021408482854693146,4.845606028466136,0.027716651539898225,2.8423300523718353,0.09181099173788604,True,False,False,-0.12204505792193521,0.9908918034210723,A,-0.03751567309276397
