n_items,n_anchors,dif_rate_total,dif_rate_uniform,dif_rate_nonuniform,focal_mu,focal_sigma,mean_abs_signed_area,purified,purify_status,seed,n_foc,n_ref,ets_BC_rate,contrast
25,11,0.56,0.52,0.12,0.2660382949922079,0.7907310030831308,1.9904613713192623,True,converged,756100,300,919,0.36,bfi:gender
25,16,0.36,0.44,0.04,0.18248975314911145,0.9641806220898398,1.6319802513158583,True,converged,756101,300,919,0.28,bfi:gender
25,11,0.56,0.56,0.08,0.3473493178884905,0.6245510242944278,1.8321088817380151,True,converged,756102,300,919,0.4,bfi:gender
25,12,0.52,0.64,0.16,0.3278137529347519,0.7530556236886106,1.5327009865210044,True,converged,756103,300,919,0.32,bfi:gender
25,15,0.4,0.44,0.08,0.31154725455561205,0.90180714756089,1.8617554928997897,True,converged,756104,300,919,0.36,bfi:gender
25,14,0.44,0.48,0.04,0.1556451594915696,1.010679242272724,1.6967927967621643,True,converged,756105,300,919,0.36,bfi:gender
25,15,0.4,0.44,0.0,0.07862902597293762,0.8678536932242418,1.7663864105320477,True,converged,756106,300,919,0.36,bfi:gender
25,15,0.4,0.44,0.08,0.17263081244529457,0.8930550167627122,1.9150577377164146,True,converged,756107,300,919,0.4,bfi:gender
25,14,0.44,0.44,0.16,0.06700322272237524,0.8513014469934373,1.7877966818032525,True,converged,756108,300,919,0.36,bfi:gender
25,15,0.4,0.4,0.08,0.15271573277070205,0.7534691770918699,2.164414568293676,True,converged,756109,300,919,0.28,bfi:gender
25,13,0.48,0.56,0.04,0.30907409590447377,0.8499026547455789,1.6021638194703416,True,converged,756110,300,919,0.4,bfi:gender
25,14,0.44,0.48,0.08,0.2929943777299608,0.9152909722526081,1.7257356455497554,True,converged,756111,300,919,0.44,bfi:gender
25,15,0.4,0.44,0.04,0.301381644052938,0.8034671088528076,1.7487282360194525,True,converged,756112,300,919,0.4,bfi:gender
25,14,0.44,0.44,0.08,0.24081347425398902,0.9831975770324604,1.6035025043281053,True,converged,756113,300,919,0.44,bfi:gender
25,11,0.56,0.64,0.12,0.35551323519302735,0.7177490938666372,1.7751777496443706,True,converged,756114,300,919,0.44,bfi:gender
25,14,0.44,0.48,0.04,0.3791556348338526,0.7344829852540405,2.0027142342739324,True,converged,756115,300,919,0.32,bfi:gender
25,14,0.44,0.48,0.08,0.26159231026375984,0.979615121823563,1.7382424053327268,True,converged,756116,300,919,0.4,bfi:gender
25,18,0.28,0.4,0.04,0.26361027517829183,0.8598822532022727,1.6286200832551077,True,converged,756117,300,919,0.2,bfi:gender
25,17,0.32,0.44,0.04,0.1895021502709846,0.8716211581908971,1.5752935888502708,True,converged,756118,300,919,0.24,bfi:gender
25,15,0.4,0.48,0.0,0.1597475661307419,0.8718543470617234,1.698438761708257,True,converged,756119,300,919,0.36,bfi:gender
25,13,0.48,0.56,0.08,0.4338830918607487,0.7916117451044458,1.5121468965924418,False,capped,756120,300,919,0.36,bfi:gender
25,13,0.48,0.52,0.04,0.22250710861499207,0.8999045537504743,2.174914046210989,True,converged,756121,300,919,0.36,bfi:gender
25,13,0.48,0.52,0.0,0.06127084220317901,0.9776339822741112,1.6781441982194725,True,converged,756122,300,919,0.32,bfi:gender
25,15,0.4,0.36,0.04,0.14574909337902642,0.7715323257403158,1.6212447610490304,True,converged,756123,300,919,0.36,bfi:gender
25,12,0.52,0.56,0.0,0.1658383098658452,0.8350001002766384,1.776447572643625,True,converged,756124,300,919,0.4,bfi:gender
25,12,0.52,0.56,0.0,0.19970580737348442,0.8582017392217719,1.744411818734431,True,converged,756125,300,919,0.44,bfi:gender
25,14,0.44,0.48,0.12,0.16380506061132488,1.083556272392796,1.5996251790861384,True,converged,756126,300,919,0.32,bfi:gender
25,12,0.52,0.52,0.08,0.15078387730987414,0.9940161741853853,1.7538599058527746,True,converged,756127,300,919,0.4,bfi:gender
25,15,0.4,0.44,0.0,0.3274221152643233,0.8989836392570988,1.7021454541736885,True,converged,756128,300,919,0.4,bfi:gender
25,14,0.44,0.44,0.08,0.2923488491449253,0.8212900041358451,1.5491537265920778,True,converged,756129,300,919,0.4,bfi:gender
25,15,0.4,0.48,0.08,-0.02682410039646611,0.9275651930175439,2.053659195373146,True,converged,756130,300,919,0.36,bfi:gender
25,11,0.44,0.48,0.04,0.13089518397593286,0.9326525963192156,1.8419544196696283,False,cycled,756131,300,919,0.4,bfi:gender
25,15,0.4,0.48,0.12,-0.03309243923748076,0.9858299695898933,1.827226505966401,True,converged,756132,300,919,0.28,bfi:gender
25,12,0.52,0.6,0.08,0.3416493912080778,0.9022801287543825,1.7042816863410168,False,cycled,756133,300,919,0.32,bfi:gender
25,15,0.4,0.48,0.04,0.43636507377594336,0.8932860517751356,1.566217893838154,True,converged,756134,300,919,0.44,bfi:gender
25,13,0.48,0.48,0.04,0.06175020863568911,0.9650959702201964,1.568449331855636,True,converged,756135,300,919,0.44,bfi:gender
25,13,0.48,0.48,0.08,0.11356747281075304,0.9443650253260769,1.5119732482193948,True,converged,756136,300,919,0.36,bfi:gender
25,13,0.48,0.44,0.04,0.06270982568585509,0.872028879037054,1.4575193935976996,False,capped,756137,300,919,0.36,bfi:gender
25,13,0.48,0.52,0.08,0.11958319067820851,0.7996310511385027,1.5484097608007175,False,capped,756138,300,919,0.36,bfi:gender
25,14,0.44,0.48,0.2,0.08483075999046594,1.0341830062908437,1.8530752725550292,False,capped,756139,300,919,0.36,bfi:gender
134,75,0.44029850746268656,0.40298507462686567,0.07462686567164178,-0.09923617563695726,0.7458501497304761,1.3201929035094955,False,capped,706700,300,1598,0.3208955223880597,spi:sex
134,79,0.41044776119402987,0.3880597014925373,0.05970149253731343,0.010753994512287679,0.7342136268777123,1.3468296151380248,False,capped,706701,300,1598,0.23134328358208955,spi:sex
134,74,0.44776119402985076,0.41044776119402987,0.1044776119402985,-0.07354590526916613,0.7910393487248126,1.22010454507618,False,capped,706702,300,1598,0.34328358208955223,spi:sex
134,60,0.5522388059701493,0.5373134328358209,0.12686567164179105,0.09214772346967699,0.9011295319446482,1.2362933229892346,True,converged,706703,300,1598,0.291044776119403,spi:sex
134,71,0.4701492537313433,0.44776119402985076,0.11940298507462686,0.08663384890966491,0.8732917183017928,1.3771586129310573,True,converged,706704,300,1598,0.30597014925373134,spi:sex
134,78,0.417910447761194,0.3880597014925373,0.07462686567164178,-0.11541128136874831,0.7924541663043846,1.3605427398474217,True,converged,706705,300,1598,0.2835820895522388,spi:sex
134,68,0.4925373134328358,0.47761194029850745,0.11194029850746269,0.10164868343169886,0.8710047366538615,1.2752757718909966,True,converged,706706,300,1598,0.30597014925373134,spi:sex
134,71,0.4701492537313433,0.4626865671641791,0.06716417910447761,0.05196236963334436,0.8272412586218523,1.374421213225899,False,capped,706707,300,1598,0.3283582089552239,spi:sex
134,72,0.4626865671641791,0.44029850746268656,0.06716417910447761,-0.014105656304791159,0.8099274465042852,1.5479656048175425,False,capped,706708,300,1598,0.3208955223880597,spi:sex
134,76,0.43283582089552236,0.3880597014925373,0.1044776119402985,0.1422512238591741,0.8665341654063117,1.2856627610572633,False,capped,706709,300,1598,0.291044776119403,spi:sex
134,58,0.5597014925373134,0.5223880597014925,0.05970149253731343,-0.013229239912858763,0.8244564673967634,1.35798663613744,False,cycled,706710,300,1598,0.31343283582089554,spi:sex
134,63,0.5298507462686567,0.4701492537313433,0.09701492537313433,0.10741234175070156,0.7980461417691305,1.4435421539176965,False,capped,706711,300,1598,0.3656716417910448,spi:sex
134,77,0.4253731343283582,0.417910447761194,0.07462686567164178,-0.0684009653470711,0.8247086718331373,1.1574648687414182,False,capped,706712,300,1598,0.26119402985074625,spi:sex
134,79,0.41044776119402987,0.3880597014925373,0.014925373134328358,-0.09901045017443838,0.8121709869287976,1.3747877042984709,False,capped,706713,300,1598,0.30597014925373134,spi:sex
134,67,0.5,0.5149253731343284,0.04477611940298507,-0.053176674980497406,0.8244893231339074,1.332363149741059,True,converged,706714,300,1598,0.3283582089552239,spi:sex
134,73,0.4552238805970149,0.4552238805970149,0.05970149253731343,-0.03257817757545637,0.7900468960841113,1.2817145600426736,False,capped,706715,300,1598,0.3582089552238806,spi:sex
134,68,0.4925373134328358,0.43283582089552236,0.1044776119402985,0.1719018310233633,0.9620513551658397,1.2525501967667552,True,converged,706716,300,1598,0.291044776119403,spi:sex
134,74,0.44776119402985076,0.4626865671641791,0.03731343283582089,-0.10218425629949607,0.7867818516995805,1.2534003775257632,True,converged,706717,300,1598,0.30597014925373134,spi:sex
134,55,0.5895522388059702,0.5,0.06716417910447761,0.07477487850011882,0.8486440505471471,1.4211169739894156,True,converged,706718,300,1598,0.3283582089552239,spi:sex
134,80,0.40298507462686567,0.4253731343283582,0.04477611940298507,-0.08528501041286364,0.8546643037913719,1.2710485647994998,False,capped,706719,300,1598,0.291044776119403,spi:sex
134,63,0.5298507462686567,0.5149253731343284,0.07462686567164178,-0.07742431760264687,0.7517366131313835,1.5116270670434468,False,capped,706720,300,1598,0.34328358208955223,spi:sex
134,70,0.47761194029850745,0.4626865671641791,0.12686567164179105,0.0874497927639738,0.8865342314993515,1.3303141105234373,False,capped,706721,300,1598,0.30597014925373134,spi:sex
134,65,0.5149253731343284,0.44029850746268656,0.11194029850746269,0.005530573924665466,0.880983531585323,1.1553429827942732,False,capped,706722,300,1598,0.26119402985074625,spi:sex
134,89,0.3358208955223881,0.35074626865671643,0.03731343283582089,-0.0864044914821134,0.7690769376740993,1.136729128635652,True,converged,706723,300,1598,0.2537313432835821,spi:sex
134,86,0.3582089552238806,0.3880597014925373,0.04477611940298507,-0.06303208486741596,0.7671347262069397,1.2758605944479295,True,converged,706724,300,1598,0.23880597014925373,spi:sex
134,78,0.417910447761194,0.43283582089552236,0.05970149253731343,-0.04584367984807497,0.7179515737571585,1.2874184173343253,False,capped,706725,300,1598,0.29850746268656714,spi:sex
134,79,0.41044776119402987,0.40298507462686567,0.03731343283582089,-0.030016110098361973,0.8288763465380465,1.2635326523317445,True,converged,706726,300,1598,0.23134328358208955,spi:sex
134,78,0.417910447761194,0.44029850746268656,0.05223880597014925,-0.07561744731605671,0.7555085802108108,1.3038271579661036,True,converged,706727,300,1598,0.29850746268656714,spi:sex
134,61,0.5447761194029851,0.47761194029850745,0.11194029850746269,0.10823259779381766,0.77321097933877,1.4155345196420885,False,capped,706728,300,1598,0.40298507462686567,spi:sex
134,72,0.4626865671641791,0.4253731343283582,0.05970149253731343,-0.01992925551708153,0.7031259255995462,1.2319070732633717,False,capped,706729,300,1598,0.29850746268656714,spi:sex
134,80,0.373134328358209,0.373134328358209,0.05223880597014925,-0.045774685702929314,0.746541246393798,1.1933053522009411,False,cycled,706730,300,1598,0.23880597014925373,spi:sex
134,69,0.48507462686567165,0.5074626865671642,0.03731343283582089,0.013685983822254267,0.7492420894544255,1.3115685364422014,True,converged,706731,300,1598,0.3805970149253731,spi:sex
134,76,0.43283582089552236,0.39552238805970147,0.05970149253731343,-0.04021366604708874,0.7919036897601618,1.2234276526207242,True,converged,706732,300,1598,0.3208955223880597,spi:sex
134,63,0.5298507462686567,0.4925373134328358,0.1044776119402985,0.05961551975448735,0.8309076638028611,1.3277239155048601,False,capped,706733,300,1598,0.31343283582089554,spi:sex
134,68,0.4925373134328358,0.4626865671641791,0.06716417910447761,-0.0673166521964008,0.7187375262599573,1.1021100519356974,True,converged,706734,300,1598,0.29850746268656714,spi:sex
134,77,0.4253731343283582,0.4701492537313433,0.05970149253731343,0.0497838215210605,0.9101253056974126,1.2618943796304583,True,converged,706735,300,1598,0.291044776119403,spi:sex
134,75,0.44029850746268656,0.4552238805970149,0.03731343283582089,-0.19958802286914787,0.7677504181665704,1.3873470900763467,True,converged,706736,300,1598,0.373134328358209,spi:sex
134,65,0.5149253731343284,0.4552238805970149,0.12686567164179105,0.1401319704455077,0.9552984061426442,1.3562685871017204,True,converged,706737,300,1598,0.3283582089552239,spi:sex
134,67,0.5,0.47761194029850745,0.07462686567164178,0.12800902990534266,0.840243115489897,1.4852791836642418,True,converged,706738,300,1598,0.291044776119403,spi:sex
134,70,0.47761194029850745,0.44776119402985076,0.05223880597014925,-0.05250188436192172,0.7676076798007628,1.4020353500466645,False,capped,706739,300,1598,0.3208955223880597,spi:sex
